mar_rolling_xg,mar_rolling_shots,mar_rolling_goals,mar_rolling_passes,mar_rolling_passes_completed,mar_rolling_progressive,mar_rolling_key_passes,mar_rolling_pressures,mar_rolling_under_pressure,mar_rolling_dribbles,mar_rolling_dribbles_comp,mar_pass_completion_rate,mar_pass_completion_under_pressure,mar_xg_rate,mar_shot_rate,mar_pressure_intensity,mar_progressive_pass_rate,mar_dribble_success_rate,mar_territory_mean_x,mar_cumulative_xg,mar_cumulative_shots,mar_pass_completion_delta,minute,opp_rolling_xg,opp_rolling_shots,opp_rolling_goals,opp_rolling_passes,opp_rolling_passes_completed,opp_rolling_progressive,opp_rolling_key_passes,opp_rolling_pressures,opp_rolling_under_pressure,opp_rolling_dribbles,opp_rolling_dribbles_comp,opp_pass_completion_rate,opp_pass_completion_under_pressure,opp_xg_rate,opp_shot_rate,opp_pressure_intensity,opp_progressive_pass_rate,opp_dribble_success_rate,opp_territory_mean_x,opp_cumulative_xg,opp_cumulative_shots,opp_pass_completion_delta,xg_diff,territory_diff,momentum_index,mar_score,opp_score,score_diff,time_remaining_proxy,match_id,opponent,stage,cluster,cluster_label,pca_x,pca_y
0.0,0.0,0.0,10.0,9.0,1.0,0.0,0.0,5.0,0.0,0.0,0.9,0.5,0.0,0.0,0.0,0.1,,57.57666666666667,0.0,0,0.0004312169394806,0,0.0,0.0,0.0,2.0,1.0,0.0,0.0,2.0,0.0,0.0,0.0,0.5,,0.0,0.0,0.1333333333333333,0.0,,24.685714285714287,0.0,0,-0.2931221656517958,0.0,32.890952380952385,0.0333333333333333,0,0,0,90,3920394,Tanzania,Group Stage,2,Chasing_Game,-1.582380098212485,2.410798401913386
0.0,0.0,0.0,17.0,15.0,4.0,0.0,2.0,8.0,0.0,0.0,0.8823529411764706,0.6666666666666666,0.0,0.0,0.1333333333333333,0.2352941176470588,,53.29485507246377,0.0,0,-0.0172158418840487,1,0.0,0.0,0.0,11.0,8.0,3.0,0.0,4.0,5.0,0.0,0.0,0.7272727272727273,1.0,0.0,0.0,0.2666666666666666,0.2727272727272727,,31.15952380952381,0.0,0,-0.0658494383790685,0.0,22.13533126293996,0.1686274509803921,0,0,0,89,3920394,Tanzania,Group Stage,2,Chasing_Game,-0.9563141900132597,1.5992148657360226
0.0,0.0,0.0,20.0,17.0,6.0,0.0,10.0,8.0,0.0,0.0,0.85,0.6666666666666666,0.0,0.0,0.6666666666666666,0.3,,56.22639460971269,0.0,0,-0.0495687830605193,2,0.0,0.0,0.0,24.0,18.0,8.0,0.0,4.0,16.0,0.0,0.0,0.75,0.6666666666666666,0.0,0.0,0.2666666666666666,0.3333333333333333,,36.5113492063492,0.0,0,-0.0431221656517958,0.0,19.71504540336349,0.5,0,0,0,88,3920394,Tanzania,Group Stage,2,Chasing_Game,-0.20469266438811895,0.6400897774553337
0.0,0.0,0.0,20.0,17.0,6.0,0.0,10.0,10.0,0.0,0.0,0.85,0.6666666666666666,0.0,0.0,0.6666666666666666,0.3,,44.50729595728452,0.0,0,-0.0495687830605193,3,0.0,0.0,0.0,28.0,20.0,9.0,0.0,4.0,16.0,0.0,0.0,0.7142857142857143,0.6666666666666666,0.0,0.0,0.2666666666666666,0.3214285714285714,,51.550178571428575,0.0,0,-0.0788364513660815,0.0,-7.042882614144055,0.5,0,0,0,87,3920394,Tanzania,Group Stage,2,Chasing_Game,0.9029064089370809,1.1555820849255627
0.0,0.0,0.0,20.0,17.0,6.0,0.0,10.0,10.0,0.0,0.0,0.85,0.6666666666666666,0.0,0.0,0.6666666666666666,0.3,,37.475836765827616,0.0,0,-0.0495687830605193,4,0.0,0.0,0.0,28.0,20.0,9.0,0.0,4.0,16.0,0.0,0.0,0.7142857142857143,0.6666666666666666,0.0,0.0,0.2666666666666666,0.3214285714285714,,60.573476190476185,0.0,0,-0.0788364513660815,0.0,-23.09763942464857,0.5,0,0,0,86,3920394,Tanzania,Group Stage,2,Chasing_Game,1.5632844093953984,1.4495977657770474
0.0,0.0,0.0,25.0,22.0,8.0,0.0,13.0,10.0,0.0,0.0,0.88,0.6666666666666666,0.0,0.0,0.8666666666666667,0.32,,39.00442537503178,0.0,0,-0.0195687830605193,5,0.0,0.0,0.0,34.0,25.0,10.0,0.0,4.0,21.0,0.0,0.0,0.7352941176470589,0.7142857142857143,0.0,0.0,0.2666666666666666,0.2941176470588235,,56.82893849206349,0.0,0,-0.0578280480047369,0.0,-17.824513117031714,0.6200000000000001,0,0,0,85,3920394,Tanzania,Group Stage,2,Chasing_Game,1.343170524542332,1.507003193219628
0.0,0.0,0.0,34.0,30.0,12.0,0.0,16.0,16.0,0.0,0.0,0.8823529411764706,0.8333333333333334,0.0,0.0,1.0666666666666669,0.3529411764705882,,39.68014785840163,0.0,0,-0.0172158418840487,6,0.0,0.0,0.0,39.0,29.0,11.0,0.0,7.0,29.0,0.0,0.0,0.7435897435897436,0.8,0.0,0.0,0.4666666666666667,0.282051282051282,,53.32837585034014,0.0,0,-0.0495324220620522,0.0,-13.648227991938503,0.6529411764705881,0,0,0,84,3920394,Tanzania,Group Stage,2,Chasing_Game,1.1545256419823078,1.5617488501518828
0.0,0.0,0.0,42.0,38.0,17.0,0.0,18.0,23.0,1.0,0.0,0.9047619047619048,0.875,0.0,0.0,1.2,0.4047619047619047,0.0,42.15807580467285,0.0,0,0.0051931217013854,7,0.0,0.0,0.0,50.0,38.0,16.0,0.0,10.0,33.0,0.0,0.0,0.76,0.7272727272727273,0.0,0.0,0.6666666666666666,0.32,,50.08732886904762,0.0,0,-0.0331221656517958,0.0,-7.92925306437477,0.6714285714285715,0,0,0,83,3920394,Tanzania,Group Stage,2,Chasing_Game,0.861694111986669,1.515049263036746
0.19486658,1.0,0.0,58.0,54.0,21.0,1.0,19.0,29.0,1.0,0.0,0.9310344827586208,0.875,0.0129911053333333,0.0666666666666666,1.2666666666666666,0.3620689655172414,0.0,46.297201168779495,0.19486658,1,0.0314656996981013,8,0.0,0.0,0.0,53.0,40.0,17.0,0.0,14.0,39.0,0.0,0.0,0.7547169811320755,0.75,0.0,0.0,0.9333333333333332,0.320754716981132,,47.00818121693121,0.0,0,-0.0384051845197203,0.19486658,-0.7109800481517183,0.5547178428505747,0,0,0,82,3920394,Tanzania,Group Stage,2,Chasing_Game,-0.243271628766963,1.6307027648348766
0.19486658,1.0,0.0,58.0,54.0,21.0,1.0,19.0,29.0,1.0,0.0,0.9310344827586208,0.875,0.0129911053333333,0.0666666666666666,1.2666666666666666,0.3620689655172414,0.0,49.608501460064815,0.19486658,1,0.0314656996981013,9,0.0,0.0,0.0,61.0,48.0,19.0,0.0,14.0,39.0,0.0,0.0,0.7868852459016393,0.75,0.0,0.0,0.9333333333333332,0.3114754098360656,,45.11641071428571,0.0,0,-0.0062369197501565,0.19486658,4.492090745779102,0.5547178428505747,0,0,0,81,3920394,Tanzania,Group Stage,2,Chasing_Game,-0.44397496052527996,1.5223056466857237
0.19486658,1.0,0.0,65.0,60.0,23.0,1.0,22.0,36.0,2.0,0.0,0.9230769230769232,0.8888888888888888,0.0129911053333333,0.0666666666666666,1.4666666666666666,0.3538461538461538,0.0,52.399823461719,0.19486658,1,0.0235081400164037,10,0.0,0.0,0.0,67.0,53.0,20.0,0.0,17.0,47.0,0.0,0.0,0.7910447761194029,0.7857142857142857,0.0,0.0,1.1333333333333333,0.2985074626865671,,43.23878246753247,0.0,0,-0.0020773895323928,0.19486658,9.161040994186536,0.5464950311794872,0,0,0,80,3920394,Tanzania,Group Stage,2,Chasing_Game,-0.5736744422203602,1.491067891320198
0.19486658,1.0,0.0,68.0,63.0,25.0,1.0,25.0,37.0,2.0,0.0,0.9264705882352942,0.8888888888888888,0.0129911053333333,0.0666666666666666,1.6666666666666667,0.3676470588235294,0.0,55.56913641885645,0.19486658,1,0.0269018051747748,11,0.0,0.0,0.0,71.0,56.0,20.0,0.0,17.0,57.0,0.0,0.0,0.7887323943661971,0.75,0.0,0.0,1.1333333333333333,0.2816901408450704,,40.508988095238095,0.0,0,-0.0043897712855986,0.19486658,15.060148323618357,0.6602959361568628,0,0,0,79,3920394,Tanzania,Group Stage,2,Chasing_Game,-0.670779709632641,1.266543116251004
0.19486658,1.0,0.0,73.0,67.0,26.0,1.0,25.0,40.0,2.0,0.0,0.9178082191780822,0.8,0.0129911053333333,0.0666666666666666,1.6666666666666667,0.3561643835616438,0.0,52.83356182253416,0.19486658,1,0.0182394361175628,12,0.0,0.0,0.0,74.0,58.0,21.0,0.0,18.0,58.0,0.0,0.0,0.7837837837837838,0.75,0.0,0.0,1.2,0.2837837837837837,,40.76494005994006,0.0,0,-0.009338381868012,0.19486658,12.068621762594098,0.6154799275616439,0,0,0,78,3920394,Tanzania,Group Stage,2,Chasing_Game,-0.47595011721553965,1.2399481618467227
0.19486658,1.0,0.0,73.0,67.0,26.0,1.0,27.0,41.0,2.0,0.0,0.9178082191780822,0.8,0.0129911053333333,0.0666666666666666,1.8,0.3561643835616438,0.0,55.45735502568648,0.19486658,1,0.0182394361175628,13,0.0,0.0,0.0,90.0,74.0,22.0,0.0,18.0,62.0,1.0,0.0,0.8222222222222222,0.7647058823529411,0.0,0.0,1.2,0.2444444444444444,0.0,40.175347076935225,0.0,0,0.0291000565704263,0.19486658,15.282007948751255,0.6821465942283106,0,0,0,77,3920394,Tanzania,Group Stage,2,Chasing_Game,-0.49953668252116434,1.1551908383123601
0.19486658,1.0,0.0,86.0,79.0,29.0,1.0,29.0,47.0,2.0,0.0,0.9186046511627908,0.8333333333333334,0.0129911053333333,0.0666666666666666,1.9333333333333331,0.3372093023255814,0.0,54.50903523327637,0.19486658,1,0.0190358681022713,14,0.0,0.0,0.0,95.0,77.0,24.0,0.0,20.0,66.0,1.0,0.0,0.8105263157894737,0.7777777777777778,0.0,0.0,1.3333333333333333,0.2526315789473684,0.0,40.97593797356059,0.0,0,0.0174041501376778,0.19486658,13.53309725971578,0.663191512992248,0,0,0,76,3920394,Tanzania,Group Stage,2,Chasing_Game,-0.5002720265300828,1.3649923740733612
0.19486658,1.0,0.0,77.0,71.0,29.0,1.0,34.0,45.0,2.0,0.0,0.922077922077922,0.9,0.0129911053333333,0.0666666666666666,2.2666666666666666,0.3766233766233766,0.0,55.46688708512822,0.19486658,1,0.0225091390174027,15,0.0,0.0,0.0,116.0,99.0,28.0,0.0,19.0,77.0,1.0,0.0,0.853448275862069,0.8181818181818182,0.0,0.0,1.2666666666666666,0.2413793103448276,0.0,41.61191523013486,0.0,0,0.0603261102102731,0.19486658,13.85497185499336,0.9026055872900434,0,0,0,75,3920394,Tanzania,Group Stage,2,Chasing_Game,-0.25707326643651934,1.0731832002803006
0.19486658,1.0,0.0,81.0,76.0,27.0,1.0,32.0,44.0,2.0,0.0,0.9382716049382716,0.9,0.0129911053333333,0.0666666666666666,2.1333333333333333,0.3333333333333333,0.0,55.96693706014072,0.19486658,1,0.0387028218777522,16,0.0,0.0,0.0,109.0,93.0,26.0,0.0,18.0,72.0,1.0,0.0,0.8532110091743119,0.8,0.0,0.0,1.2,0.2385321100917431,0.0,41.86219300791264,0.0,0,0.060088843522516,0.19486658,14.104744052228078,0.8259822106666667,0,0,0,74,3920394,Tanzania,Group Stage,2,Chasing_Game,-0.5412026871072718,1.4463986492920893
0.19486658,1.0,0.0,94.0,88.0,30.0,1.0,24.0,56.0,2.0,0.0,0.9361702127659576,0.9333333333333332,0.0129911053333333,0.0666666666666666,1.6,0.3191489361702128,0.0,57.078749925637794,0.19486658,1,0.0366014297054381,17,0.0,0.0,0.0,98.0,83.0,22.0,0.0,23.0,63.0,1.0,0.0,0.8469387755102041,0.875,0.0,0.0,1.5333333333333334,0.2244897959183673,0.0,40.34577634124597,0.0,0,0.0538166098584083,0.19486658,16.73297358439182,0.3784644801702127,0,0,0,73,3920394,Tanzania,Group Stage,2,Chasing_Game,-1.1074773876740667,1.9787161734423686
0.19486658,1.0,0.0,109.0,101.0,31.0,1.0,26.0,70.0,3.0,0.0,0.926605504587156,0.8947368421052632,0.0129911053333333,0.0666666666666666,1.7333333333333334,0.2844036697247706,0.0,62.30470230659018,0.19486658,1,0.0270367215266366,18,0.0,0.0,0.0,97.0,82.0,22.0,0.0,30.0,70.0,1.0,0.0,0.845360824742268,0.7777777777777778,0.0,0.0,2.0,0.2268041237113402,0.0,35.0439985634682,0.0,0,0.0522386590904722,0.19486658,27.26070374312198,0.1770525470581039,0,0,0,72,3920394,Tanzania,Group Stage,2,Chasing_Game,-1.6508389827579724,2.1250054444093722
0.19486658,1.0,0.0,121.0,111.0,37.0,1.0,27.0,81.0,4.0,0.0,0.9173553719008264,0.9047619047619048,0.0129911053333333,0.0666666666666666,1.8,0.3057851239669421,0.0,67.11988749177537,0.19486658,1,0.0177865888403071,19,0.0,0.0,0.0,101.0,85.0,24.0,0.0,34.0,77.0,2.0,1.0,0.8415841584158416,0.7777777777777778,0.0,0.0,2.2666666666666666,0.2376237623762376,0.5,30.03561472508436,0.0,0,0.0484619927640457,0.19486658,37.084272766691015,0.0984340013002755,0,0,0,71,3920394,Tanzania,Group Stage,2,Chasing_Game,-2.008475391333158,1.9030082680344929
0.19486658,1.0,0.0,118.0,107.0,36.0,1.0,28.0,81.0,4.0,0.0,0.9067796610169492,0.9047619047619048,0.0129911053333333,0.0666666666666666,1.8666666666666667,0.3050847457627119,0.0,68.57406293037185,0.19486658,1,0.0072108779564298,20,0.0,0.0,0.0,107.0,90.0,28.0,0.0,34.0,82.0,2.0,1.0,0.8411214953271028,0.8095238095238095,0.0,0.0,2.2666666666666666,0.2616822429906542,0.5,31.099759461926464,0.0,0,0.0479993296753069,0.19486658,37.474303468445385,0.1310669564293785,0,0,0,70,3920394,Tanzania,Group Stage,2,Chasing_Game,-1.9350748359819647,1.7071242363132222
0.19486658,1.0,0.0,111.0,101.0,33.0,1.0,25.0,81.0,5.0,1.0,0.90990990990991,0.8947368421052632,0.0129911053333333,0.0666666666666666,1.6666666666666667,0.2972972972972973,0.2,67.55991222794529,0.19486658,1,0.0103411268493905,21,0.0,0.0,0.0,102.0,86.0,27.0,0.0,34.0,74.0,2.0,1.0,0.8431372549019608,0.7777777777777778,0.0,0.0,2.2666666666666666,0.2647058823529412,0.5,34.41942612859313,0.0,0,0.0500150892501649,0.19486658,33.14048609935216,0.023279507963964,0,0,0,69,3920394,Tanzania,Group Stage,2,Chasing_Game,-1.898278320267641,1.9084786627130095
0.19486658,1.0,0.0,122.0,112.0,32.0,1.0,23.0,76.0,4.0,1.0,0.918032786885246,0.8888888888888888,0.0129911053333333,0.0666666666666666,1.5333333333333334,0.2622950819672131,0.25,68.24759866100909,0.19486658,1,0.0184640038247265,22,0.0,0.0,0.0,91.0,77.0,22.0,0.0,32.0,70.0,2.0,1.0,0.8461538461538461,0.8235294117647058,0.0,0.0,2.1333333333333333,0.2417582417582417,0.5,35.932759461926466,0.0,0,0.0530316805020503,0.19486658,32.31483919908263,-0.0117227073661201,0,0,0,68,3920394,Tanzania,Group Stage,2,Chasing_Game,-2.014052597470196,2.1356485141564288
0.0,0.0,0.0,107.0,96.0,29.0,0.0,22.0,70.0,4.0,1.0,0.897196261682243,0.8888888888888888,0.0,0.0,1.4666666666666666,0.2710280373831775,0.25,69.31580727778913,0.19486658,1,-0.0023725213782763,23,0.0,0.0,0.0,88.0,75.0,21.0,0.0,28.0,64.0,2.0,1.0,0.8522727272727273,0.8125,0.0,0.0,1.8666666666666667,0.2386363636363636,0.5,37.7810927952598,0.0,0,0.0591505616209314,0.0,31.53471448252933,0.0710280373831775,0,0,0,67,3920394,Tanzania,Group Stage,2,Chasing_Game,-1.296352315829007,2.0880431215189055
0.0,0.0,0.0,107.0,96.0,29.0,0.0,22.0,70.0,4.0,1.0,0.897196261682243,0.8888888888888888,0.0,0.0,1.4666666666666666,0.2710280373831775,0.25,70.38401589456916,0.19486658,1,-0.0023725213782763,24,0.0,0.0,0.0,80.0,67.0,19.0,0.0,28.0,64.0,2.0,1.0,0.8375,0.8125,0.0,0.0,1.8666666666666667,0.2375,0.5,39.248394382561386,0.0,0,0.0443778343482041,0.0,31.135621512007774,0.0710280373831775,0,0,0,66,3920394,Tanzania,Group Stage,2,Chasing_Game,-1.2738651601834556,2.0752366140514376
0.0,0.0,0.0,102.0,91.0,29.0,0.0,23.0,64.0,3.0,1.0,0.8921568627450981,0.8823529411764706,0.0,0.0,1.5333333333333334,0.284313725490196,0.3333333333333333,70.37647966268511,0.19486658,1,-0.0074119203154212,25,0.0,0.0,0.0,80.0,68.0,20.0,0.0,25.0,63.0,2.0,1.0,0.85,0.8235294117647058,0.0,0.0,1.6666666666666667,0.25,0.5,39.86071894396489,0.0,0,0.0568778343482041,0.0,30.515760718720223,0.2176470588235294,0,0,0,65,3920394,Tanzania,Group Stage,2,Chasing_Game,-1.0637278896745324,1.7329364350420262
0.0,0.0,0.0,105.0,93.0,31.0,0.0,21.0,67.0,3.0,1.0,0.8857142857142857,0.8823529411764706,0.0,0.0,1.4,0.2952380952380952,0.3333333333333333,67.93226913636933,0.19486658,1,-0.0138544973462336,26,0.0,0.0,0.0,77.0,66.0,21.0,0.0,26.0,56.0,2.0,1.0,0.8571428571428571,0.8666666666666667,0.0,0.0,1.7333333333333334,0.2727272727272727,0.5,42.727894869890825,0.0,0,0.0640206914910612,0.0,25.204374266478503,0.1285714285714285,0,0,0,64,3920394,Tanzania,Group Stage,2,Chasing_Game,-0.8841371792225671,1.7758473038263587
0.0,0.0,0.0,108.0,94.0,31.0,0.0,22.0,74.0,6.0,3.0,0.8703703703703703,0.9411764705882352,0.0,0.0,1.4666666666666666,0.287037037037037,0.5,72.6021277222279,0.19486658,1,-0.029198412690149,27,0.0,0.0,0.0,76.0,65.0,21.0,0.0,28.0,60.0,2.0,1.0,0.8552631578947368,0.8666666666666667,0.0,0.0,1.8666666666666667,0.2763157894736842,0.5,41.05747062746658,0.0,0,0.062140992242941,0.0,31.544657094761327,0.087037037037037,0,0,0,63,3920394,Tanzania,Group Stage,2,Chasing_Game,-1.1300990484037632,1.6538055704752803
0.0,0.0,0.0,109.0,95.0,32.0,0.0,21.0,75.0,6.0,3.0,0.8715596330275229,0.9411764705882352,0.0,0.0,1.4,0.2935779816513761,0.5,72.6990166111168,0.19486658,1,-0.0280091500329964,28,0.0,0.0,0.0,62.0,50.0,21.0,0.0,29.0,56.0,1.0,1.0,0.8064516129032258,0.8571428571428571,0.0,0.0,1.9333333333333331,0.3387096774193548,1.0,40.46231696316398,0.0,0,0.0133294472514299,0.0,32.236699647952825,0.0269113149847094,0,0,0,62,3920394,Tanzania,Group Stage,2,Chasing_Game,-1.2538472185676925,1.6053720577935435
0.414688333,2.0,1.0,96.0,83.0,29.0,0.0,19.0,69.0,6.0,3.0,0.8645833333333334,0.9333333333333332,0.0276458888666666,0.1333333333333333,1.2666666666666666,0.3020833333333333,0.5,76.96573495737003,0.609554913,3,-0.0349854497271859,29,0.0,0.0,0.0,57.0,47.0,19.0,0.0,27.0,52.0,1.0,1.0,0.8245614035087719,0.8461538461538461,0.0,0.0,1.8,0.3333333333333333,1.0,37.083369594742926,0.0,0,0.0314392378569761,0.414688333,39.88236536262711,0.0907084443999999,1,0,1,61,3920394,Tanzania,Group Stage,1,Dominant_Efficient,-2.419412056577702,0.42401878802124776
0.414688333,2.0,1.0,98.0,85.0,30.0,0.0,15.0,72.0,6.0,3.0,0.8673469387755102,0.9375,0.0276458888666666,0.1333333333333333,1.0,0.3061224489795918,0.5,77.36943866107373,0.609554913,3,-0.0322218442850091,30,0.0,0.0,0.0,40.0,30.0,16.0,0.0,28.0,43.0,1.0,1.0,0.75,0.7777777777777778,0.0,0.0,1.8666666666666667,0.4,1.0,37.36440532518164,0.0,0,-0.0431221656517958,0.414688333,40.00503333589209,-0.0719191066204081,1,0,1,60,3920394,Tanzania,Group Stage,1,Dominant_Efficient,-2.6516333419028757,0.4916293082826797
0.414688333,2.0,1.0,87.0,74.0,29.0,0.0,15.0,70.0,6.0,3.0,0.8505747126436781,0.9333333333333332,0.0276458888666666,0.1333333333333333,1.0,0.3333333333333333,0.5,78.80185245417718,0.609554913,3,-0.0489940704168412,31,0.0,0.0,0.0,38.0,29.0,15.0,0.0,27.0,43.0,1.0,1.0,0.7631578947368421,0.7777777777777778,0.0,0.0,1.8,0.3947368421052631,1.0,37.16796593124225,0.0,0,-0.0299642709149536,0.414688333,41.63388652293493,-0.0113748889333333,1,0,1,59,3920394,Tanzania,Group Stage,1,Dominant_Efficient,-2.4906340876481656,0.07202269883659553
0.713896173,3.0,1.0,72.0,61.0,24.0,1.0,15.0,59.0,6.0,3.0,0.8472222222222222,0.9,0.0475930782,0.2,1.0,0.3333333333333333,0.5,81.37963023195495,0.908762753,4,-0.0523465608382971,32,0.0,0.0,0.0,40.0,33.0,15.0,0.0,22.0,42.0,1.0,1.0,0.825,0.7777777777777778,0.0,0.0,1.4666666666666666,0.375,1.0,37.07004926457558,0.0,0,0.0318778343482041,0.713896173,44.30958096737937,0.1951861564,1,0,1,58,3920394,Tanzania,Group Stage,1,Dominant_Efficient,-3.0104493422831484,-0.9077388729500744
0.713896173,3.0,1.0,70.0,61.0,26.0,1.0,14.0,46.0,5.0,3.0,0.8714285714285714,1.0,0.0475930782,0.2,0.9333333333333332,0.3714285714285714,0.6,79.51889152621625,0.908762753,4,-0.0281402116319479,33,0.0,0.0,0.0,38.0,32.0,15.0,0.0,16.0,37.0,1.0,1.0,0.8421052631578947,0.875,0.0,0.0,1.0666666666666669,0.3947368421052631,1.0,38.38960482013113,0.0,0,0.0489830975060988,0.713896173,41.12928670608512,0.3999480611619047,1,0,1,57,3920394,Tanzania,Group Stage,1,Dominant_Efficient,-2.9052407589989566,-1.020733584122899
0.713896173,3.0,1.0,59.0,51.0,21.0,1.0,13.0,37.0,4.0,3.0,0.864406779661017,1.0,0.0475930782,0.2,0.8666666666666667,0.3559322033898305,0.75,78.13870634103107,0.908762753,4,-0.0351620033995023,34,0.0,0.0,0.0,39.0,33.0,14.0,0.0,12.0,30.0,0.0,0.0,0.8461538461538461,0.875,0.0,0.0,0.8,0.358974358974359,,38.728416008942325,0.0,0,0.0530316805020503,0.713896173,39.41029033208874,0.4844516931231638,1,0,1,56,3920394,Tanzania,Group Stage,1,Dominant_Efficient,-2.7382485699637558,-1.139936478126077
0.758155583,4.0,1.0,66.0,59.0,23.0,2.0,9.0,42.0,5.0,4.0,0.8939393939393939,1.0,0.0505437055333333,0.2666666666666666,0.6,0.3484848484848485,0.8,77.30732538865011,0.953022163,5,-0.0056293891211254,35,0.0,0.0,0.0,27.0,23.0,9.0,0.0,14.0,20.0,0.0,0.0,0.8518518518518519,0.75,0.0,0.0,0.9333333333333332,0.3333333333333333,,38.91052127210022,0.0,0,0.058729686200056,0.758155583,38.396804116549895,0.2829055928848484,1,0,1,55,3920394,Tanzania,Group Stage,1,Dominant_Efficient,-3.3026082837992337,-0.7062796949192701
0.797236929,5.0,1.0,70.0,63.0,22.0,3.0,10.0,39.0,4.0,3.0,0.9,1.0,0.0531491286,0.3333333333333333,0.6666666666666666,0.3142857142857143,0.75,80.13917724050198,0.992103509,6,0.0004312169394806,36,0.0,0.0,0.0,30.0,24.0,10.0,0.0,12.0,23.0,0.0,0.0,0.8,0.6,0.0,0.0,0.8,0.3333333333333333,,35.51029904987799,0.0,0,0.0068778343482042,0.797236929,44.62887819062399,0.3539173048190475,1,0,1,54,3920394,Tanzania,Group Stage,1,Dominant_Efficient,-3.818753210403058,-0.9045334991724522
0.797236929,5.0,1.0,59.0,51.0,20.0,3.0,10.0,48.0,4.0,3.0,0.864406779661017,0.8571428571428571,0.0531491286,0.3333333333333333,0.6666666666666666,0.3389830508474576,0.75,79.4115091224565,0.992103509,6,-0.0351620033995023,37,0.0,0.0,0.0,32.0,25.0,11.0,0.0,16.0,24.0,0.0,0.0,0.78125,0.6,0.0,0.0,1.0666666666666669,0.34375,,35.87252127210022,0.0,0,-0.0118721656517958,0.797236929,43.53898785035627,0.2452813080474575,1,0,1,53,3920394,Tanzania,Group Stage,1,Dominant_Efficient,-3.45468767086204,-1.348971825552068
0.972889999,6.0,1.0,65.0,57.0,21.0,4.0,12.0,53.0,5.0,4.0,0.8769230769230769,0.75,0.0648593332666666,0.4,0.8,0.3230769230769231,0.8,77.29131588574151,1.167756579,7,-0.0226457061374424,38,0.0,0.0,0.0,34.0,26.0,13.0,0.0,16.0,29.0,0.0,0.0,0.7647058823529411,0.6,0.0,0.0,1.0666666666666669,0.3823529411764705,,34.88739306697201,0.0,0,-0.0284162832988547,0.972889999,42.4039228187695,0.3194622562769231,1,0,1,52,3920394,Tanzania,Group Stage,1,Dominant_Efficient,-3.822654408039498,-1.7265350190810687
0.972889999,6.0,1.0,77.0,67.0,23.0,4.0,13.0,59.0,5.0,4.0,0.8701298701298701,0.8,0.0648593332666666,0.4,0.8666666666666667,0.2987012987012987,0.8,72.94404861847426,1.167756579,7,-0.0294389129306492,39,0.0,0.0,0.0,37.0,27.0,15.0,0.0,19.0,31.0,0.0,0.0,0.7297297297297297,0.5,0.0,0.0,1.2666666666666666,0.4054054054054054,,36.53587791545686,0.0,0,-0.0633924359220661,0.972889999,36.4081707030174,0.228419965234632,1,0,1,51,3920394,Tanzania,Group Stage,1,Dominant_Efficient,-3.705997074889684,-1.3968469260073861
0.972889999,6.0,1.0,81.0,72.0,24.0,4.0,12.0,62.0,6.0,5.0,0.8888888888888888,0.8,0.0648593332666666,0.4,0.8,0.2962962962962963,0.8333333333333334,70.85682639625203,1.167756579,7,-0.0106798941716305,40,0.0,0.0,0.0,47.0,37.0,14.0,0.0,19.0,31.0,0.0,0.0,0.7872340425531915,0.5,0.0,0.0,1.2666666666666666,0.2978723404255319,,36.21344465840118,0.0,0,-0.0058881230986043,0.972889999,34.64338173785085,0.1926816294962963,1,0,1,50,3920394,Tanzania,Group Stage,1,Dominant_Efficient,-3.7137225186244835,-0.9906361930551864
0.972889999,6.0,1.0,79.0,70.0,22.0,4.0,13.0,58.0,6.0,5.0,0.8860759493670886,0.8,0.0648593332666666,0.4,0.8666666666666667,0.2784810126582278,0.8333333333333334,70.35083642131468,1.167756579,7,-0.0134928336934307,41,0.0,0.0,0.0,57.0,46.0,15.0,0.0,18.0,34.0,0.0,0.0,0.8070175438596491,0.5714285714285714,0.0,0.0,1.2,0.2631578947368421,,34.53018539914192,0.0,0,0.0138953782078532,0.972889999,35.82065102217276,0.2415330125248945,1,0,1,49,3920394,Tanzania,Group Stage,1,Dominant_Efficient,-3.7057629823022875,-0.9955004127587982
0.972889999,6.0,1.0,76.0,70.0,21.0,4.0,12.0,48.0,3.0,3.0,0.9210526315789472,0.7777777777777778,0.0648593332666666,0.4,0.8,0.2763157894736842,1.0,65.80553339101166,1.167756579,7,0.0214838485184279,42,0.0,0.0,0.0,62.0,51.0,15.0,0.0,15.0,29.0,0.0,0.0,0.8225806451612904,0.5714285714285714,0.0,0.0,1.0,0.2419354838709677,,35.602629843586364,0.0,0,0.0294584795094945,0.972889999,30.2029035474253,0.3060344560070176,1,0,1,48,3920394,Tanzania,Group Stage,1,Dominant_Efficient,-3.633176109892321,-0.6467698151776858
0.972889999,6.0,1.0,83.0,74.0,23.0,4.0,12.0,55.0,3.0,3.0,0.891566265060241,0.8181818181818182,0.0648593332666666,0.4,0.8,0.2771084337349397,1.0,66.18984108331935,1.167756579,7,-0.0080025180002784,43,0.0,0.0,0.0,61.0,50.0,14.0,0.0,19.0,31.0,0.0,0.0,0.819672131147541,0.5,0.0,0.0,1.2666666666666666,0.2295081967213114,,35.418286409242924,0.0,0,0.0265499654957451,0.972889999,30.771554674076427,0.1734937669349397,1,0,1,47,3920394,Tanzania,Group Stage,1,Dominant_Efficient,-3.5858662172361937,-0.70405629186564
0.58757398,5.0,0.0,90.0,80.0,24.0,5.0,12.0,57.0,3.0,3.0,0.8888888888888888,0.8181818181818182,0.0391715986666666,0.3333333333333333,0.8,0.2666666666666666,1.0,65.71234108331934,1.197128893,8,-0.0106798941716305,44,0.0,0.0,0.0,63.0,52.0,16.0,0.0,21.0,32.0,0.0,0.0,0.8253968253968254,0.5,0.0,0.0,1.4,0.2539682539682539,,36.3629530759096,0.0,0,0.0322746597450295,0.58757398,29.34938800740975,0.045009864,1,0,1,46,3920394,Tanzania,Group Stage,1,Dominant_Efficient,-2.866273985189471,0.13201820039411416
0.5875739799999999,5.0,0.0,88.0,77.0,23.0,5.0,18.0,53.0,3.0,3.0,0.875,0.8,0.0391715986666666,0.3333333333333333,1.2,0.2613636363636363,1.0,63.1177956287739,1.197128893,8,-0.0245687830605193,45,0.0054229656,1.0,0.0,78.0,64.0,20.0,1.0,19.0,46.0,0.0,0.0,0.8205128205128205,0.6923076923076923,0.00036153104,0.0666666666666666,1.2666666666666666,0.2564102564102564,,37.45344984689817,0.0054229656,1,0.0273906548610246,0.5821510143999999,25.66434578187573,0.3056504382836363,1,0,1,45,3920394,Tanzania,Group Stage,1,Dominant_Efficient,-2.1193137918853377,-0.27456354708407643
0.5875739799999999,5.0,0.0,101.0,88.0,28.0,5.0,21.0,58.0,3.0,3.0,0.8712871287128713,0.75,0.0391715986666666,0.3333333333333333,1.4,0.2772277227722772,1.0,60.96046229544056,1.197128893,8,-0.028281654347648,46,0.0054229656,1.0,0.0,84.0,68.0,22.0,1.0,21.0,54.0,0.0,0.0,0.8095238095238095,0.6,0.00036153104,0.0666666666666666,1.4,0.2619047619047619,,37.46550518286655,0.0054229656,1,0.0164016438720137,0.5821510143999999,23.494957112574014,0.3548478580256105,1,0,1,44,3920394,Tanzania,Group Stage,1,Dominant_Efficient,-1.8624216908087876,-0.3929736755995561
0.28836614,4.0,0.0,116.0,100.0,33.0,4.0,23.0,63.0,3.0,3.0,0.8620689655172413,0.7142857142857143,0.0192244093333333,0.2666666666666666,1.5333333333333334,0.2844827586206896,1.0,55.254506739885,1.197128893,8,-0.037499817543278,47,0.011926915,2.0,0.0,90.0,72.0,25.0,1.0,23.0,58.0,0.0,0.0,0.8,0.6,0.0007951276666666,0.1333333333333333,1.5333333333333334,0.2777777777777778,,40.9637404769842,0.011926915,2,0.0068778343482042,0.276439225,14.290766262900796,0.321341321954023,1,0,1,43,3920394,Tanzania,Group Stage,2,Chasing_Game,-0.5138777398142674,0.1690009145943047
0.28836614,4.0,0.0,103.0,87.0,30.0,4.0,22.0,60.0,3.0,3.0,0.8446601941747572,0.7142857142857143,0.0192244093333333,0.2666666666666666,1.4666666666666666,0.2912621359223301,1.0,53.38889306467133,1.197128893,8,-0.0549085888857621,48,0.011926915,2.0,0.0,90.0,72.0,24.0,1.0,22.0,56.0,0.0,0.0,0.8,0.6428571428571429,0.0007951276666666,0.1333333333333333,1.4666666666666666,0.2666666666666666,,46.501518254761976,0.011926915,2,0.0068778343482042,0.276439225,6.887374809909353,0.3281206992556634,1,0,1,42,3920394,Tanzania,Group Stage,3,Balanced_Phase,-0.073792918060373,0.05659957132496296
0.28836614,4.0,0.0,108.0,91.0,31.0,4.0,25.0,62.0,3.0,3.0,0.8425925925925926,0.7333333333333333,0.0192244093333333,0.2666666666666666,1.6666666666666667,0.287037037037037,1.0,53.29389306467133,1.197128893,8,-0.0569761904679267,49,0.011926915,2.0,0.0,92.0,74.0,26.0,1.0,24.0,60.0,0.0,0.0,0.8043478260869565,0.6666666666666666,0.0007951276666666,0.1333333333333333,1.6,0.2826086956521739,,48.77151825476197,0.011926915,2,0.0112256604351607,0.276439225,4.522374809909358,0.3572289337037035,1,0,1,41,3920394,Tanzania,Group Stage,3,Balanced_Phase,0.056814940771495445,0.11268275334749575
0.6123182300000001,4.0,0.0,105.0,87.0,30.0,4.0,25.0,63.0,2.0,2.0,0.8285714285714286,0.7333333333333333,0.0408212153333333,0.2666666666666666,1.6666666666666667,0.2857142857142857,1.0,54.20934419249088,1.565340393,9,-0.0709973544890907,50,0.011926915,2.0,0.0,94.0,75.0,28.0,1.0,24.0,60.0,0.0,0.0,0.7978723404255319,0.6666666666666666,0.0007951276666666,0.1333333333333333,1.6,0.2978723404255319,,47.361518254761975,0.011926915,2,0.004750174773736,0.6003913150000001,6.847825937728906,0.3990997943809524,1,0,1,40,3920394,Tanzania,Group Stage,3,Balanced_Phase,-0.45585268863265194,-0.6255120384919136
0.573236884,3.0,0.0,99.0,81.0,30.0,3.0,26.0,60.0,2.0,2.0,0.8181818181818182,0.7333333333333333,0.0382157922666666,0.2,1.7333333333333334,0.303030303030303,1.0,55.51934419249088,1.565340393,9,-0.0813869648787011,51,0.011926915,2.0,0.0,98.0,80.0,29.0,1.0,23.0,62.0,0.0,0.0,0.8163265306122449,0.6875,0.0007951276666666,0.1333333333333333,1.5333333333333334,0.2959183673469387,,47.91307381031753,0.011926915,2,0.023204364960449,0.561309969,7.606270382173349,0.477871632230303,1,0,1,39,3920394,Tanzania,Group Stage,3,Balanced_Phase,-0.08871247390439019,-0.7726598995631937
0.573236884,3.0,0.0,103.0,85.0,31.0,3.0,26.0,57.0,2.0,2.0,0.8252427184466019,0.7692307692307693,0.0382157922666666,0.2,1.7333333333333334,0.3009708737864077,1.0,54.41889170380309,1.565340393,9,-0.0743260646139174,52,0.011926915,2.0,0.0,101.0,83.0,30.0,1.0,21.0,61.0,0.0,0.0,0.8217821782178217,0.6875,0.0007951276666666,0.1333333333333333,1.4,0.297029702970297,,48.6060896833334,0.011926915,2,0.0286600125660259,0.561309969,5.8128020204696895,0.5424788696530745,1,0,1,38,3920394,Tanzania,Group Stage,3,Balanced_Phase,-0.044689078016622856,-0.7383458395013868
0.397583814,2.0,0.0,96.0,79.0,29.0,2.0,24.0,52.0,1.0,1.0,0.8229166666666666,0.8333333333333334,0.0265055876,0.1333333333333333,1.6,0.3020833333333333,1.0,53.00333330653114,1.565340393,9,-0.0766521163938527,53,0.011926915,2.0,0.0,99.0,82.0,28.0,1.0,21.0,56.0,0.0,0.0,0.8282828282828283,0.6875,0.0007951276666666,0.1333333333333333,1.4,0.2828282828282828,,50.6464559836997,0.011926915,2,0.0351606626310324,0.385656899,2.356877322831437,0.4535042532,1,0,1,37,3920394,Tanzania,Group Stage,3,Balanced_Phase,0.42339939242953795,-0.18934136560553247
0.397583814,2.0,0.0,84.0,69.0,27.0,2.0,23.0,46.0,1.0,1.0,0.8214285714285714,0.8,0.0265055876,0.1333333333333333,1.5333333333333334,0.3214285714285714,1.0,53.81484893981148,1.565340393,9,-0.0781402116319479,54,0.011926915,2.0,0.0,96.0,81.0,26.0,1.0,18.0,54.0,0.0,0.0,0.84375,0.7333333333333333,0.0007951276666666,0.1333333333333333,1.2,0.2708333333333333,,50.05320923045295,0.011926915,2,0.0506278343482041,0.385656899,3.761639709358533,0.5395161579619049,1,0,1,36,3920394,Tanzania,Group Stage,3,Balanced_Phase,0.51541214118404,-0.507946955261241
0.397583814,2.0,0.0,79.0,64.0,25.0,2.0,22.0,42.0,0.0,0.0,0.810126582278481,0.8,0.0265055876,0.1333333333333333,1.4666666666666666,0.3164556962025316,,52.750960050922586,1.565340393,9,-0.0894422007820383,55,0.011926915,2.0,0.0,94.0,77.0,30.0,1.0,18.0,49.0,0.0,0.0,0.8191489361702128,0.6153846153846154,0.0007951276666666,0.1333333333333333,1.2,0.3191489361702128,,53.091089243934576,0.011926915,2,0.0260267705184169,0.385656899,-0.3401291930119896,0.5012099494025316,1,0,1,35,3920394,Tanzania,Group Stage,3,Balanced_Phase,0.6729461989401923,-0.5786469515831251
0.397583814,2.0,0.0,84.0,67.0,28.0,2.0,21.0,45.0,1.0,1.0,0.7976190476190477,0.8,0.0265055876,0.1333333333333333,1.4,0.3333333333333333,1.0,54.312921955684494,1.565340393,9,-0.1019497354414716,56,0.011926915,2.0,0.0,85.0,67.0,30.0,1.0,19.0,45.0,0.0,0.0,0.788235294117647,0.5833333333333334,0.0007951276666666,0.1333333333333333,1.2666666666666666,0.3529411764705882,,53.45879294763828,0.011926915,2,-0.0048868715341487,0.385656899,0.8541290080462147,0.4514209198666665,1,0,1,34,3920394,Tanzania,Group Stage,3,Balanced_Phase,0.6725496034428641,-0.803480491071862
0.397583814,2.0,0.0,79.0,62.0,28.0,2.0,22.0,45.0,1.0,1.0,0.7848101265822784,0.8,0.0265055876,0.1333333333333333,1.4666666666666666,0.3544303797468354,1.0,59.88125528901784,1.565340393,9,-0.1147586564782409,57,0.011926915,2.0,0.0,93.0,76.0,32.0,1.0,19.0,46.0,0.0,0.0,0.8172043010752689,0.5833333333333334,0.0007951276666666,0.1333333333333333,1.2666666666666666,0.3440860215053763,,52.71403104287639,0.011926915,2,0.024082135423473,0.385656899,7.167224246141451,0.5058512996135021,1,0,1,33,3920394,Tanzania,Group Stage,3,Balanced_Phase,0.6106190636943423,-1.214377874460876
0.397583814,2.0,0.0,78.0,63.0,28.0,2.0,23.0,40.0,1.0,1.0,0.8076923076923077,0.7777777777777778,0.0265055876,0.1333333333333333,1.5333333333333334,0.358974358974359,1.0,56.24379608155862,1.565340393,9,-0.0918764753682116,58,0.011926915,2.0,0.0,100.0,81.0,34.0,1.0,15.0,49.0,0.0,0.0,0.81,0.6923076923076923,0.0007951276666666,0.1333333333333333,1.0,0.34,,54.95358815243349,0.011926915,2,0.0168778343482042,0.385656899,1.2902079291251312,0.6770619455076923,1,0,1,32,3920394,Tanzania,Group Stage,3,Balanced_Phase,0.8782182445840723,-1.1599862650453776
0.3682115,1.0,0.0,77.0,61.0,32.0,1.0,23.0,41.0,1.0,1.0,0.7922077922077922,0.7777777777777778,0.0245474333333333,0.0666666666666666,1.5333333333333334,0.4155844155844156,1.0,55.00288338314592,1.565340393,9,-0.1073609908527271,59,0.011926915,2.0,0.0,101.0,80.0,35.0,1.0,15.0,49.0,0.0,0.0,0.7920792079207921,0.6923076923076923,0.0007951276666666,0.1333333333333333,1.0,0.3465346534653465,,56.08114370798905,0.011926915,2,-0.0010429577310037,0.356284585,-1.0782603248431286,0.7297556935844156,1,0,1,31,3920394,Tanzania,Group Stage,3,Balanced_Phase,1.4381292222741762,-1.4405532834838513
0.3682115,1.0,0.0,77.0,62.0,31.0,1.0,16.0,41.0,1.0,1.0,0.8051948051948052,0.7777777777777778,0.0245474333333333,0.0666666666666666,1.0666666666666669,0.4025974025974026,1.0,56.66242883769137,1.565340393,9,-0.0943739778657141,60,0.0065039494,1.0,0.0,85.0,66.0,32.0,0.0,16.0,33.0,0.0,0.0,0.7764705882352941,0.5,0.0004335966266666,0.0666666666666666,1.0666666666666669,0.3764705882352941,,54.98831182113595,0.011926915,2,-0.0166515774165016,0.3617075506,1.674117016555421,0.450825076010736,1,0,1,30,3920394,Tanzania,Group Stage,3,Balanced_Phase,0.6670500352789491,-1.0490914650830026
0.3682115,1.0,0.0,67.0,52.0,29.0,1.0,21.0,36.0,1.0,1.0,0.7761194029850746,0.8571428571428571,0.0245474333333333,0.0666666666666666,1.4,0.4328358208955223,1.0,59.795317726580265,1.565340393,9,-0.1234493800754447,61,0.0065039494,1.0,0.0,92.0,74.0,34.0,0.0,14.0,41.0,0.0,0.0,0.8043478260869565,0.7,0.0004335966266666,0.0666666666666666,0.9333333333333332,0.3695652173913043,,53.71159938787889,0.011926915,2,0.0112256604351607,0.3617075506,6.083718338701374,0.7143968276421889,1,0,1,29,3920394,Tanzania,Group Stage,3,Balanced_Phase,0.9395935781247796,-1.7637203201465605
0.3682115,1.0,0.0,51.0,39.0,24.0,1.0,19.0,30.0,1.0,1.0,0.7647058823529411,1.0,0.0245474333333333,0.0666666666666666,1.2666666666666666,0.4705882352941176,1.0,63.84793994880249,1.565340393,9,-0.1348629007075782,62,0.0,0.0,0.0,83.0,67.0,31.0,0.0,12.0,36.0,0.0,0.0,0.8072289156626506,0.7,0.0,0.0,0.8,0.3734939759036144,,49.846697427094576,0.011926915,2,0.0141067500108548,0.3682115,14.001242521707916,0.7530164352941177,1,0,1,28,3920394,Tanzania,Group Stage,3,Balanced_Phase,0.4194281451464661,-2.096949497350314
0.3682115,1.0,0.0,51.0,39.0,24.0,1.0,19.0,30.0,1.0,1.0,0.7647058823529411,1.0,0.0245474333333333,0.0666666666666666,1.2666666666666666,0.4705882352941176,1.0,67.9005621710247,1.565340393,9,-0.1348629007075782,63,0.0,0.0,0.0,82.0,67.0,31.0,0.0,12.0,36.0,0.0,0.0,0.8170731707317073,0.7,0.0,0.0,0.8,0.3780487804878049,,43.01336409376124,0.011926915,2,0.0239510050799114,0.3682115,24.887198077263463,0.7530164352941177,1,0,1,27,3920394,Tanzania,Group Stage,3,Balanced_Phase,-0.027133078673037807,-2.322401442300975
0.3682115,1.0,0.0,53.0,41.0,26.0,1.0,17.0,32.0,2.0,1.0,0.7735849056603774,1.0,0.0245474333333333,0.0666666666666666,1.1333333333333333,0.490566037735849,0.5,67.78133140179393,1.565340393,9,-0.1259838774001419,64,0.0,0.0,0.0,82.0,66.0,30.0,0.0,12.0,37.0,0.0,0.0,0.8048780487804879,0.7,0.0,0.0,0.8,0.3658536585365853,,41.900216436820486,0.011926915,2,0.011755883128692,0.3682115,25.88111496497345,0.7063275710691824,1,0,1,26,3920394,Tanzania,Group Stage,3,Balanced_Phase,-0.1262310311074612,-2.292667158394685
0.008362407,1.0,0.0,57.0,46.0,28.0,1.0,18.0,33.0,2.0,1.0,0.8070175438596491,1.0,0.0005574938,0.0666666666666666,1.2,0.4912280701754385,0.5,67.32186337689298,1.5737028,10,-0.0925512392008702,65,0.0,0.0,0.0,91.0,75.0,31.0,0.0,13.0,39.0,0.0,0.0,0.8241758241758241,0.7272727272727273,0.0,0.0,0.8666666666666667,0.3406593406593406,,42.73627704288109,0.011926915,2,0.0310536585240283,0.008362407,24.58558633401189,0.6590097244421051,1,0,1,25,3920394,Tanzania,Group Stage,3,Balanced_Phase,0.2960175873316186,-1.2964847851465948
0.008362407,1.0,0.0,57.0,46.0,28.0,1.0,16.0,33.0,2.0,1.0,0.8070175438596491,1.0,0.0005574938,0.0666666666666666,1.0666666666666669,0.4912280701754385,0.5,65.46713219409727,1.5737028,10,-0.0925512392008702,66,0.0,0.0,0.0,90.0,75.0,31.0,0.0,13.0,35.0,0.0,0.0,0.8333333333333334,0.7777777777777778,0.0,0.0,0.8666666666666667,0.3444444444444444,,42.32400253307717,0.011926915,2,0.0402111676815375,0.008362407,23.143129661020104,0.5923430577754385,1,0,1,24,3920394,Tanzania,Group Stage,3,Balanced_Phase,0.2817441104063448,-1.227579038173943
0.008362407,1.0,0.0,47.0,37.0,26.0,1.0,20.0,27.0,2.0,1.0,0.7872340425531915,1.0,0.0005574938,0.0666666666666666,1.3333333333333333,0.5531914893617021,0.5,67.0817727169731,1.5737028,10,-0.1123347405073278,67,0.0,0.0,0.0,92.0,76.0,33.0,0.0,11.0,41.0,0.0,0.0,0.8260869565217391,0.75,0.0,0.0,0.7333333333333333,0.358695652173913,,42.22634019541484,0.011926915,2,0.0329647908699433,0.008362407,24.85543252155827,0.8543064769617019,1,0,1,23,3920394,Tanzania,Group Stage,3,Balanced_Phase,0.7130855845046619,-2.0436492439748064
0.008362407,1.0,0.0,47.0,37.0,26.0,1.0,20.0,27.0,2.0,1.0,0.7872340425531915,1.0,0.0005574938,0.0666666666666666,1.3333333333333333,0.5531914893617021,0.5,68.69641323984891,1.5737028,10,-0.1123347405073278,68,0.0,0.0,0.0,92.0,76.0,33.0,0.0,11.0,41.0,0.0,0.0,0.8260869565217391,0.75,0.0,0.0,0.7333333333333333,0.358695652173913,,42.12867785775249,0.011926915,2,0.0329647908699433,0.008362407,26.567735382096416,0.8543064769617019,1,0,1,22,3920394,Tanzania,Group Stage,3,Balanced_Phase,0.6477421308175353,-2.096264164019415
0.008362407,1.0,0.0,53.0,43.0,28.0,1.0,20.0,30.0,2.0,1.0,0.8113207547169812,1.0,0.0005574938,0.0666666666666666,1.3333333333333333,0.5283018867924528,0.5,67.16809079976176,1.5737028,10,-0.0882480283435381,69,0.0,0.0,0.0,92.0,76.0,33.0,0.0,12.0,41.0,0.0,0.0,0.8260869565217391,0.75,0.0,0.0,0.8,0.358695652173913,,42.68010642918106,0.011926915,2,0.0329647908699433,0.008362407,24.487984370580698,0.7960835410591195,1,0,1,21,3920394,Tanzania,Group Stage,3,Balanced_Phase,0.4791886188131566,-1.6303392647627346
0.008362407,1.0,0.0,52.0,42.0,27.0,1.0,18.0,30.0,2.0,1.0,0.8076923076923077,1.0,0.0005574938,0.0666666666666666,1.2,0.5192307692307693,0.5,66.27068339235436,1.5737028,10,-0.0918764753682116,70,0.0,0.0,0.0,78.0,64.0,28.0,0.0,12.0,39.0,0.0,0.0,0.8205128205128205,0.8181818181818182,0.0,0.0,0.8,0.358974358974359,,42.66816844468495,0.011926915,2,0.0273906548610246,0.008362407,23.60251494766941,0.7203457568307691,1,0,1,20,3920394,Tanzania,Group Stage,3,Balanced_Phase,0.44261905814218766,-1.563208540623341
0.008362407,1.0,0.0,43.0,36.0,22.0,1.0,17.0,27.0,1.0,0.0,0.8372093023255814,1.0,0.0005574938,0.0666666666666666,1.1333333333333333,0.5116279069767442,0.0,62.92829820716917,1.5737028,10,-0.0623594807349379,71,0.0,0.0,0.0,76.0,64.0,26.0,0.0,11.0,37.0,0.0,0.0,0.8421052631578947,0.8181818181818182,0.0,0.0,0.7333333333333333,0.3421052631578947,,45.36446474098124,0.011926915,2,0.0489830975060988,0.008362407,17.56383346618793,0.7127428945767442,1,0,1,19,3920394,Tanzania,Group Stage,3,Balanced_Phase,0.4802332172249848,-1.1143891635867296
0.008362407,1.0,0.0,50.0,42.0,23.0,1.0,20.0,29.0,1.0,0.0,0.84,0.875,0.0005574938,0.0666666666666666,1.3333333333333333,0.46,0.0,59.96246487383584,1.5737028,10,-0.0595687830605193,72,0.0,0.0,0.0,65.0,53.0,23.0,0.0,12.0,43.0,0.0,0.0,0.8153846153846154,0.8461538461538461,0.0,0.0,0.8,0.3538461538461538,,46.12353220129869,0.011926915,2,0.0222624497328195,0.008362407,13.838932672537148,0.7277816542666667,1,0,1,18,3920394,Tanzania,Group Stage,3,Balanced_Phase,0.6429958944779283,-0.9333284140510223
0.008362407,1.0,0.0,52.0,43.0,21.0,1.0,24.0,39.0,1.0,0.0,0.8269230769230769,0.7272727272727273,0.0005574938,0.0666666666666666,1.6,0.4038461538461538,0.0,63.20624886761984,1.5737028,10,-0.0726457061374424,73,0.0,0.0,0.0,64.0,53.0,23.0,0.0,15.0,47.0,0.0,0.0,0.828125,0.75,0.0,0.0,1.0,0.359375,,44.10419154195804,0.011926915,2,0.0350028343482041,0.008362407,19.1020573256618,0.7049611414461538,1,0,1,17,3920394,Tanzania,Group Stage,3,Balanced_Phase,0.5401923820681045,-1.0150646082794863
0.008362407,1.0,0.0,46.0,39.0,16.0,1.0,27.0,36.0,1.0,0.0,0.8478260869565217,0.7272727272727273,0.0005574938,0.0666666666666666,1.8,0.3478260869565217,0.0,61.78510601047698,1.5737028,10,-0.0517426961039976,74,0.0,0.0,0.0,74.0,65.0,21.0,0.0,13.0,53.0,1.0,1.0,0.8783783783783784,0.7692307692307693,0.0,0.0,0.8666666666666667,0.2837837837837837,1.0,45.88372370570072,0.011926915,2,0.0852562127265825,0.008362407,15.901382304776256,0.8156077412231884,1,0,1,16,3920394,Tanzania,Group Stage,3,Balanced_Phase,0.590589939791715,-0.5503427484090159
0.008362407,1.0,0.0,51.0,43.0,19.0,1.0,28.0,37.0,1.0,0.0,0.8431372549019608,0.75,0.0005574938,0.0666666666666666,1.8666666666666667,0.3725490196078431,0.0,61.44291302802084,1.5737028,10,-0.0564315281585585,75,0.0,0.0,0.0,71.0,62.0,21.0,0.0,13.0,57.0,1.0,1.0,0.8732394366197183,0.7142857142857143,0.0,0.0,0.8666666666666667,0.2957746478873239,1.0,47.35166488217131,0.011926915,2,0.0801172709679224,0.008362407,14.091248145849526,0.8736640072078432,1,0,1,15,3920394,Tanzania,Group Stage,3,Balanced_Phase,0.7798406109530343,-0.7266866119547527
0.104958611,2.0,1.0,65.0,59.0,19.0,1.0,21.0,51.0,2.0,1.0,0.9076923076923076,0.8125,0.0069972407333333,0.1333333333333333,1.4,0.2923076923076923,0.5,61.46255747246528,1.670299004,11,0.0081235246317883,76,0.0,0.0,0.0,58.0,50.0,17.0,0.0,17.0,43.0,1.0,1.0,0.8620689655172413,0.7,0.0,0.0,1.1333333333333333,0.293103448275862,1.0,47.18915026228828,0.011926915,2,0.0689467998654455,0.104958611,14.273407210176998,0.4396355071076923,2,0,2,14,3920394,Tanzania,Group Stage,2,Chasing_Game,-0.5679463765526227,0.6031061659386233
0.104958611,2.0,1.0,65.0,59.0,19.0,1.0,21.0,51.0,2.0,1.0,0.9076923076923076,0.8125,0.0069972407333333,0.1333333333333333,1.4,0.2923076923076923,0.5,61.48220191690972,1.670299004,11,0.0081235246317883,77,0.0,0.0,0.0,57.0,49.0,16.0,0.0,17.0,43.0,1.0,1.0,0.8596491228070176,0.7,0.0,0.0,1.1333333333333333,0.2807017543859649,1.0,47.15803915117717,0.011926915,2,0.0665269571552217,0.104958611,14.32416276573256,0.4396355071076923,2,0,2,13,3920394,Tanzania,Group Stage,2,Chasing_Game,-0.5569086658122425,0.6040863203992931
0.104958611,2.0,1.0,66.0,59.0,19.0,1.0,22.0,54.0,3.0,2.0,0.8939393939393939,0.8125,0.0069972407333333,0.1333333333333333,1.4666666666666666,0.2878787878787879,0.6666666666666666,62.00474159944941,1.670299004,11,-0.0056293891211254,78,0.0,0.0,0.0,69.0,60.0,19.0,0.0,17.0,44.0,1.0,1.0,0.8695652173913043,0.7,0.0,0.0,1.1333333333333333,0.2753623188405797,1.0,48.09840952154753,0.011926915,2,0.0764430517395085,0.104958611,13.90633207790188,0.4685399360121212,2,0,2,12,3920394,Tanzania,Group Stage,2,Chasing_Game,-0.41876950550688047,0.4519975943033302
0.374423371,3.0,2.0,61.0,56.0,18.0,1.0,21.0,49.0,2.0,2.0,0.918032786885246,0.7857142857142857,0.0249615580666666,0.2,1.4,0.2950819672131147,1.0,63.50851782322562,1.939763764,12,0.0184640038247265,79,0.0,0.0,0.0,62.0,55.0,17.0,0.0,15.0,40.0,1.0,1.0,0.8870967741935484,0.6666666666666666,0.0,0.0,1.0,0.2741935483870967,1.0,47.36335205028317,0.011926915,2,0.0939746085417525,0.374423371,16.145165772942455,0.5450050833464481,3,0,3,11,3920394,Tanzania,Group Stage,1,Dominant_Efficient,-1.1470869059541504,-0.007430266216183842
0.366060964,2.0,2.0,51.0,46.0,14.0,0.0,20.0,42.0,2.0,2.0,0.9019607843137256,0.7272727272727273,0.0244040642666666,0.1333333333333333,1.3333333333333333,0.2745098039215686,1.0,64.66779446056678,1.939763764,12,0.0023920012532061,80,0.0,0.0,0.0,51.0,45.0,14.0,0.0,12.0,38.0,1.0,1.0,0.8823529411764706,0.625,0.0,0.0,0.8,0.2745098039215686,1.0,46.34729144422256,0.011926915,2,0.0892307755246747,0.366060964,18.32050301634422,0.5899845991215685,3,0,3,10,3920394,Tanzania,Group Stage,1,Dominant_Efficient,-0.9340490151423563,-0.2164309273479108
0.366060964,2.0,2.0,51.0,46.0,14.0,0.0,21.0,42.0,2.0,2.0,0.9019607843137256,0.7272727272727273,0.0244040642666666,0.1333333333333333,1.4,0.2745098039215686,1.0,66.26585897669582,1.939763764,12,0.0023920012532061,81,0.0,0.0,0.0,49.0,43.0,13.0,0.0,12.0,40.0,1.0,1.0,0.8775510204081632,0.6666666666666666,0.0,0.0,0.8,0.2653061224489796,1.0,47.09756595402648,0.011926915,2,0.0844288547563674,0.366060964,19.168293022669346,0.623317932454902,3,0,3,9,3920394,Tanzania,Group Stage,1,Dominant_Efficient,-0.9203112643641963,-0.2690829793909982
0.366060964,2.0,2.0,65.0,59.0,19.0,0.0,17.0,47.0,3.0,3.0,0.9076923076923076,0.75,0.0244040642666666,0.1333333333333333,1.1333333333333333,0.2923076923076923,1.0,65.13170438732384,1.939763764,12,0.0081235246317883,82,0.0,0.0,0.0,46.0,41.0,11.0,0.0,15.0,34.0,1.0,1.0,0.8913043478260869,0.6666666666666666,0.0,0.0,1.0,0.2391304347826087,1.0,45.07136274547033,0.011926915,2,0.098182182174291,0.366060964,20.060341641853505,0.4077824875076923,3,0,3,8,3920394,Tanzania,Group Stage,1,Dominant_Efficient,-1.1600643818949032,0.009960322092639366
0.366060964,2.0,2.0,68.0,60.0,19.0,0.0,17.0,47.0,3.0,3.0,0.8823529411764706,0.75,0.0244040642666666,0.1333333333333333,1.1333333333333333,0.2794117647058823,1.0,68.18475994287938,1.939763764,12,-0.0172158418840487,83,0.0,0.0,0.0,46.0,41.0,11.0,0.0,15.0,36.0,1.0,1.0,0.8913043478260869,0.6666666666666666,0.0,0.0,1.0,0.2391304347826087,1.0,41.387120321227904,0.011926915,2,0.098182182174291,0.366060964,26.79763962165148,0.3948865599058824,3,0,3,7,3920394,Tanzania,Group Stage,1,Dominant_Efficient,-1.305432844715098,-0.3346025836692651
0.366060964,2.0,2.0,63.0,54.0,17.0,0.0,17.0,44.0,3.0,3.0,0.8571428571428571,0.75,0.0244040642666666,0.1333333333333333,1.1333333333333333,0.2698412698412698,1.0,74.88661179473124,1.939763764,12,-0.0424259259176622,84,0.0,0.0,0.0,47.0,41.0,12.0,0.0,14.0,36.0,1.0,1.0,0.8723404255319149,0.6666666666666666,0.0,0.0,0.9333333333333332,0.2553191489361702,1.0,36.84045365456124,0.011926915,2,0.0792182598801191,0.366060964,38.04615814017,0.4186493983746031,3,0,3,6,3920394,Tanzania,Group Stage,1,Dominant_Efficient,-1.6109126794721011,-0.8685541103328733
0.366060964,2.0,2.0,77.0,65.0,21.0,0.0,17.0,46.0,3.0,3.0,0.8441558441558441,0.7692307692307693,0.0244040642666666,0.1333333333333333,1.1333333333333333,0.2727272727272727,1.0,78.80922555134501,1.939763764,12,-0.0554129389046752,85,0.0,0.0,0.0,47.0,41.0,12.0,0.0,15.0,36.0,1.0,1.0,0.8723404255319149,0.6666666666666666,0.0,0.0,1.0,0.2553191489361702,1.0,34.61378698789458,0.011926915,2,0.0792182598801191,0.366060964,44.19543856345043,0.3882020679272726,3,0,3,5,3920394,Tanzania,Group Stage,1,Dominant_Efficient,-1.806245148799929,-1.083225808979145
0.366060964,2.0,2.0,87.0,74.0,24.0,0.0,17.0,51.0,3.0,3.0,0.8505747126436781,0.7692307692307693,0.0244040642666666,0.1333333333333333,1.1333333333333333,0.2758620689655172,1.0,82.45835013046958,1.939763764,12,-0.0489940704168412,86,0.0,0.0,0.0,50.0,44.0,13.0,0.0,18.0,39.0,1.0,1.0,0.88,0.6666666666666666,0.0,0.0,1.2,0.26,1.0,32.224739368846954,0.011926915,2,0.0868778343482041,0.366060964,50.23361076162263,0.2913368641655173,3,0,3,4,3920394,Tanzania,Group Stage,1,Dominant_Efficient,-2.161400051868504,-1.008488793240496
0.366060964,2.0,2.0,82.0,70.0,24.0,0.0,17.0,53.0,4.0,4.0,0.8536585365853658,0.8333333333333334,0.0244040642666666,0.1333333333333333,1.1333333333333333,0.2926829268292683,1.0,82.23323108285054,1.939763764,12,-0.0459102464751535,87,0.0,0.0,0.0,55.0,48.0,15.0,0.0,20.0,41.0,1.0,1.0,0.8727272727272727,0.5,0.0,0.0,1.3333333333333333,0.2727272727272727,1.0,32.72030309433715,0.011926915,2,0.0796051070754768,0.366060964,49.51292798851339,0.2414910553626016,3,0,3,3,3920394,Tanzania,Group Stage,1,Dominant_Efficient,-2.2144722811406607,-0.8987013660767283
0.366060964,2.0,2.0,74.0,63.0,23.0,0.0,15.0,40.0,4.0,4.0,0.8513513513513513,1.0,0.0244040642666666,0.1333333333333333,1.0,0.3108108108108108,1.0,80.8479319375514,1.939763764,12,-0.048217431709168,88,0.0,0.0,0.0,66.0,61.0,18.0,0.0,16.0,41.0,2.0,2.0,0.9242424242424242,0.6666666666666666,0.0,0.0,1.0666666666666669,0.2727272727272727,1.0,33.4951318328501,0.011926915,2,0.1311202585906283,0.366060964,47.352800104701295,0.3262856060108108,3,0,3,2,3920394,Tanzania,Group Stage,1,Dominant_Efficient,-2.1664535606478776,-0.9695823437077948
0.366060964,2.0,2.0,77.0,65.0,25.0,0.0,14.0,44.0,5.0,5.0,0.8441558441558441,1.0,0.0244040642666666,0.1333333333333333,0.9333333333333332,0.3246753246753247,1.0,80.2619319375514,1.939763764,12,-0.0554129389046752,89,0.0,0.0,0.0,72.0,66.0,19.0,0.0,18.0,38.0,1.0,1.0,0.9166666666666666,0.7142857142857143,0.0,0.0,1.2,0.2638888888888889,1.0,33.087587973200975,0.011926915,2,0.1235445010148708,0.366060964,47.17434396435042,0.2401501198753247,3,0,3,1,3920394,Tanzania,Group Stage,1,Dominant_Efficient,-2.148867647128356,-0.9754327007420499
0.678537384,4.0,2.0,85.0,73.0,26.0,1.0,13.0,48.0,5.0,5.0,0.8588235294117647,0.8888888888888888,0.0452358255999999,0.2666666666666666,0.8666666666666667,0.3058823529411765,1.0,80.5887847839531,2.252240184,14,-0.0407452536487547,90,0.0,0.0,0.0,72.0,66.0,18.0,0.0,20.0,34.0,1.0,1.0,0.9166666666666666,0.8333333333333334,0.0,0.0,1.3333333333333333,0.25,1.0,32.24992130653431,0.011926915,2,0.1235445010148708,0.678537384,48.33886347741879,0.1630206708078432,3,0,3,0,3920394,Tanzania,Group Stage,1,Dominant_Efficient,-3.1072824160374592,-1.4345059953905808
0.5819411800000001,3.0,1.0,70.0,57.0,23.0,1.0,14.0,35.0,4.0,4.0,0.8142857142857143,0.6666666666666666,0.0387960786666666,0.2,0.9333333333333332,0.3285714285714285,1.0,81.17136256173089,2.252240184,14,-0.085283068774805,91,0.0,0.0,0.0,72.0,66.0,18.0,0.0,16.0,35.0,1.0,1.0,0.9166666666666666,0.8333333333333334,0.0,0.0,1.0666666666666669,0.25,1.0,32.33303241764542,0.011926915,2,0.1235445010148708,0.5819411800000001,48.83833014408547,0.3394969192380953,3,0,3,0,3920394,Tanzania,Group Stage,1,Dominant_Efficient,-2.1423085634346952,-2.2688667331736823
0.5819411800000001,3.0,1.0,82.0,69.0,26.0,1.0,14.0,35.0,4.0,4.0,0.8414634146341463,0.6666666666666666,0.0387960786666666,0.2,0.9333333333333332,0.3170731707317073,1.0,77.41241256173089,2.252240184,14,-0.058105368426373,92,0.0,0.0,0.0,76.0,69.0,19.0,0.0,16.0,35.0,1.0,1.0,0.9078947368421052,0.8333333333333334,0.0,0.0,1.0666666666666669,0.25,1.0,34.61868898330199,0.011926915,2,0.1147725711903094,0.5819411800000001,42.793723578428896,0.3279986613983739,3,0,3,0,3920394,Tanzania,Group Stage,1,Dominant_Efficient,-2.107595584191402,-1.8011273319764514
0.5819411800000001,3.0,1.0,85.0,73.0,29.0,1.0,13.0,34.0,3.0,3.0,0.8588235294117647,0.6666666666666666,0.0387960786666666,0.2,0.8666666666666667,0.3411764705882353,1.0,75.74098399030231,2.252240184,14,-0.0407452536487547,93,0.0,0.0,0.0,64.0,58.0,16.0,0.0,17.0,35.0,1.0,1.0,0.90625,0.8333333333333334,0.0,0.0,1.1333333333333333,0.25,1.0,33.01165194626495,0.011926915,2,0.1131278343482041,0.5819411800000001,42.72933204403736,0.2854352945882353,3,0,3,0,3920394,Tanzania,Group Stage,1,Dominant_Efficient,-2.2105259951389717,-1.649549571494326
0.31247642,2.0,0.0,97.0,84.0,29.0,1.0,14.0,37.0,3.0,3.0,0.865979381443299,0.6666666666666666,0.0208317613333333,0.1333333333333333,0.9333333333333332,0.2989690721649484,1.0,76.19201993110569,2.252240184,14,-0.0335894016172203,94,0.0,0.0,0.0,66.0,59.0,17.0,0.0,19.0,36.0,1.0,1.0,0.8939393939393939,0.8333333333333334,0.0,0.0,1.2666666666666666,0.2575757575757575,1.0,32.21765194626495,0.011926915,2,0.100817228287598,0.31247642,43.97436798484074,0.1739659281649485,3,0,3,0,3920394,Tanzania,Group Stage,1,Dominant_Efficient,-1.8903830971743372,-0.7716625889530244
0.31247642,2.0,0.0,97.0,84.0,29.0,1.0,14.0,37.0,3.0,3.0,0.865979381443299,0.6666666666666666,0.0208317613333333,0.1333333333333333,0.9333333333333332,0.2989690721649484,1.0,76.64305587190908,2.252240184,14,-0.0335894016172203,95,0.0,0.0,0.0,66.0,59.0,17.0,0.0,19.0,36.0,1.0,1.0,0.8939393939393939,0.8333333333333334,0.0,0.0,1.2666666666666666,0.2575757575757575,1.0,31.42365194626495,0.011926915,2,0.100817228287598,0.31247642,45.21940392564413,0.1739659281649485,3,0,3,0,3920394,Tanzania,Group Stage,1,Dominant_Efficient,-1.9414644769316223,-0.7950220819470587
0.360517585,3.0,0.0,98.0,85.0,29.0,2.0,13.0,37.0,3.0,3.0,0.8673469387755102,0.6666666666666666,0.0240345056666666,0.2,0.8666666666666667,0.2959183673469387,1.0,78.52305587190908,2.300281349,15,-0.0322218442850091,96,0.0,0.0,0.0,62.0,55.0,16.0,0.0,19.0,33.0,1.0,1.0,0.8870967741935484,0.8,0.0,0.0,1.2666666666666666,0.2580645161290322,1.0,28.49298527959828,0.011926915,2,0.0939746085417525,0.360517585,50.0300705923108,0.1439873786802721,3,0,3,0,3920394,Tanzania,Group Stage,1,Dominant_Efficient,-2.41786070237197,-1.010019580507714
0.360517585,3.0,0.0,82.0,70.0,23.0,2.0,13.0,30.0,2.0,2.0,0.8536585365853658,0.5,0.0240345056666666,0.2,0.8666666666666667,0.2804878048780488,1.0,82.88276601683661,2.300281349,15,-0.0459102464751535,97,0.0,0.0,0.0,58.0,52.0,14.0,0.0,15.0,33.0,1.0,1.0,0.896551724137931,0.8,0.0,0.0,1.0,0.2413793103448276,1.0,26.25494606391201,0.011926915,2,0.1034295584861352,0.360517585,56.62781995292461,0.2618901495447154,3,0,3,0,3920394,Tanzania,Group Stage,1,Dominant_Efficient,-2.3843879603118596,-1.594858130772439
0.0,0.0,0.0,20.0,19.0,6.0,0.0,1.0,4.0,0.0,0.0,0.95,1.0,0.0,0.0,0.0666666666666666,0.3,,42.291525423728814,0.0,0,0.0511636798729281,0,0.0,0.0,0.0,1.0,1.0,1.0,0.0,2.0,1.0,0.0,0.0,1.0,,0.0,0.0,0.1333333333333333,1.0,,63.6,0.0,0,0.172357394078027,0.0,-21.308474576271188,0.2666666666666666,0,0,0,90,3920405,Congo DR,Group Stage,2,Chasing_Game,-0.25751128729120876,2.10381968180928
0.13629709,1.0,0.0,23.0,22.0,8.0,1.0,1.0,8.0,0.0,0.0,0.9565217391304348,1.0,0.0090864726666666,0.0666666666666666,0.0666666666666666,0.3478260869565217,,72.15131826741997,0.13629709,1,0.0576854190033629,1,0.0,0.0,0.0,1.0,1.0,1.0,0.0,3.0,2.0,0.0,0.0,1.0,,0.0,0.0,0.2,1.0,,35.63333333333333,0.0,0,0.172357394078027,0.13629709,36.51798493408664,0.2993323656231884,0,0,0,89,3920405,Congo DR,Group Stage,1,Dominant_Efficient,-2.8999098536223196,0.5071209466226707
0.13629709,1.0,0.0,23.0,22.0,8.0,1.0,1.0,8.0,0.0,0.0,0.9565217391304348,1.0,0.0090864726666666,0.0666666666666666,0.0666666666666666,0.3478260869565217,,82.10458254865036,0.13629709,1,0.0576854190033629,2,0.0,0.0,0.0,1.0,1.0,1.0,0.0,3.0,2.0,0.0,0.0,1.0,,0.0,0.0,0.2,1.0,,26.311111111111117,0.0,0,0.172357394078027,0.13629709,55.79347143753924,0.2993323656231884,0,0,0,88,3920405,Congo DR,Group Stage,1,Dominant_Efficient,-3.6829512102734507,0.11310493795337276
0.13629709,1.0,0.0,23.0,22.0,8.0,1.0,1.0,8.0,0.0,0.0,0.9565217391304348,1.0,0.0090864726666666,0.0666666666666666,0.0666666666666666,0.3478260869565217,,87.08121468926555,0.13629709,1,0.0576854190033629,3,0.0,0.0,0.0,1.0,1.0,1.0,0.0,3.0,2.0,0.0,0.0,1.0,,0.0,0.0,0.2,1.0,,21.65,0.0,0,0.172357394078027,0.13629709,65.43121468926554,0.2993323656231884,0,0,0,87,3920405,Congo DR,Group Stage,1,Dominant_Efficient,-4.072743261876049,-0.09115867856864944
0.13629709,1.0,0.0,23.0,22.0,8.0,1.0,1.0,8.0,0.0,0.0,0.9565217391304348,1.0,0.0090864726666666,0.0666666666666666,0.0666666666666666,0.3478260869565217,,90.06719397363466,0.13629709,1,0.0576854190033629,4,0.0,0.0,0.0,1.0,1.0,1.0,0.0,3.0,2.0,0.0,0.0,1.0,,0.0,0.0,0.2,1.0,,18.85333333333333,0.0,0,0.172357394078027,0.13629709,71.21386064030133,0.2993323656231884,0,0,0,86,3920405,Congo DR,Group Stage,1,Dominant_Efficient,-4.305235591459232,-0.21952133823176115
0.217298185,2.0,1.0,24.0,23.0,8.0,1.0,1.0,8.0,0.0,0.0,0.9583333333333334,1.0,0.0144865456666666,0.1333333333333333,0.0666666666666666,0.3333333333333333,,93.8893283113622,0.217298185,2,0.0594970132062615,5,0.0,0.0,0.0,1.0,1.0,1.0,0.0,3.0,2.0,0.0,0.0,1.0,,0.0,0.0,0.2,1.0,,15.877777777777778,0.0,0,0.172357394078027,0.217298185,78.01155053358443,0.295639758,1,0,1,85,3920405,Congo DR,Group Stage,1,Dominant_Efficient,-4.889247974470445,-0.476843940633003
0.217298185,2.0,1.0,24.0,23.0,8.0,1.0,1.0,8.0,0.0,0.0,0.9583333333333334,1.0,0.0144865456666666,0.1333333333333333,0.0666666666666666,0.3333333333333333,,96.6194242668819,0.217298185,2,0.0594970132062615,6,0.0,0.0,0.0,3.0,2.0,2.0,0.0,3.0,2.0,0.0,0.0,0.6666666666666666,,0.0,0.0,0.2,0.6666666666666666,,21.73095238095238,0.0,0,-0.1609759392553063,0.217298185,74.8884718859295,0.295639758,1,0,1,84,3920405,Congo DR,Group Stage,1,Dominant_Efficient,-4.492349752588941,-0.013795861307417792
0.217298185,2.0,1.0,27.0,24.0,10.0,1.0,2.0,9.0,0.0,0.0,0.8888888888888888,1.0,0.0144865456666666,0.1333333333333333,0.1333333333333333,0.3703703703703703,,90.38199623352166,0.217298185,2,-0.0099474312381829,7,0.0,0.0,0.0,14.0,12.0,4.0,0.0,4.0,3.0,0.0,0.0,0.8571428571428571,,0.0,0.0,0.2666666666666666,0.2857142857142857,,26.13700980392157,0.0,0,0.0295002512208841,0.217298185,64.24498642960009,0.3326767950370369,1,0,1,83,3920405,Congo DR,Group Stage,1,Dominant_Efficient,-3.1867054720888173,-0.20093983205761354
0.217298185,2.0,1.0,27.0,24.0,10.0,1.0,2.0,10.0,0.0,0.0,0.8888888888888888,1.0,0.0144865456666666,0.1333333333333333,0.1333333333333333,0.3703703703703703,,81.07288554090815,0.217298185,2,-0.0099474312381829,8,0.03478279,1.0,0.0,15.0,12.0,4.0,0.0,4.0,4.0,0.0,0.0,0.8,,0.0023188526666666,0.0666666666666666,0.2666666666666666,0.2666666666666666,,34.77734204793028,0.03478279,1,-0.0276426059219728,0.182515395,46.29554349297786,0.3280390897037036,1,0,1,82,3920405,Congo DR,Group Stage,1,Dominant_Efficient,-2.135187635979771,0.12410993694275663
0.217298185,2.0,1.0,37.0,32.0,16.0,1.0,4.0,20.0,0.0,0.0,0.8648648648648649,1.0,0.0144865456666666,0.1333333333333333,0.2666666666666666,0.4324324324324324,,78.35403448681733,0.217298185,2,-0.0339714552622069,9,0.03478279,1.0,0.0,18.0,13.0,6.0,0.0,9.0,10.0,0.0,0.0,0.7222222222222222,1.0,0.0023188526666666,0.0666666666666666,0.6,0.3333333333333333,,36.213496732026144,0.03478279,1,-0.1054203836997507,0.182515395,42.14053775479118,0.2901011517657658,1,0,1,81,3920405,Congo DR,Group Stage,1,Dominant_Efficient,-1.7306871481825086,-0.24205426105305583
0.245237654,3.0,1.0,40.0,35.0,18.0,2.0,7.0,24.0,0.0,0.0,0.875,1.0,0.0163491769333333,0.2,0.4666666666666667,0.45,,76.90171966334043,0.245237654,3,-0.0238363201270718,10,0.03478279,1.0,0.0,23.0,18.0,7.0,0.0,10.0,12.0,1.0,0.0,0.782608695652174,1.0,0.0023188526666666,0.0666666666666666,0.6666666666666666,0.3043478260869565,0.0,36.50829248366013,0.03478279,1,-0.0450339102697989,0.210454864,40.3934271796803,0.3780606485333335,1,0,1,80,3920405,Congo DR,Group Stage,1,Dominant_Efficient,-1.759739077735635,-0.33681783988133734
0.245237654,3.0,1.0,40.0,35.0,18.0,2.0,10.0,25.0,0.0,0.0,0.875,1.0,0.0163491769333333,0.2,0.6666666666666666,0.45,,71.35276683425253,0.245237654,3,-0.0238363201270718,11,0.3327634399999999,3.0,0.0,29.0,24.0,7.0,2.0,10.0,15.0,1.0,0.0,0.8275862068965517,1.0,0.0221842293333333,0.2,0.6666666666666666,0.2413793103448276,0.0,42.279170070806096,0.3327634399999999,3,-5.639902542120545e-05,-0.0875257859999999,29.07359676344644,0.4383298952,1,0,1,79,3920405,Congo DR,Group Stage,3,Balanced_Phase,-0.049939051916323175,-0.07796396422489776
0.245237654,3.0,1.0,42.0,36.0,19.0,2.0,12.0,28.0,0.0,0.0,0.8571428571428571,1.0,0.0163491769333333,0.2,0.8,0.4523809523809524,,69.11345143674593,0.245237654,3,-0.0416934629842147,12,0.3327634399999999,3.0,0.0,32.0,25.0,8.0,2.0,11.0,20.0,1.0,0.0,0.78125,0.6,0.0221842293333333,0.2,0.7333333333333333,0.25,0.0,44.61643670871612,0.3327634399999999,3,-0.0463926059219729,-0.0875257859999999,24.497014728029814,0.4740441809142858,1,0,1,78,3920405,Congo DR,Group Stage,3,Balanced_Phase,0.30340671421533716,-0.21248976065692998
0.245237654,3.0,1.0,50.0,43.0,23.0,2.0,12.0,31.0,0.0,0.0,0.86,1.0,0.0163491769333333,0.2,0.8,0.46,,68.34450120184609,0.245237654,3,-0.0388363201270718,13,0.3327634399999999,3.0,0.0,33.0,25.0,8.0,2.0,12.0,21.0,1.0,0.0,0.7575757575757576,0.6,0.0221842293333333,0.2,0.8,0.2424242424242424,0.0,42.80607898462415,0.3327634399999999,3,-0.0700668483462153,-0.0875257859999999,25.53842221722193,0.4483298952000001,1,0,1,77,3920405,Congo DR,Group Stage,3,Balanced_Phase,0.2467322646833527,-0.18339721128070452
0.245237654,3.0,1.0,51.0,43.0,23.0,2.0,13.0,32.0,0.0,0.0,0.8431372549019608,1.0,0.0163491769333333,0.2,0.8666666666666667,0.4509803921568627,,69.75886778838968,0.245237654,3,-0.055699065225111,14,0.3327634399999999,3.0,0.0,39.0,31.0,8.0,2.0,13.0,25.0,1.0,0.0,0.7948717948717948,0.6,0.0221842293333333,0.2,0.8666666666666667,0.2051282051282051,0.0,42.68271075601957,0.3327634399999999,3,-0.032770811050178,-0.0875257859999999,27.076157032370105,0.4393102873568628,1,0,1,76,3920405,Congo DR,Group Stage,3,Balanced_Phase,0.31080451019429944,-0.28454025910465813
0.245237654,3.0,1.0,37.0,28.0,19.0,2.0,18.0,35.0,0.0,0.0,0.7567567567567568,1.0,0.0163491769333333,0.2,1.2,0.5135135135135135,,69.35046724289971,0.245237654,3,-0.142079563370315,15,0.3327634399999999,3.0,0.0,48.0,38.0,12.0,2.0,14.0,32.0,2.0,0.0,0.7916666666666666,0.7142857142857143,0.0221842293333333,0.2,0.9333333333333332,0.25,0.0,42.79251467758821,0.3327634399999999,3,-0.0359759392553062,-0.0875257859999999,26.557952565311503,0.6351767420468469,1,0,1,75,3920405,Congo DR,Group Stage,3,Balanced_Phase,1.2023346227976979,-1.6555601497018313
0.186232024,3.0,1.0,44.0,35.0,20.0,2.0,18.0,36.0,0.0,0.0,0.7954545454545454,1.0,0.0124154682666666,0.2,1.2,0.4545454545454545,,65.76617094660341,0.322529114,4,-0.1033817746725264,16,0.3327634399999999,3.0,0.0,51.0,41.0,14.0,2.0,15.0,32.0,2.0,0.0,0.803921568627451,0.7142857142857143,0.0221842293333333,0.2,1.0,0.2745098039215686,0.0,43.979352284425815,0.3327634399999999,3,-0.0237210372945219,-0.1465314159999999,21.786818662177595,0.5350079324121213,1,0,1,74,3920405,Congo DR,Group Stage,3,Balanced_Phase,1.0177757438979977,-0.7415964831042589
0.186232024,3.0,1.0,47.0,37.0,21.0,2.0,19.0,41.0,0.0,0.0,0.7872340425531915,0.8888888888888888,0.0124154682666666,0.2,1.2666666666666666,0.4468085106382978,,61.54143020586268,0.322529114,4,-0.1116022775738803,17,0.3327634399999999,3.0,0.0,58.0,46.0,15.0,2.0,17.0,35.0,2.0,0.0,0.7931034482758621,0.625,0.0221842293333333,0.2,1.1333333333333333,0.2586206896551724,0.0,47.575974506648045,0.3327634399999999,3,-0.0345391576461108,-0.1465314159999999,13.96545569921463,0.4939376551716312,1,0,1,73,3920405,Congo DR,Group Stage,3,Balanced_Phase,1.462757929011062,-0.6659180292611827
0.186232024,3.0,1.0,56.0,46.0,23.0,2.0,20.0,46.0,0.0,0.0,0.8214285714285714,0.9090909090909092,0.0124154682666666,0.2,1.3333333333333333,0.4107142857142857,,58.411442153293976,0.322529114,4,-0.0774077486985004,18,0.3327634399999999,3.0,0.0,66.0,53.0,16.0,2.0,19.0,39.0,3.0,1.0,0.803030303030303,0.625,0.0221842293333333,0.2,1.2666666666666666,0.2424242424242424,0.3333333333333333,49.743713970249566,0.3327634399999999,3,-0.0246123028916699,-0.1465314159999999,8.66772818304441,0.4245100969142859,1,0,1,72,3920405,Congo DR,Group Stage,3,Balanced_Phase,1.3323148865469692,0.09961301128908497
0.186232024,3.0,1.0,73.0,63.0,28.0,2.0,21.0,57.0,1.0,1.0,0.863013698630137,0.9230769230769232,0.0124154682666666,0.2,1.4,0.3835616438356164,1.0,56.53081837161756,0.322529114,4,-0.0358226214969348,19,0.3327634399999999,3.0,0.0,67.0,53.0,17.0,2.0,25.0,42.0,3.0,1.0,0.7910447761194029,0.5555555555555556,0.0221842293333333,0.2,1.6666666666666667,0.2537313432835821,0.3333333333333333,50.54411801065361,0.3327634399999999,3,-0.0365978298025699,-0.1465314159999999,5.986700360963951,0.2306907883689496,1,0,1,71,3920405,Congo DR,Group Stage,3,Balanced_Phase,0.9547412751940859,1.0240899703507895
0.105230929,2.0,0.0,82.0,72.0,31.0,2.0,21.0,65.0,1.0,1.0,0.8780487804878049,0.9375,0.0070153952666666,0.1333333333333333,1.4,0.3780487804878049,1.0,54.53726281606201,0.322529114,4,-0.0207875396392669,20,0.3327634399999999,3.0,0.0,71.0,57.0,18.0,2.0,28.0,43.0,3.0,1.0,0.8028169014084507,0.5555555555555556,0.0221842293333333,0.2,1.8666666666666667,0.2535211267605634,0.3333333333333333,52.76578467732028,0.3327634399999999,3,-0.0248257045135221,-0.2275325109999999,1.7714781387417349,0.1143777790211382,1,0,1,70,3920405,Congo DR,Group Stage,2,Chasing_Game,1.202587295065354,1.6932348152902343
0.111795797,3.0,0.0,97.0,87.0,33.0,3.0,21.0,69.0,1.0,1.0,0.8969072164948454,0.9444444444444444,0.0074530531333333,0.2,1.4,0.3402061855670103,1.0,50.24009969549464,0.329093982,5,-0.0019291036322264,21,0.3327634399999999,3.0,0.0,72.0,58.0,18.0,2.0,32.0,44.0,3.0,1.0,0.8055555555555556,0.5555555555555556,0.0221842293333333,0.2,2.1333333333333333,0.25,0.3333333333333333,52.36790588944148,0.3327634399999999,3,-0.0220870503664173,-0.2209676429999999,-2.1278061939468387,-0.0559228334996562,1,0,1,69,3920405,Congo DR,Group Stage,2,Chasing_Game,0.8598105336747499,2.282696429853188
0.111795797,3.0,0.0,100.0,92.0,32.0,3.0,20.0,68.0,1.0,1.0,0.92,0.9444444444444444,0.0074530531333333,0.2,1.3333333333333333,0.32,1.0,49.52033498961228,0.329093982,5,0.0211636798729282,22,0.3327634399999999,3.0,0.0,65.0,51.0,17.0,2.0,31.0,43.0,3.0,1.0,0.7846153846153846,0.5555555555555556,0.0221842293333333,0.2,2.066666666666667,0.2615384615384615,0.3333333333333333,51.26671433589699,0.3327634399999999,3,-0.0430272213065883,-0.2209676429999999,-1.746379346284712,-0.0761290190666668,1,0,1,68,3920405,Congo DR,Group Stage,2,Chasing_Game,0.6167699092063946,2.568957631935373
0.111795797,3.0,0.0,102.0,94.0,33.0,3.0,24.0,74.0,1.0,1.0,0.9215686274509804,0.9473684210526316,0.0074530531333333,0.2,1.6,0.3235294117647059,1.0,52.39879652807382,0.329093982,5,0.0227323073239085,23,0.2979806499999999,2.0,0.0,67.0,54.0,17.0,2.0,33.0,50.0,3.0,1.0,0.8059701492537313,0.6,0.0198653766666666,0.1333333333333333,2.2,0.2537313432835821,0.3333333333333333,48.51826989145255,0.3327634399999999,3,-0.0216724566682415,-0.1861848529999999,3.880526636621269,-0.0012952353019608,1,0,1,67,3920405,Congo DR,Group Stage,2,Chasing_Game,0.18632418483011198,2.499161896179959
0.111795797,3.0,0.0,92.0,86.0,27.0,3.0,22.0,64.0,1.0,1.0,0.9347826086956522,0.9411764705882352,0.0074530531333333,0.2,1.4666666666666666,0.2934782608695652,1.0,52.12496639986869,0.329093982,5,0.0359462885685804,24,0.2979806499999999,2.0,0.0,64.0,53.0,15.0,2.0,28.0,44.0,3.0,1.0,0.828125,0.5555555555555556,0.0198653766666666,0.1333333333333333,1.8666666666666667,0.234375,0.3333333333333333,49.42056618774884,0.3327634399999999,3,0.000482394078027,-0.1861848529999999,2.7044002121198503,0.0686536138028985,1,0,1,66,3920405,Congo DR,Group Stage,2,Chasing_Game,0.13962865756945714,2.5946025569437503
0.083856328,2.0,0.0,89.0,83.0,25.0,2.0,19.0,60.0,1.0,1.0,0.9325842696629212,0.9375,0.0055904218666666,0.1333333333333333,1.2666666666666666,0.2808988764044944,1.0,51.2848565097588,0.329093982,5,0.0337479495358494,25,0.2979806499999999,2.0,0.0,60.0,48.0,15.0,2.0,27.0,42.0,2.0,1.0,0.8,0.5555555555555556,0.0198653766666666,0.1333333333333333,1.8,0.25,0.5,52.29014952108218,0.3327634399999999,3,-0.0276426059219728,-0.2141243219999999,-1.0052930113233742,-0.0143176998621722,1,0,1,65,3920405,Congo DR,Group Stage,2,Chasing_Game,0.37569540727991635,2.836004361640307
0.083856328,2.0,0.0,89.0,83.0,25.0,2.0,16.0,59.0,1.0,1.0,0.9325842696629212,0.9375,0.0055904218666666,0.1333333333333333,1.0666666666666669,0.2808988764044944,1.0,53.91569900060129,0.329093982,5,0.0337479495358494,26,0.0,0.0,0.0,54.0,42.0,15.0,0.0,27.0,39.0,2.0,1.0,0.7777777777777778,0.4285714285714285,0.0,0.0,1.8,0.2777777777777778,0.5,50.739561285788064,0.3327634399999999,3,-0.0498648281441951,0.083856328,3.1761377148132297,-0.074586946528839,1,0,1,64,3920405,Congo DR,Group Stage,2,Chasing_Game,-1.0073865795629142,2.7307373826776167
0.083856328,2.0,0.0,91.0,85.0,27.0,2.0,15.0,58.0,2.0,1.0,0.934065934065934,0.9411764705882352,0.0055904218666666,0.1333333333333333,1.0,0.2967032967032967,0.5,55.62201213191442,0.329093982,5,0.0352296139388622,27,0.0,0.0,0.0,53.0,42.0,14.0,0.0,27.0,38.0,2.0,1.0,0.7924528301886793,0.5,0.0,0.0,1.8,0.2641509433962264,0.5,48.70281886154565,0.3327634399999999,3,-0.0351897757332936,0.083856328,6.91919327036878,-0.0921158595633699,1,0,1,63,3920405,Congo DR,Group Stage,2,Chasing_Game,-1.148307086901735,2.6269367831201524
0.083856328,2.0,0.0,90.0,84.0,25.0,2.0,17.0,60.0,2.0,1.0,0.9333333333333332,0.9411764705882352,0.0055904218666666,0.1333333333333333,1.1333333333333333,0.2777777777777778,0.5,56.1101911442601,0.329093982,5,0.0344970132062615,28,0.0,0.0,0.0,55.0,43.0,16.0,0.0,28.0,39.0,2.0,1.0,0.7818181818181819,0.5,0.0,0.0,1.8666666666666667,0.2909090909090909,0.5,51.72139029011706,0.3327634399999999,3,-0.045824424103791,0.083856328,4.388800854143035,-0.0777080451555556,1,0,1,62,3920405,Congo DR,Group Stage,2,Chasing_Game,-1.0647814416190866,2.707741902946974
0.083856328,2.0,0.0,89.0,84.0,25.0,2.0,16.0,60.0,2.0,1.0,0.9438202247191012,0.9411764705882352,0.0055904218666666,0.1333333333333333,1.0666666666666669,0.2808988764044944,0.5,50.56396892203788,0.329093982,5,0.0449839045920292,29,0.043568656,1.0,0.0,51.0,38.0,17.0,1.0,27.0,36.0,2.0,1.0,0.7450980392156863,0.5,0.0029045770666666,0.0666666666666666,1.8,0.3333333333333333,0.5,56.11768658641336,0.3763320959999999,4,-0.0825445667062866,0.040287672,-5.553717664375483,-0.0803961006621724,1,0,1,61,3920405,Congo DR,Group Stage,2,Chasing_Game,-0.4391267650128496,2.8661917666927614
0.083856328,2.0,0.0,90.0,87.0,26.0,2.0,10.0,63.0,2.0,1.0,0.9666666666666668,0.9444444444444444,0.0055904218666666,0.1333333333333333,0.6666666666666666,0.2888888888888888,0.5,51.0302677726126,0.329093982,5,0.0678303465395948,30,0.043568656,1.0,0.0,50.0,38.0,12.0,1.0,28.0,29.0,1.0,1.0,0.76,0.25,0.0029045770666666,0.0666666666666666,1.8666666666666667,0.24,1.0,56.07411922398452,0.3763320959999999,4,-0.0676426059219729,0.040287672,-5.043851451371921,-0.3057394215111112,1,0,1,60,3920405,Congo DR,Group Stage,2,Chasing_Game,-0.7529621548201855,3.382383309133345
0.006564868,1.0,0.0,80.0,77.0,23.0,1.0,13.0,59.0,2.0,1.0,0.9625,0.9411764705882352,0.0004376578666666,0.0666666666666666,0.8666666666666667,0.2875,0.5,50.18448999483482,0.329093982,5,0.0636636798729282,31,0.043568656,1.0,0.0,51.0,39.0,13.0,1.0,26.0,35.0,1.0,1.0,0.7647058823529411,0.4,0.0029045770666666,0.0666666666666666,1.7333333333333334,0.2549019607843137,1.0,59.094119223984514,0.3763320959999999,4,-0.0629367235690318,-0.0370037879999999,-8.909629229149694,-0.1507671717333334,1,0,1,59,3920405,Congo DR,Group Stage,2,Chasing_Game,-0.14692508640405383,3.4130444915096634
0.006564868,1.0,0.0,77.0,75.0,22.0,1.0,12.0,54.0,2.0,1.0,0.974025974025974,1.0,0.0004376578666666,0.0666666666666666,0.8,0.2857142857142857,0.5,47.98182332816816,0.329093982,5,0.0751896538989022,32,0.043568656,1.0,0.0,45.0,34.0,12.0,1.0,24.0,33.0,1.0,1.0,0.7555555555555555,0.5,0.0029045770666666,0.0666666666666666,1.6,0.2666666666666666,1.0,62.50638589065118,0.3763320959999999,4,-0.0720870503664173,-0.0370037879999999,-14.524562562483029,-0.1192195526857143,1,0,1,58,3920405,Congo DR,Group Stage,2,Chasing_Game,-0.03785611796126418,3.6009296001245708
0.006564868,1.0,0.0,68.0,66.0,20.0,1.0,11.0,49.0,2.0,1.0,0.9705882352941176,1.0,0.0004376578666666,0.0666666666666666,0.7333333333333333,0.2941176470588235,0.5,44.684403973329445,0.329093982,5,0.0717519151670458,33,0.043568656,1.0,0.0,37.0,27.0,11.0,1.0,22.0,29.0,0.0,0.0,0.7297297297297297,0.5,0.0029045770666666,0.0666666666666666,1.4666666666666666,0.2972972972972973,,67.34753531593854,0.3763320959999999,4,-0.0979128761922432,-0.0370037879999999,-22.6631313426091,-0.0774828580078431,1,0,1,57,3920405,Congo DR,Group Stage,2,Chasing_Game,0.3376762077335581,3.5370575439461396
0.006564868,1.0,0.0,51.0,49.0,15.0,1.0,10.0,38.0,1.0,0.0,0.9607843137254902,1.0,0.0004376578666666,0.0666666666666666,0.6666666666666666,0.2941176470588235,0.0,40.13762034759845,0.329093982,5,0.0619479935984184,34,0.043568656,1.0,0.0,36.0,27.0,10.0,1.0,16.0,26.0,0.0,0.0,0.75,0.6666666666666666,0.0029045770666666,0.0666666666666666,1.0666666666666669,0.2777777777777778,,73.55602016442339,0.3763320959999999,4,-0.0776426059219729,-0.0370037879999999,-33.41839981682494,0.0891838086588234,1,0,1,56,3920405,Congo DR,Group Stage,2,Chasing_Game,0.9782213080925961,3.34536706113662
0.006564868,1.0,0.0,41.0,39.0,12.0,1.0,10.0,30.0,1.0,0.0,0.951219512195122,1.0,0.0004376578666666,0.0666666666666666,0.6666666666666666,0.2926829268292683,0.0,34.971175903154,0.329093982,5,0.05238319206805,35,0.043568656,1.0,0.0,32.0,23.0,9.0,1.0,13.0,25.0,0.0,0.0,0.71875,0.6666666666666666,0.0029045770666666,0.0666666666666666,0.8666666666666667,0.28125,,78.78768683109004,0.3763320959999999,4,-0.1088926059219729,-0.0370037879999999,-43.81651092793605,0.1877490884292681,1,0,1,55,3920405,Congo DR,Group Stage,2,Chasing_Game,1.5384277668692048,3.2703965416884957
0.0,0.0,0.0,26.0,24.0,10.0,0.0,10.0,26.0,1.0,0.0,0.9230769230769232,1.0,0.0,0.0,0.6666666666666666,0.3846153846153846,0.0,32.10833902372138,0.329093982,5,0.0242406029498513,36,0.043568656,1.0,0.0,29.0,21.0,8.0,1.0,9.0,24.0,0.0,0.0,0.7241379310344828,0.6666666666666666,0.0029045770666666,0.0666666666666666,0.6,0.2758620689655172,,82.91556561896886,0.3763320959999999,4,-0.1035046748874901,-0.043568656,-50.80722659524748,0.4121395638153846,1,0,1,54,3920405,Congo DR,Group Stage,2,Chasing_Game,2.552036525197932,2.518989125493972
0.0,0.0,0.0,20.0,18.0,9.0,0.0,10.0,26.0,1.0,0.0,0.9,1.0,0.0,0.0,0.6666666666666666,0.45,0.0,30.0867703962704,0.329093982,5,0.0011636798729282,37,0.043568656,1.0,0.0,25.0,18.0,7.0,1.0,9.0,24.0,0.0,0.0,0.72,0.6666666666666666,0.0029045770666666,0.0666666666666666,0.6,0.28,,87.73812972153294,0.3763320959999999,4,-0.1076426059219729,-0.043568656,-57.65135932526255,0.4775241791999999,1,0,1,53,3920405,Congo DR,Group Stage,3,Balanced_Phase,3.177818351537848,2.045392058430068
0.0,0.0,0.0,18.0,16.0,8.0,0.0,6.0,19.0,1.0,0.0,0.8888888888888888,1.0,0.0,0.0,0.4,0.4444444444444444,0.0,27.14164219114219,0.329093982,5,-0.0099474312381829,38,0.043568656,1.0,0.0,22.0,15.0,7.0,1.0,7.0,16.0,0.0,0.0,0.6818181818181818,0.5,0.0029045770666666,0.0666666666666666,0.4666666666666667,0.3181818181818182,,91.07990749931074,0.3763320959999999,4,-0.1458244241037911,-0.043568656,-63.93826530816855,0.4053019569777776,1,0,1,52,3920405,Congo DR,Group Stage,3,Balanced_Phase,3.3715631601156257,2.009939388778062
0.0,0.0,0.0,18.0,16.0,8.0,0.0,6.0,19.0,1.0,0.0,0.8888888888888888,1.0,0.0,0.0,0.4,0.4444444444444444,0.0,24.196513986013983,0.329093982,5,-0.0099474312381829,39,0.043568656,1.0,0.0,22.0,15.0,7.0,1.0,7.0,16.0,0.0,0.0,0.6818181818181818,0.5,0.0029045770666666,0.0666666666666666,0.4666666666666667,0.3181818181818182,,94.4216852770885,0.3763320959999999,4,-0.1458244241037911,-0.043568656,-70.22517129107452,0.4053019569777776,1,0,1,51,3920405,Congo DR,Group Stage,3,Balanced_Phase,3.631985145626921,2.117396865798341
0.0,0.0,0.0,18.0,16.0,8.0,0.0,6.0,19.0,1.0,0.0,0.8888888888888888,1.0,0.0,0.0,0.4,0.4444444444444444,0.0,21.251385780885776,0.329093982,5,-0.0099474312381829,40,0.043568656,1.0,0.0,21.0,15.0,6.0,1.0,7.0,16.0,0.0,0.0,0.7142857142857143,0.5,0.0029045770666666,0.0666666666666666,0.4666666666666667,0.2857142857142857,,96.4416852770885,0.3763320959999999,4,-0.1133568916362586,-0.043568656,-75.19029949620273,0.4053019569777776,1,0,1,50,3920405,Congo DR,Group Stage,3,Balanced_Phase,3.862770561093518,2.2460026381696987
0.0,0.0,0.0,18.0,16.0,8.0,0.0,6.0,19.0,1.0,0.0,0.8888888888888888,1.0,0.0,0.0,0.4,0.4444444444444444,0.0,17.99959090909091,0.329093982,5,-0.0099474312381829,41,0.827068656,2.0,0.0,21.0,15.0,6.0,1.0,7.0,16.0,0.0,0.0,0.7142857142857143,0.5,0.0551379104,0.1333333333333333,0.4666666666666667,0.2857142857142857,,98.14835194375516,1.159832096,5,-0.1133568916362586,-0.827068656,-80.14876103466426,0.300835290311111,1,0,1,49,3920405,Congo DR,Group Stage,0,Pressing_Under_Threat,5.9587477277001195,2.7118221004113225
0.0,0.0,0.0,16.0,13.0,6.0,0.0,7.0,23.0,1.0,0.0,0.8125,0.8,0.0,0.0,0.4666666666666667,0.375,0.0,17.323833333333333,0.329093982,5,-0.0863363201270718,42,0.827068656,2.0,0.0,21.0,16.0,6.0,1.0,8.0,17.0,0.0,0.0,0.7619047619047619,1.0,0.0551379104,0.1333333333333333,0.5333333333333333,0.2857142857142857,,99.1069125498158,1.159832096,5,-0.065737844017211,-0.827068656,-81.78307921648246,0.2313908458666667,1,0,1,48,3920405,Congo DR,Group Stage,0,Pressing_Under_Threat,6.501759396184842,2.0894030291124834
0.0,0.0,0.0,12.0,9.0,4.0,0.0,8.0,26.0,1.0,0.0,0.75,0.6666666666666666,0.0,0.0,0.5333333333333333,0.3333333333333333,0.0,17.57536111111111,0.329093982,5,-0.1488363201270718,43,0.827068656,2.0,0.0,21.0,17.0,5.0,1.0,10.0,20.0,1.0,1.0,0.8095238095238095,1.0,0.0551379104,0.1333333333333333,0.6666666666666666,0.238095238095238,1.0,99.10172736463058,1.159832096,5,-0.0181187963981633,-0.827068656,-81.52636625351947,0.1563908458666666,1,0,1,47,3920405,Congo DR,Group Stage,0,Pressing_Under_Threat,6.913991685199679,1.6257082246048755
0.0,0.0,0.0,13.0,10.0,5.0,0.0,9.0,33.0,1.0,0.0,0.7692307692307693,0.6666666666666666,0.0,0.0,0.6,0.3846153846153846,0.0,21.784805555555558,0.329093982,5,-0.1296055508963025,44,0.7835,1.0,0.0,21.0,16.0,6.0,0.0,13.0,23.0,1.0,1.0,0.7619047619047619,1.0,0.0522333333333333,0.0666666666666666,0.8666666666666667,0.2857142857142857,1.0,95.89450514240838,1.159832096,5,-0.065737844017211,-0.7835,-74.10969958685283,0.1468153846153845,1,0,1,46,3920405,Congo DR,Group Stage,0,Pressing_Under_Threat,6.24474340800938,1.5117811644372208
0.0,0.0,0.0,9.0,4.0,4.0,0.0,14.0,27.0,1.0,0.0,0.4444444444444444,0.25,0.0,0.0,0.9333333333333332,0.4444444444444444,0.0,22.631757936507935,0.329093982,5,-0.4543918756826274,45,0.7835,1.0,0.0,24.0,18.0,9.0,0.0,10.0,31.0,1.0,1.0,0.75,0.75,0.0522333333333333,0.0666666666666666,0.6666666666666666,0.375,1.0,95.30262755762756,1.159832096,5,-0.0776426059219729,-0.7835,-72.67086962111962,0.473311111111111,1,0,1,45,3920405,Congo DR,Group Stage,0,Pressing_Under_Threat,9.024565492322576,-3.1352164363496704
0.0,0.0,0.0,17.0,10.0,7.0,0.0,14.0,38.0,1.0,0.0,0.5882352941176471,0.5,0.0,0.0,0.9333333333333332,0.4117647058823529,0.0,25.517865463389654,0.329093982,5,-0.3106010260094247,46,0.83099857,2.0,0.0,31.0,23.0,9.0,1.0,15.0,30.0,1.0,1.0,0.7419354838709677,0.75,0.0553999046666666,0.1333333333333333,1.0,0.2903225806451613,1.0,93.69898778276826,1.2073306659999998,6,-0.0857071220510051,-0.83099857,-68.1811223193786,0.2676315632156862,1,0,1,44,3920405,Congo DR,Group Stage,0,Pressing_Under_Threat,7.864886132009884,-0.9267039290002662
0.0,0.0,0.0,22.0,13.0,9.0,0.0,15.0,40.0,1.0,0.0,0.5909090909090909,0.4444444444444444,0.0,0.0,1.0,0.4090909090909091,0.0,27.611198796722988,0.329093982,5,-0.3079272292179809,47,0.83099857,2.0,0.0,38.0,29.0,11.0,1.0,16.0,33.0,1.0,1.0,0.7631578947368421,0.8,0.0553999046666666,0.1333333333333333,1.0666666666666669,0.2894736842105263,1.0,89.26935815313864,1.2073306659999998,6,-0.0644847111851307,-0.83099857,-61.65815935641565,0.2649577664242425,1,0,1,43,3920405,Congo DR,Group Stage,0,Pressing_Under_Threat,7.633517251693836,-1.0520297659853164
0.0,0.0,0.0,40.0,29.0,14.0,0.0,21.0,54.0,3.0,2.0,0.725,0.4444444444444444,0.0,0.0,1.4,0.35,0.6666666666666666,30.441968027492223,0.329093982,5,-0.1738363201270718,48,0.83099857,2.0,0.0,48.0,36.0,13.0,1.0,22.0,41.0,1.0,1.0,0.75,0.7142857142857143,0.0553999046666666,0.1333333333333333,1.4666666666666666,0.2708333333333333,1.0,86.25209319587368,1.2073306659999998,6,-0.0776426059219729,-0.83099857,-55.81012516838146,0.2058668573333332,1,0,1,42,3920405,Congo DR,Group Stage,0,Pressing_Under_Threat,6.4268838018024645,0.7303079504467745
0.0,0.0,0.0,49.0,37.0,17.0,0.0,22.0,59.0,3.0,2.0,0.7551020408163265,0.5,0.0,0.0,1.4666666666666666,0.3469387755102041,0.6666666666666666,32.878009694158884,0.329093982,5,-0.1437342793107453,49,0.83099857,2.0,0.0,59.0,44.0,16.0,1.0,25.0,42.0,1.0,1.0,0.7457627118644068,0.7142857142857143,0.0553999046666666,0.1333333333333333,1.6666666666666667,0.2711864406779661,1.0,82.85746356624405,1.2073306659999998,6,-0.0818798940575661,-0.83099857,-49.979453872085166,0.1361389661768707,1,0,1,41,3920405,Congo DR,Group Stage,0,Pressing_Under_Threat,5.897954644653405,1.1374658882269428
0.0,0.0,0.0,68.0,53.0,24.0,0.0,26.0,74.0,4.0,2.0,0.7794117647058824,0.5833333333333334,0.0,0.0,1.7333333333333334,0.3529411764705882,0.5,36.747697194158896,0.329093982,5,-0.1194245554211894,50,0.83099857,2.0,0.0,65.0,47.0,18.0,1.0,31.0,52.0,1.0,1.0,0.7230769230769231,0.5555555555555556,0.0553999046666666,0.1333333333333333,2.066666666666667,0.2769230769230769,1.0,78.75028407906457,1.2073306659999998,6,-0.1045656828450498,-0.83099857,-42.00258688490568,0.0754747004705882,1,0,1,40,3920405,Congo DR,Group Stage,0,Pressing_Under_Threat,5.349720165616077,1.5027472409057152
0.15618598,1.0,0.0,75.0,58.0,28.0,1.0,28.0,75.0,4.0,2.0,0.7733333333333333,0.5384615384615384,0.0104123986666666,0.0666666666666666,1.8666666666666667,0.3733333333333333,0.5,41.30012143658313,0.485279962,6,-0.1255029867937385,51,0.83099857,2.0,0.0,72.0,52.0,21.0,1.0,31.0,58.0,1.0,1.0,0.7222222222222222,0.6,0.0553999046666666,0.1333333333333333,2.066666666666667,0.2916666666666667,1.0,74.3057226755558,1.2073306659999998,6,-0.1054203836997507,-0.6748125899999999,-33.005601238972666,0.1833583213333331,1,0,1,39,3920405,Congo DR,Group Stage,0,Pressing_Under_Threat,4.7942888582558485,0.6667291315892393
0.15618598,1.0,0.0,86.0,68.0,33.0,1.0,31.0,86.0,5.0,2.0,0.7906976744186046,0.625,0.0104123986666666,0.0666666666666666,2.066666666666667,0.3837209302325581,0.4,44.80523771565289,0.485279962,6,-0.1081386457084672,52,0.83099857,2.0,0.0,84.0,62.0,24.0,1.0,36.0,67.0,1.0,1.0,0.7380952380952381,0.5454545454545454,0.0553999046666666,0.1333333333333333,2.4,0.2857142857142857,1.0,70.33932267555579,1.2073306659999998,6,-0.0895473678267347,-0.6748125899999999,-25.5340849599029,0.1270792515658916,1,0,1,38,3920405,Congo DR,Group Stage,0,Pressing_Under_Threat,4.320717189866338,0.9373462796728086
0.243451956,2.0,0.0,88.0,70.0,33.0,2.0,32.0,89.0,6.0,3.0,0.7954545454545454,0.625,0.0162301304,0.1333333333333333,2.1333333333333333,0.375,0.5,49.27857104898623,0.572545938,7,-0.1033817746725264,53,0.83099857,2.0,0.0,93.0,70.0,31.0,1.0,37.0,69.0,1.0,1.0,0.7526881720430108,0.5454545454545454,0.0553999046666666,0.1333333333333333,2.466666666666667,0.3333333333333333,1.0,67.02932267555579,1.2073306659999998,6,-0.0749544338789621,-0.587546614,-17.75075162656956,0.1299937847999999,1,0,1,37,3920405,Congo DR,Group Stage,0,Pressing_Under_Threat,3.638742619770154,0.5844709715000571
0.243451956,2.0,0.0,101.0,81.0,38.0,2.0,36.0,97.0,6.0,3.0,0.801980198019802,0.6842105263157895,0.0162301304,0.1333333333333333,2.4,0.3762376237623762,0.5,53.57063454104972,0.572545938,7,-0.0968561221072698,54,0.83099857,2.0,0.0,95.0,71.0,32.0,1.0,40.0,76.0,1.0,1.0,0.7473684210526316,0.5833333333333334,0.0553999046666666,0.1333333333333333,2.6666666666666665,0.3368421052631579,1.0,62.53421156444469,1.2073306659999998,6,-0.0802741848693413,-0.587546614,-8.963577023394969,0.1645647418957094,1,0,1,36,3920405,Congo DR,Group Stage,0,Pressing_Under_Threat,3.2583119972254284,0.5812984924672231
0.243451956,2.0,0.0,103.0,81.0,40.0,2.0,41.0,101.0,6.0,3.0,0.7864077669902912,0.65,0.0162301304,0.1333333333333333,2.7333333333333334,0.3883495145631068,0.5,56.03832684874203,0.572545938,7,-0.1124285531367805,55,0.854336364,3.0,0.0,106.0,78.0,37.0,2.0,41.0,83.0,1.0,1.0,0.7358490566037735,0.5714285714285714,0.0569557576,0.2,2.7333333333333334,0.3490566037735849,1.0,59.67754489777801,1.2306684599999995,7,-0.0917935493181993,-0.610884408,-3.639218049035982,0.3068982601631067,1,0,1,35,3920405,Congo DR,Group Stage,0,Pressing_Under_Threat,3.6321037919679418,0.059599118761102854
0.243451956,2.0,0.0,107.0,83.0,43.0,2.0,42.0,104.0,6.0,3.0,0.7757009345794392,0.65,0.0162301304,0.1333333333333333,2.8,0.4018691588785046,0.5,57.235762746177926,0.572545938,7,-0.1231353855476325,56,0.070836364,2.0,0.0,111.0,82.0,39.0,2.0,42.0,86.0,1.0,1.0,0.7387387387387387,0.6,0.0047224242666666,0.1333333333333333,2.8,0.3513513513513513,1.0,57.09046156444468,1.2306684599999995,7,-0.0889038671832341,0.1726155919999999,0.1453011817332452,0.4248845711451714,1,0,1,34,3920405,Congo DR,Group Stage,3,Balanced_Phase,1.7072002246148594,-0.559915284283277
0.243451956,2.0,0.0,111.0,88.0,45.0,2.0,40.0,99.0,5.0,3.0,0.7927927927927928,0.6842105263157895,0.0162301304,0.1333333333333333,2.6666666666666665,0.4054054054054054,0.6,57.08687385728904,0.572545938,7,-0.106043527334279,57,0.070836364,2.0,0.0,114.0,85.0,40.0,2.0,42.0,82.0,1.0,1.0,0.7456140350877193,0.5714285714285714,0.0047224242666666,0.1333333333333333,2.8,0.3508771929824561,1.0,56.85366021764334,1.2306684599999995,7,-0.0820285708342536,0.1726155919999999,0.2332136396456974,0.3617541510054054,1,0,1,33,3920405,Congo DR,Group Stage,3,Balanced_Phase,1.5051333526499993,-0.3214967878490917
0.243451956,2.0,0.0,118.0,94.0,48.0,2.0,37.0,91.0,5.0,3.0,0.7966101694915254,0.7058823529411765,0.0162301304,0.1333333333333333,2.466666666666667,0.4067796610169492,0.6,56.89482138815324,0.572545938,7,-0.1022261506355464,58,0.070836364,2.0,0.0,114.0,85.0,42.0,2.0,38.0,77.0,0.0,0.0,0.7456140350877193,0.5714285714285714,0.0047224242666666,0.1333333333333333,2.533333333333333,0.3684210526315789,,55.01248176646489,1.2306684599999995,7,-0.0820285708342536,0.1726155919999999,1.8823396216883523,0.3964617399502825,1,0,1,32,3920405,Congo DR,Group Stage,3,Balanced_Phase,1.381294910642573,-0.4698779257930654
0.243451956,2.0,0.0,130.0,105.0,51.0,2.0,37.0,85.0,5.0,3.0,0.8076923076923077,0.6666666666666666,0.0162301304,0.1333333333333333,2.466666666666667,0.3923076923076923,0.6,54.97654653435207,0.572545938,7,-0.0911440124347641,59,0.070836364,2.0,0.0,118.0,91.0,42.0,2.0,36.0,74.0,0.0,0.0,0.7711864406779662,0.5714285714285714,0.0047224242666666,0.1333333333333333,2.4,0.3559322033898305,,54.78337065535378,1.2306684599999995,7,-0.0564561652440067,0.1726155919999999,0.1931758789982893,0.4486564379076925,1,0,1,31,3920405,Congo DR,Group Stage,3,Balanced_Phase,1.4316005846433957,-0.39166566402587005
0.243451956,2.0,0.0,130.0,106.0,51.0,2.0,32.0,83.0,5.0,3.0,0.8153846153846154,0.7222222222222222,0.0162301304,0.1333333333333333,2.1333333333333333,0.3923076923076923,0.6,52.11781637562191,0.572545938,7,-0.0834517047424564,60,0.070836364,2.0,0.0,113.0,86.0,43.0,2.0,35.0,66.0,0.0,0.0,0.7610619469026548,0.5833333333333334,0.0047224242666666,0.1333333333333333,2.333333333333333,0.3805309734513274,,55.95848536520533,1.2306684599999995,7,-0.066580659019318,0.1726155919999999,-3.840668989583413,0.3153231045743587,1,0,1,30,3920405,Congo DR,Group Stage,3,Balanced_Phase,1.3273868255708654,-0.1340781304714924
0.243451956,2.0,0.0,138.0,115.0,54.0,2.0,31.0,75.0,5.0,3.0,0.8333333333333334,0.6666666666666666,0.0162301304,0.1333333333333333,2.066666666666667,0.391304347826087,0.6,50.74224218207352,0.572545938,7,-0.0655029867937384,61,0.023337794,1.0,0.0,103.0,78.0,41.0,1.0,32.0,65.0,0.0,0.0,0.7572815533980582,0.5833333333333334,0.0015558529333333,0.0666666666666666,2.1333333333333333,0.3980582524271844,,56.10047271841219,1.2306684599999995,7,-0.0703610525239146,0.220114162,-5.358230536338674,0.3873195694260869,1,0,1,29,3920405,Congo DR,Group Stage,3,Balanced_Phase,1.018894406945216,-0.11359526362786089
0.243451956,2.0,0.0,136.0,115.0,53.0,2.0,30.0,78.0,5.0,3.0,0.8455882352941176,0.7333333333333333,0.0162301304,0.1333333333333333,2.0,0.3897058823529412,0.6,53.41224218207353,0.572545938,7,-0.0532480848329541,62,0.023337794,1.0,0.0,95.0,72.0,39.0,1.0,33.0,61.0,0.0,0.0,0.7578947368421053,0.5454545454545454,0.0015558529333333,0.0666666666666666,2.2,0.4105263157894737,,55.71454679248627,1.2306684599999995,7,-0.0697478690798676,0.220114162,-2.3023046104127403,0.3190544372862745,1,0,1,28,3920405,Congo DR,Group Stage,3,Balanced_Phase,0.6864231349331223,0.0818826200259411
0.243451956,2.0,0.0,118.0,99.0,48.0,2.0,24.0,64.0,3.0,1.0,0.8389830508474576,0.7333333333333333,0.0162301304,0.1333333333333333,1.6,0.4067796610169492,0.3333333333333333,55.34480628463762,0.572545938,7,-0.0598532692796142,63,0.023337794,1.0,0.0,85.0,65.0,37.0,1.0,27.0,53.0,0.0,0.0,0.7647058823529411,0.5555555555555556,0.0015558529333333,0.0666666666666666,1.8,0.4352941176470588,,53.91625619419567,1.2306684599999995,7,-0.0629367235690318,0.220114162,1.428550090441952,0.3361282159502824,1,0,1,27,3920405,Congo DR,Group Stage,3,Balanced_Phase,0.5496870568523885,-0.36862297338316463
0.2489971167,3.0,0.0,111.0,93.0,45.0,2.0,26.0,62.0,3.0,1.0,0.8378378378378378,0.7142857142857143,0.01659980778,0.2,1.7333333333333334,0.4054054054054054,0.3333333333333333,55.27409795130429,0.5780910987,8,-0.0609984822892339,64,0.285540624,2.0,0.0,86.0,68.0,38.0,2.0,26.0,54.0,0.0,0.0,0.7906976744186046,0.5555555555555556,0.0190360416,0.1333333333333333,1.7333333333333334,0.4418604651162791,,53.92457003435161,1.4928712899999996,8,-0.0369449315033683,-0.0365435073,1.349527916952681,0.4005329377654052,1,0,1,26,3920405,Congo DR,Group Stage,3,Balanced_Phase,1.2926698452164826,-0.5494063958969669
0.2489971167,3.0,0.0,95.0,79.0,39.0,2.0,24.0,49.0,2.0,1.0,0.8315789473684211,0.6666666666666666,0.01659980778,0.2,1.6,0.4105263157894737,0.5,52.85107711797095,0.5780910987,8,-0.0672573727586507,65,0.285540624,2.0,0.0,84.0,68.0,38.0,2.0,20.0,51.0,1.0,1.0,0.8095238095238095,0.7142857142857143,0.0190360416,0.1333333333333333,1.3333333333333333,0.4523809523809524,1.0,54.78753899521531,1.4928712899999996,8,-0.0181187963981633,-0.0365435073,-1.936461877244355,0.538987181482807,1,0,1,25,3920405,Congo DR,Group Stage,3,Balanced_Phase,1.5993107234822754,-0.932950127872671
0.0928111366999999,2.0,0.0,91.0,76.0,38.0,1.0,23.0,48.0,2.0,1.0,0.8351648351648352,0.7272727272727273,0.0061874091133333,0.1333333333333333,1.5333333333333334,0.4175824175824176,0.5,51.81531954221338,0.5780910987,8,-0.0636714849622366,66,0.285540624,2.0,0.0,80.0,66.0,37.0,2.0,20.0,47.0,1.0,1.0,0.825,0.6666666666666666,0.0190360416,0.1333333333333333,1.3333333333333333,0.4625,1.0,54.906100398724085,1.4928712899999996,8,-0.0026426059219729,-0.1927294873,-3.0907808565107047,0.4918851526090843,1,0,1,24,3920405,Congo DR,Group Stage,3,Balanced_Phase,1.9416772074194038,-0.4868653292720627
0.0928111366999999,2.0,0.0,81.0,66.0,34.0,1.0,21.0,37.0,1.0,1.0,0.8148148148148148,0.625,0.0061874091133333,0.1333333333333333,1.4,0.419753086419753,1.0,52.22353659647695,0.5780910987,8,-0.084021505312257,67,0.285540624,2.0,0.0,70.0,57.0,35.0,2.0,15.0,40.0,1.0,1.0,0.8142857142857143,0.6666666666666666,0.0190360416,0.1333333333333333,1.0,0.5,1.0,54.43805595427963,1.4928712899999996,8,-0.0133568916362586,-0.1927294873,-2.2145193578026863,0.5940558214464196,1,0,1,23,3920405,Congo DR,Group Stage,3,Balanced_Phase,2.1625190527915823,-1.1305470359511611
0.0055451607,1.0,0.0,89.0,72.0,37.0,0.0,23.0,47.0,0.0,0.0,0.8089887640449438,0.5454545454545454,0.00036967738,0.0666666666666666,1.5333333333333334,0.4157303370786517,,50.696108025048375,0.5780910987,8,-0.089847556082128,68,0.285540624,2.0,0.0,66.0,53.0,30.0,2.0,20.0,46.0,1.0,1.0,0.803030303030303,0.75,0.0190360416,0.1333333333333333,1.3333333333333333,0.4545454545454545,1.0,54.20395339017707,1.4928712899999996,8,-0.0246123028916699,-0.2799954633,-3.507845365128695,0.4783976086386518,1,0,1,22,3920405,Congo DR,Group Stage,3,Balanced_Phase,2.575742831202971,-0.7166202846957793
0.0055451607,1.0,0.0,76.0,61.0,32.0,0.0,19.0,39.0,0.0,0.0,0.8026315789473685,0.375,0.00036967738,0.0666666666666666,1.2666666666666666,0.4210526315789473,,49.34994929488965,0.5780910987,8,-0.0962047411797033,69,0.285540624,2.0,0.0,64.0,52.0,29.0,2.0,17.0,39.0,1.0,1.0,0.8125,0.7142857142857143,0.0190360416,0.1333333333333333,1.1333333333333333,0.453125,1.0,55.15496193718562,1.4928712899999996,8,-0.0151426059219729,-0.2799954633,-5.805012642295971,0.4503865698056137,1,0,1,21,3920405,Congo DR,Group Stage,3,Balanced_Phase,2.8094847228510473,-1.0262740863184563
0.0055451607,1.0,0.0,74.0,61.0,30.0,0.0,14.0,35.0,0.0,0.0,0.8243243243243243,0.4285714285714285,0.00036967738,0.0666666666666666,0.9333333333333332,0.4054054054054054,,49.8281617491021,0.5780910987,8,-0.0745119958027474,70,0.26220283,1.0,0.0,53.0,45.0,24.0,1.0,16.0,32.0,1.0,1.0,0.8490566037735849,0.8,0.0174801886666666,0.0666666666666666,1.0666666666666669,0.4528301886792453,1.0,54.46752603974973,1.4928712899999996,8,0.021413997851612,-0.2566576693,-4.639364290647627,0.3045177161654054,1,0,1,20,3920405,Congo DR,Group Stage,3,Balanced_Phase,2.1010514650214143,-0.5706841302907788
0.0055451607,1.0,0.0,72.0,59.0,29.0,0.0,13.0,33.0,0.0,0.0,0.8194444444444444,0.4285714285714285,0.00036967738,0.0666666666666666,0.8666666666666667,0.4027777777777778,,53.7096147405551,0.5780910987,8,-0.0793918756826274,71,0.26220283,1.0,0.0,51.0,42.0,25.0,1.0,15.0,31.0,1.0,1.0,0.8235294117647058,0.8,0.0174801886666666,0.0666666666666666,1.0,0.4901960784313725,1.0,52.48032365879735,1.4928712899999996,8,-0.004113194157267,-0.2566576693,1.2292910817577507,0.3018900885377777,1,0,1,19,3920405,Congo DR,Group Stage,3,Balanced_Phase,1.850773621374674,-0.8219072081845621
0.0055451607,1.0,0.0,66.0,54.0,26.0,0.0,14.0,32.0,0.0,0.0,0.8181818181818182,0.4285714285714285,0.00036967738,0.0666666666666666,0.9333333333333332,0.3939393939393939,,52.86517029611064,0.5780910987,8,-0.0806545019452535,72,0.26220283,1.0,0.0,55.0,46.0,26.0,1.0,13.0,31.0,1.0,1.0,0.8363636363636363,0.8,0.0174801886666666,0.0666666666666666,0.8666666666666667,0.4727272727272727,1.0,53.10134217731586,1.4928712899999996,8,0.0087210304416633,-0.2566576693,-0.236171881205216,0.3930517046993939,1,0,1,18,3920405,Congo DR,Group Stage,3,Balanced_Phase,1.9967808320731402,-0.8891113812342888
0.0055451607,1.0,0.0,56.0,46.0,23.0,0.0,16.0,33.0,0.0,0.0,0.8214285714285714,0.4285714285714285,0.00036967738,0.0666666666666666,1.0666666666666669,0.4107142857142857,,48.99763943191312,0.5780910987,8,-0.0774077486985004,73,0.26220283,1.0,0.0,55.0,45.0,23.0,1.0,13.0,33.0,1.0,1.0,0.8181818181818182,0.6666666666666666,0.0174801886666666,0.0666666666666666,0.8666666666666667,0.4181818181818181,1.0,58.177705813679495,1.4928712899999996,8,-0.0094607877401546,-0.2566576693,-9.180066381766371,0.4764932631409523,1,0,1,17,3920405,Congo DR,Group Stage,3,Balanced_Phase,2.509387295810746,-0.7653000771079964
0.0055451607,1.0,0.0,45.0,34.0,20.0,0.0,17.0,33.0,0.0,0.0,0.7555555555555555,0.5,0.00036967738,0.0666666666666666,1.1333333333333333,0.4444444444444444,,49.72869206349206,0.5780910987,8,-0.1432807645715162,74,0.26220283,1.0,0.0,51.0,39.0,22.0,1.0,13.0,35.0,1.0,1.0,0.7647058823529411,0.5714285714285714,0.0174801886666666,0.0666666666666666,0.8666666666666667,0.4313725490196078,1.0,58.40987248034616,1.4928712899999996,8,-0.0629367235690318,-0.2566576693,-8.681180416854097,0.5435567552044442,1,0,1,16,3920405,Congo DR,Group Stage,3,Balanced_Phase,2.9866509757161652,-1.6233788155814919
0.0055451607,1.0,0.0,43.0,32.0,19.0,0.0,19.0,32.0,0.0,0.0,0.7441860465116279,0.4,0.00036967738,0.0666666666666666,1.2666666666666666,0.4418604651162791,,52.76599365079365,0.5780910987,8,-0.1546502736154439,75,0.5948987299999999,2.0,1.0,52.0,41.0,20.0,1.0,13.0,39.0,1.0,1.0,0.7884615384615384,0.5,0.0396599153333333,0.1333333333333333,0.8666666666666667,0.3846153846153846,1.0,57.75234324058009,1.82556719,9,-0.0391810674604344,-0.5893535692999999,-4.986349589786435,0.5632799892096123,1,1,0,15,3920405,Congo DR,Group Stage,0,Pressing_Under_Threat,4.015335966025119,-1.8312765513161615
0.0055451607,1.0,0.0,27.0,17.0,13.0,0.0,17.0,28.0,0.0,0.0,0.6296296296296297,0.5,0.00036967738,0.0666666666666666,1.1333333333333333,0.4814814814814814,,52.78765079365079,0.5780910987,8,-0.2692066904974421,76,0.5948987299999999,2.0,1.0,51.0,40.0,19.0,1.0,11.0,34.0,1.0,1.0,0.7843137254901961,0.4285714285714285,0.0396599153333333,0.1333333333333333,0.7333333333333333,0.3725490196078431,1.0,58.72799138872823,1.82556719,9,-0.0433288804317768,-0.5893535692999999,-5.940340595077437,0.6029010055748147,1,1,0,14,3920405,Congo DR,Group Stage,0,Pressing_Under_Threat,4.8247738782920955,-3.1685663063234726
0.0055451607,1.0,0.0,41.0,30.0,13.0,0.0,17.0,27.0,1.0,0.0,0.7317073170731707,0.5,0.00036967738,0.0666666666666666,1.1333333333333333,0.3170731707317073,0.0,51.9329072039072,0.5780910987,8,-0.1671290030539011,77,0.5948987299999999,2.0,1.0,52.0,41.0,20.0,1.0,11.0,35.0,1.0,1.0,0.7884615384615384,0.4285714285714285,0.0396599153333333,0.1333333333333333,0.7333333333333333,0.3846153846153846,1.0,57.66688027761712,1.82556719,9,-0.0391810674604344,-0.5893535692999999,-5.733973073709919,0.4384926948250405,1,1,0,13,3920405,Congo DR,Group Stage,0,Pressing_Under_Threat,3.657097231924731,-1.277777902920108
0.0055451607,1.0,0.0,41.0,30.0,13.0,0.0,19.0,29.0,1.0,0.0,0.7317073170731707,0.5,0.00036967738,0.0666666666666666,1.2666666666666666,0.3170731707317073,0.0,49.580240537240535,0.5780910987,8,-0.1671290030539011,78,1.03252971,3.0,1.0,57.0,46.0,22.0,2.0,11.0,39.0,2.0,1.0,0.8070175438596491,0.5,0.068835314,0.2,0.7333333333333333,0.3859649122807017,0.5,59.75261127176916,2.26319817,10,-0.0206250620623238,-1.0269845492999998,-10.172370734528627,0.4468085641583739,1,1,0,12,3920405,Congo DR,Group Stage,0,Pressing_Under_Threat,5.069095699756107,-1.0741919097441157
0.0,0.0,0.0,41.0,29.0,14.0,0.0,18.0,33.0,1.0,0.0,0.7073170731707317,0.5,0.0,0.0,1.2,0.3414634146341463,0.0,47.6629072039072,0.5780910987,8,-0.1915192469563401,79,0.77032688,2.0,1.0,48.0,38.0,19.0,1.0,11.0,43.0,2.0,1.0,0.7916666666666666,0.5,0.0513551253333333,0.1333333333333333,0.7333333333333333,0.3958333333333333,0.5,62.340139182454976,2.26319817,10,-0.0359759392553062,-0.77032688,-14.677231978547772,0.472086497300813,1,1,0,11,3920405,Congo DR,Group Stage,0,Pressing_Under_Threat,4.8201843582870865,-1.3464606349492982
0.0,0.0,0.0,40.0,28.0,15.0,0.0,18.0,34.0,1.0,0.0,0.7,0.5,0.0,0.0,1.2,0.375,0.0,48.1609072039072,0.5780910987,8,-0.1988363201270718,80,0.77032688,2.0,1.0,51.0,40.0,19.0,1.0,12.0,41.0,1.0,0.0,0.7843137254901961,0.5,0.0513551253333333,0.1333333333333333,0.8,0.3725490196078431,0.0,63.04087144790119,2.26319817,10,-0.0433288804317768,-0.77032688,-14.879964243993989,0.4722897493333332,1,1,0,10,3920405,Congo DR,Group Stage,0,Pressing_Under_Threat,4.972370996438015,-1.5239157167446737
0.0,0.0,0.0,47.0,33.0,15.0,0.0,18.0,42.0,1.0,0.0,0.7021276595744681,0.5555555555555556,0.0,0.0,1.2,0.3191489361702128,0.0,47.681740537240536,0.5780910987,8,-0.1967086605526037,81,0.77032688,2.0,1.0,50.0,39.0,18.0,1.0,15.0,42.0,1.0,0.0,0.78,0.5,0.0513551253333333,0.1333333333333333,1.0,0.36,0.0,64.56020478123453,2.26319817,10,-0.0476426059219728,-0.77032688,-16.878464243993996,0.3164386855035461,1,1,0,9,3920405,Congo DR,Group Stage,0,Pressing_Under_Threat,4.7641458947027395,-0.9478401730134463
0.0,0.0,0.0,50.0,35.0,16.0,0.0,19.0,43.0,1.0,0.0,0.7,0.5555555555555556,0.0,0.0,1.2666666666666666,0.32,0.0,46.62316910866911,0.5780910987,8,-0.1988363201270718,82,0.77032688,2.0,1.0,52.0,40.0,19.0,1.0,15.0,43.0,1.0,0.0,0.7692307692307693,0.5555555555555556,0.0513551253333333,0.1333333333333333,1.0,0.3653846153846153,0.0,64.53926461029435,2.26319817,10,-0.0584118366912036,-0.77032688,-17.916095501625243,0.3506230826666667,1,1,0,8,3920405,Congo DR,Group Stage,0,Pressing_Under_Threat,4.857365433777065,-0.9993535583184674
0.0,0.0,0.0,40.0,27.0,13.0,0.0,16.0,30.0,1.0,0.0,0.675,0.6666666666666666,0.0,0.0,1.0666666666666669,0.325,0.0,46.532026251526254,0.5780910987,8,-0.2238363201270717,83,0.77032688,2.0,1.0,47.0,36.0,17.0,1.0,9.0,35.0,1.0,0.0,0.7659574468085106,0.4285714285714285,0.0513551253333333,0.1333333333333333,0.6,0.3617021276595745,0.0,63.6279825590123,2.26319817,10,-0.0616851591134622,-0.77032688,-17.09595630748605,0.4556230826666668,1,1,0,7,3920405,Congo DR,Group Stage,0,Pressing_Under_Threat,4.957799319857841,-1.4393902524262643
0.0,0.0,0.0,46.0,32.0,17.0,0.0,16.0,32.0,1.0,0.0,0.6956521739130435,0.7142857142857143,0.0,0.0,1.0666666666666669,0.3695652173913043,0.0,47.71805131418289,0.5780910987,8,-0.2031841462140283,84,0.77032688,2.0,1.0,47.0,36.0,17.0,1.0,10.0,35.0,1.0,0.0,0.7659574468085106,0.4285714285714285,0.0513551253333333,0.1333333333333333,0.6666666666666666,0.3617021276595745,0.0,64.24875178978154,2.26319817,10,-0.0616851591134622,-0.77032688,-16.53070047559865,0.4668549667246377,1,1,0,6,3920405,Congo DR,Group Stage,0,Pressing_Under_Threat,4.870886409267565,-1.3744357741786524
0.0,0.0,0.0,57.0,42.0,20.0,0.0,18.0,38.0,2.0,1.0,0.7368421052631579,0.75,0.0,0.0,1.2,0.3508771929824561,0.5,48.694183589315166,0.5780910987,8,-0.1619942148639139,85,0.77032688,2.0,1.0,50.0,38.0,18.0,1.0,13.0,37.0,1.0,0.0,0.76,0.375,0.0513551253333333,0.1333333333333333,0.8666666666666667,0.36,0.0,64.31029025132,2.26319817,10,-0.0676426059219729,-0.77032688,-15.616106662004832,0.414833608982456,1,1,0,5,3920405,Congo DR,Group Stage,0,Pressing_Under_Threat,4.480184133069757,-0.7259694335890748
0.0,0.0,0.0,55.0,42.0,18.0,0.0,19.0,39.0,3.0,1.0,0.7636363636363637,0.75,0.0,0.0,1.2666666666666666,0.3272727272727272,0.3333333333333333,50.27529470042627,0.5780910987,8,-0.1351999564907081,86,0.77032688,2.0,1.0,47.0,37.0,15.0,1.0,15.0,38.0,1.0,0.0,0.7872340425531915,0.2857142857142857,0.0513551253333333,0.1333333333333333,1.0,0.3191489361702128,0.0,63.067242632272375,2.26319817,10,-0.0404085633687814,-0.77032688,-12.791947931846105,0.3578958099393938,1,1,0,4,3920405,Congo DR,Group Stage,0,Pressing_Under_Threat,4.140771760266083,-0.25531358387912423
0.0,0.0,0.0,55.0,42.0,18.0,0.0,18.0,39.0,3.0,1.0,0.7636363636363637,0.75,0.0,0.0,1.2,0.3272727272727272,0.3333333333333333,54.148628033759614,0.5780910987,8,-0.1351999564907081,87,0.77032688,2.0,1.0,38.0,28.0,13.0,1.0,15.0,37.0,1.0,0.0,0.7368421052631579,0.2857142857142857,0.0513551253333333,0.1333333333333333,1.0,0.3421052631578947,0.0,60.306298187827934,2.26319817,10,-0.090800500658815,-0.77032688,-6.15767015406832,0.3245624766060606,1,1,0,3,3920405,Congo DR,Group Stage,0,Pressing_Under_Threat,3.820291430332589,-0.40690336409924716
0.0,0.0,0.0,55.0,42.0,18.0,0.0,16.0,38.0,3.0,1.0,0.7636363636363637,0.75,0.0,0.0,1.0666666666666669,0.3272727272727272,0.3333333333333333,60.30529470042628,0.5780910987,8,-0.1351999564907081,88,0.77032688,2.0,1.0,35.0,27.0,13.0,1.0,15.0,35.0,1.0,0.0,0.7714285714285715,0.3333333333333333,0.0513551253333333,0.1333333333333333,1.0,0.3714285714285714,0.0,54.162298187827936,2.26319817,10,-0.0562140344934014,-0.77032688,6.142996512598344,0.257895809939394,1,1,0,2,3920405,Congo DR,Group Stage,0,Pressing_Under_Threat,3.2266978662566443,-0.6479555049375132
0.0,0.0,0.0,54.0,42.0,18.0,0.0,16.0,37.0,3.0,1.0,0.7777777777777778,0.75,0.0,0.0,1.0666666666666669,0.3333333333333333,0.3333333333333333,58.94455395968554,0.5780910987,8,-0.121058542349294,89,0.81736542,3.0,1.0,37.0,30.0,13.0,1.0,14.0,37.0,2.0,0.0,0.8108108108108109,0.4,0.054491028,0.2,0.9333333333333332,0.3513513513513513,0.0,53.86254328586715,2.31023671,11,-0.016831795111162,-0.81736542,5.082010673818395,0.291017944,1,1,0,1,3920405,Congo DR,Group Stage,0,Pressing_Under_Threat,3.5663707960767677,-0.5805167004243162
0.0,0.0,0.0,57.0,45.0,19.0,0.0,14.0,44.0,4.0,2.0,0.7894736842105263,0.8,0.0,0.0,0.9333333333333332,0.3333333333333333,0.5,59.67503015016173,0.5780910987,8,-0.1093626359165454,90,0.48466952,2.0,0.0,31.0,23.0,11.0,1.0,17.0,33.0,2.0,0.0,0.7419354838709677,0.4,0.0323113013333333,0.1333333333333333,1.1333333333333333,0.3548387096774194,0.0,52.61504328586715,2.31023671,11,-0.0857071220510051,-0.48466952,7.059986864294579,0.1687107306666667,1,1,0,0,3920405,Congo DR,Group Stage,3,Balanced_Phase,2.284545532546433,-0.36567720439388396
0.0,0.0,0.0,61.0,49.0,21.0,0.0,17.0,45.0,4.0,2.0,0.8032786885245902,0.8,0.0,0.0,1.1333333333333333,0.3442622950819672,0.5,57.62129581432213,0.5780910987,8,-0.0955576316024816,91,0.48466952,2.0,0.0,36.0,27.0,13.0,1.0,17.0,38.0,3.0,1.0,0.75,0.5714285714285714,0.0323113013333333,0.1333333333333333,1.1333333333333333,0.3611111111111111,0.3333333333333333,53.25820995253382,2.31023671,11,-0.0776426059219729,-0.48466952,4.3630858617883135,0.2796396924153005,1,1,0,0,3920405,Congo DR,Group Stage,3,Balanced_Phase,2.439310608073586,-0.3081311476870009
0.42459467,1.0,0.0,52.0,40.0,23.0,1.0,17.0,44.0,3.0,2.0,0.7692307692307693,0.8,0.0283063113333333,0.0666666666666666,1.1333333333333333,0.4423076923076923,0.6666666666666666,58.79889654692286,1.0026857687,9,-0.1296055508963025,92,0.48466952,2.0,0.0,36.0,26.0,13.0,1.0,19.0,37.0,3.0,1.0,0.7222222222222222,0.5714285714285714,0.0323113013333333,0.1333333333333333,1.2666666666666666,0.3611111111111111,0.3333333333333333,54.15654328586716,2.31023671,11,-0.1054203836997507,-0.06007485,4.642353261055703,0.3676310456410254,1,1,0,0,3920405,Congo DR,Group Stage,3,Balanced_Phase,2.0887571639631166,-1.8548547873638876
0.42459467,1.0,0.0,52.0,40.0,23.0,1.0,15.0,42.0,3.0,2.0,0.7692307692307693,0.8,0.0283063113333333,0.0666666666666666,1.0,0.4423076923076923,0.6666666666666666,61.47442035644667,1.0026857687,9,-0.1296055508963025,93,0.04703854,1.0,0.0,31.0,21.0,11.0,0.0,19.0,33.0,2.0,1.0,0.6774193548387096,0.5,0.0031359026666666,0.0666666666666666,1.2666666666666666,0.3548387096774194,0.5,51.90803451393733,2.31023671,11,-0.1502232510832633,0.37755613,9.56638584250934,0.3593151763076923,1,1,0,0,3920405,Congo DR,Group Stage,3,Balanced_Phase,0.6643407754308415,-2.0764164351305876
0.42459467,1.0,0.0,52.0,39.0,22.0,1.0,14.0,37.0,3.0,2.0,0.75,0.7777777777777778,0.0283063113333333,0.0666666666666666,0.9333333333333332,0.4230769230769231,0.6666666666666666,63.45308702311334,1.0026857687,9,-0.1488363201270718,94,0.04703854,1.0,0.0,32.0,22.0,11.0,0.0,18.0,30.0,2.0,1.0,0.6875,0.5,0.0031359026666666,0.0666666666666666,1.2,0.34375,0.5,49.919322392725206,2.31023671,11,-0.1401426059219729,0.37755613,13.533764630388134,0.3400844070769231,1,1,0,0,3920405,Congo DR,Group Stage,3,Balanced_Phase,0.5877589449452603,-2.2959547839109065
0.42459467,1.0,0.0,58.0,42.0,26.0,1.0,16.0,34.0,3.0,2.0,0.7241379310344828,0.7777777777777778,0.0283063113333333,0.0666666666666666,1.0666666666666669,0.4482758620689655,0.6666666666666666,64.30588067390698,1.0026857687,9,-0.174698389092589,95,0.04703854,1.0,0.0,34.0,22.0,12.0,0.0,17.0,33.0,2.0,1.0,0.6470588235294118,0.4285714285714285,0.0031359026666666,0.0666666666666666,1.1333333333333333,0.3529411764705882,0.5,49.3211339869281,2.31023671,11,-0.1805837823925611,0.37755613,14.98474668697888,0.4652833460689656,1,1,0,0,3920405,Congo DR,Group Stage,3,Balanced_Phase,0.8622445598376869,-2.8477162709787005
0.476541075,3.0,0.0,55.0,40.0,24.0,2.0,20.0,34.0,3.0,2.0,0.7272727272727273,0.7777777777777778,0.031769405,0.2,1.3333333333333333,0.4363636363636363,0.6666666666666666,67.0295927951191,1.0546321737,11,-0.1715635928543445,96,0.04703854,1.0,0.0,33.0,21.0,12.0,0.0,18.0,42.0,2.0,1.0,0.6363636363636364,0.5,0.0031359026666666,0.0666666666666666,1.2,0.3636363636363636,0.5,46.27185862460927,2.31023671,11,-0.1912789695583365,0.4295025349999999,20.757734170509835,0.5602973076969696,1,1,0,0,3920405,Congo DR,Group Stage,3,Balanced_Phase,0.29850547149876744,-3.220446640574182
0.476541075,3.0,0.0,51.0,38.0,22.0,2.0,18.0,33.0,3.0,2.0,0.7450980392156863,0.7777777777777778,0.031769405,0.2,1.2,0.4313725490196078,0.6666666666666666,69.93604301156932,1.0546321737,11,-0.1537382809113855,97,0.04703854,1.0,0.0,29.0,19.0,10.0,0.0,18.0,39.0,2.0,1.0,0.6551724137931034,0.5,0.0031359026666666,0.0666666666666666,1.2,0.3448275862068966,0.5,44.87130121100837,2.31023671,11,-0.1724701921288695,0.4295025349999999,25.064741800560952,0.4886395536862745,1,1,0,0,3920405,Congo DR,Group Stage,3,Balanced_Phase,-0.06442823910267494,-3.0179519415558707
0.476541075,3.0,0.0,52.0,38.0,22.0,2.0,22.0,35.0,3.0,2.0,0.7307692307692307,0.7777777777777778,0.031769405,0.2,1.4666666666666666,0.4230769230769231,0.6666666666666666,67.8553551808815,1.0546321737,11,-0.1680670893578411,98,0.04703854,1.0,0.0,33.0,22.0,11.0,0.0,19.0,47.0,3.0,1.0,0.6666666666666666,0.4444444444444444,0.0031359026666666,0.0666666666666666,1.2666666666666666,0.3333333333333333,0.3333333333333333,48.416685826392985,2.31023671,11,-0.1609759392553063,0.4295025349999999,19.43866935448852,0.5803439277435898,1,1,0,0,3920405,Congo DR,Group Stage,3,Balanced_Phase,0.36237066807730084,-3.0561338023444176
0.476541075,3.0,0.0,46.0,33.0,18.0,2.0,22.0,33.0,3.0,2.0,0.717391304347826,0.75,0.031769405,0.2,1.4666666666666666,0.391304347826087,0.6666666666666666,64.49749943039417,1.0546321737,11,-0.1814450157792457,99,0.04703854,1.0,0.0,33.0,22.0,11.0,0.0,18.0,47.0,3.0,1.0,0.6666666666666666,0.4444444444444444,0.0031359026666666,0.0666666666666666,1.2,0.3333333333333333,0.3333333333333333,50.43001915972632,2.31023671,11,-0.1609759392553063,0.4295025349999999,14.067480270667858,0.5819046858260869,1,1,0,0,3920405,Congo DR,Group Stage,3,Balanced_Phase,0.6229151369671356,-3.0101837391281268
0.476541075,3.0,0.0,35.0,23.0,15.0,2.0,20.0,27.0,2.0,1.0,0.6571428571428571,0.7142857142857143,0.031769405,0.2,1.3333333333333333,0.4285714285714285,0.5,61.34953646743121,1.0546321737,11,-0.2416934629842146,100,0.04703854,1.0,0.0,30.0,20.0,10.0,0.0,15.0,45.0,3.0,1.0,0.6666666666666666,0.5,0.0031359026666666,0.0666666666666666,1.0,0.3333333333333333,0.3333333333333333,53.002583262290415,2.31023671,11,-0.1609759392553063,0.4295025349999999,8.346953205140792,0.6525050999047619,1,1,0,0,3920405,Congo DR,Group Stage,3,Balanced_Phase,1.3940907253719077,-3.8741520718320595
0.0,0.0,0.0,24.0,23.0,2.0,0.0,1.0,16.0,1.0,1.0,0.9583333333333334,1.0,0.0,0.0,0.0666666666666666,0.0833333333333333,1.0,72.71124999999999,0.0,0,0.0613136033989107,0,0.0,0.0,0.0,1.0,0.0,0.0,0.0,7.0,3.0,1.0,0.0,0.0,,0.0,0.0,0.4666666666666667,0.0,0.0,32.96923076923077,0.0,0,-0.7125757692094675,0.0,39.74201923076922,-0.1166666666666666,0,0,0,90,3920419,Zambia,Group Stage,2,Chasing_Game,-2.8019613207966785,3.724619291974598
0.0,0.0,0.0,31.0,29.0,5.0,0.0,3.0,19.0,1.0,1.0,0.935483870967742,0.6666666666666666,0.0,0.0,0.2,0.1612903225806451,1.0,79.21866847826087,0.0,0,0.0384641410333193,1,0.0,0.0,0.0,6.0,4.0,2.0,0.0,9.0,5.0,1.0,0.0,0.6666666666666666,1.0,0.0,0.0,0.6,0.3333333333333333,0.0,28.16794871794872,0.0,0,-0.0459091025428008,0.0,51.05071976031215,-0.0387096774193548,0,0,0,89,3920419,Zambia,Group Stage,2,Chasing_Game,-2.8331072192403006,2.0864858695707955
0.0,0.0,0.0,31.0,29.0,5.0,0.0,5.0,20.0,1.0,1.0,0.935483870967742,0.6666666666666666,0.0,0.0,0.3333333333333333,0.1612903225806451,1.0,87.24577898550724,0.0,0,0.0384641410333193,2,0.0,0.0,0.0,6.0,4.0,2.0,0.0,9.0,9.0,1.0,0.0,0.6666666666666666,1.0,0.0,0.0,0.6,0.3333333333333333,0.0,24.18974358974359,0.0,0,-0.0459091025428008,0.0,63.05603539576366,0.0279569892473118,0,0,0,88,3920419,Zambia,Group Stage,2,Chasing_Game,-3.244816364190339,1.771253667874273
0.0,0.0,0.0,46.0,42.0,10.0,0.0,5.0,29.0,1.0,1.0,0.9130434782608696,0.7142857142857143,0.0,0.0,0.3333333333333333,0.217391304347826,1.0,76.93717514822134,0.0,0,0.0160237483264469,3,0.0,0.0,0.0,8.0,4.0,4.0,0.0,14.0,10.0,1.0,0.0,0.5,1.0,0.0,0.0,0.9333333333333332,0.5,0.0,32.92980769230769,0.0,0,-0.2125757692094675,0.0,44.00736745591365,-0.0826086956521739,0,0,0,87,3920419,Zambia,Group Stage,2,Chasing_Game,-2.4510609031483117,1.7187155982118802
0.0,0.0,0.0,59.0,54.0,13.0,0.0,6.0,35.0,1.0,1.0,0.9152542372881356,0.6666666666666666,0.0,0.0,0.4,0.2203389830508474,1.0,73.28717601601298,0.0,0,0.018234507353713,4,0.0,0.0,0.0,9.0,5.0,4.0,0.0,18.0,11.0,1.0,0.0,0.5555555555555556,1.0,0.0,0.0,1.2,0.4444444444444444,0.0,35.927846153846154,0.0,0,-0.1570202136539119,0.0,37.35932986216682,-0.1796610169491524,0,0,0,86,3920419,Zambia,Group Stage,2,Chasing_Game,-2.1648319303159087,2.0601286367884812
0.10411586,1.0,0.0,63.0,57.0,15.0,1.0,12.0,39.0,1.0,1.0,0.9047619047619048,0.7,0.0069410573333333,0.0666666666666666,0.8,0.238095238095238,1.0,74.8139510278369,0.10411586,1,0.0077421748274821,5,0.0,0.0,0.0,15.0,10.0,5.0,0.0,19.0,23.0,3.0,1.0,0.6666666666666666,0.75,0.0,0.0,1.2666666666666666,0.3333333333333333,0.3333333333333333,35.664563152896484,0.0,0,-0.0459091025428008,0.10411586,39.14938787494041,0.0186440194285715,0,0,0,85,3920419,Zambia,Group Stage,2,Chasing_Game,-2.174884964814162,1.614950365713967
0.10411586,1.0,0.0,67.0,60.0,16.0,1.0,12.0,45.0,2.0,2.0,0.8955223880597015,0.7,0.0069410573333333,0.0666666666666666,0.8,0.2388059701492537,1.0,76.26285088100305,0.10411586,1,-0.001497341874721,6,0.0,0.0,0.0,16.0,10.0,5.0,0.0,21.0,25.0,3.0,1.0,0.625,0.75,0.0,0.0,1.4,0.3125,0.3333333333333333,38.812482702482704,0.0,0,-0.0875757692094675,0.10411586,37.45036817852034,-0.0473119151840795,0,0,0,84,3920419,Zambia,Group Stage,2,Chasing_Game,-2.0714819496406514,1.6575568680326302
0.15666635,2.0,0.0,82.0,73.0,17.0,2.0,12.0,53.0,3.0,3.0,0.8902439024390244,0.7272727272727273,0.0104444233333333,0.1333333333333333,0.8,0.2073170731707317,1.0,79.20274452087767,0.15666635,2,-0.0067758274953981,7,0.0,0.0,0.0,16.0,10.0,5.0,0.0,25.0,28.0,3.0,1.0,0.625,0.75,0.0,0.0,1.6666666666666667,0.3125,0.3333333333333333,35.81342236467236,0.0,0,-0.0875757692094675,0.15666635,43.38932215620531,-0.205127413495935,0,0,0,83,3920419,Zambia,Group Stage,2,Chasing_Game,-2.7271554549228183,1.6981982073382749
0.15666635,2.0,0.0,89.0,79.0,18.0,2.0,15.0,58.0,4.0,3.0,0.8876404494382022,0.7272727272727273,0.0104444233333333,0.1333333333333333,1.0,0.2022471910112359,0.75,79.68620025787418,0.15666635,2,-0.0093792804962203,8,0.0,0.0,0.0,25.0,17.0,7.0,0.0,28.0,36.0,3.0,1.0,0.68,0.7142857142857143,0.0,0.0,1.8666666666666667,0.28,0.3333333333333333,35.41537926668195,0.0,0,-0.0325757692094674,0.15666635,44.270820991192224,-0.2101972956554307,0,0,0,82,3920419,Zambia,Group Stage,2,Chasing_Game,-2.7012454827715042,1.794161664216347
0.15666635,2.0,0.0,90.0,79.0,18.0,2.0,19.0,61.0,4.0,3.0,0.8777777777777778,0.7272727272727273,0.0104444233333333,0.1333333333333333,1.2666666666666666,0.2,0.75,74.95121659572312,0.15666635,2,-0.0192419521566448,9,0.10121839,1.0,0.0,36.0,28.0,10.0,1.0,28.0,44.0,3.0,1.0,0.7777777777777778,0.75,0.0067478926666666,0.0666666666666666,1.8666666666666667,0.2777777777777778,0.3333333333333333,38.75768749385991,0.10121839,1,0.0652020085683102,0.05544796,36.19352910186322,-0.0926069386666665,0,0,0,81,3920419,Zambia,Group Stage,2,Chasing_Game,-1.7237295893777047,1.7439150380274002
0.15666635,2.0,0.0,96.0,83.0,22.0,2.0,23.0,66.0,4.0,3.0,0.8645833333333334,0.6666666666666666,0.0104444233333333,0.1333333333333333,1.5333333333333334,0.2291666666666666,0.75,73.32428781429374,0.15666635,2,-0.0324363966010892,10,0.10121839,1.0,0.0,40.0,32.0,11.0,1.0,31.0,51.0,3.0,1.0,0.8,0.8,0.0067478926666666,0.0666666666666666,2.066666666666667,0.275,0.3333333333333333,39.20517044896355,0.10121839,1,0.0874242307905325,0.05544796,34.11911736533019,-0.0301069386666668,0,0,0,80,3920419,Zambia,Group Stage,2,Chasing_Game,-1.3429597970831326,1.4804730248533415
0.15666635,2.0,0.0,96.0,83.0,22.0,2.0,23.0,68.0,4.0,3.0,0.8645833333333334,0.6666666666666666,0.0104444233333333,0.1333333333333333,1.5333333333333334,0.2291666666666666,0.75,69.22781938532482,0.15666635,2,-0.0324363966010892,11,0.10121839,1.0,0.0,44.0,33.0,15.0,1.0,31.0,51.0,3.0,1.0,0.75,0.8,0.0067478926666666,0.0666666666666666,2.066666666666667,0.3409090909090909,0.3333333333333333,42.9095014829785,0.10121839,1,0.0374242307905324,0.05544796,26.318317902346323,-0.0301069386666668,0,0,0,79,3920419,Zambia,Group Stage,2,Chasing_Game,-1.0726497035439309,1.5325282437828631
0.15666635,2.0,0.0,104.0,91.0,24.0,2.0,23.0,71.0,4.0,3.0,0.875,0.6666666666666666,0.0104444233333333,0.1333333333333333,1.5333333333333334,0.2307692307692307,0.75,66.8949102018383,0.15666635,2,-0.0220197299344225,12,0.10121839,1.0,0.0,45.0,33.0,16.0,1.0,32.0,51.0,3.0,1.0,0.7333333333333333,0.8,0.0067478926666666,0.0666666666666666,2.1333333333333333,0.3555555555555555,0.3333333333333333,46.05030906121091,0.10121839,1,0.0207575641238657,0.05544796,20.84460114062739,-0.0618377078974357,0,0,0,78,3920419,Zambia,Group Stage,2,Chasing_Game,-0.9452147945880454,1.7600380926531227
0.15666635,2.0,0.0,108.0,93.0,26.0,2.0,25.0,72.0,4.0,3.0,0.8611111111111112,0.6666666666666666,0.0104444233333333,0.1333333333333333,1.6666666666666667,0.2407407407407407,0.75,66.76890013247622,0.15666635,2,-0.0359086188233114,13,0.10121839,1.0,0.0,51.0,38.0,17.0,1.0,33.0,55.0,3.0,1.0,0.7450980392156863,0.8,0.0067478926666666,0.0666666666666666,2.2,0.3333333333333333,0.3333333333333333,46.038273998397145,0.10121839,1,0.0325222700062187,0.05544796,20.730626134079078,-0.0185328645925926,0,0,0,77,3920419,Zambia,Group Stage,2,Chasing_Game,-0.7535322166010902,1.5823427105756367
0.15666635,2.0,0.0,111.0,96.0,27.0,2.0,28.0,74.0,4.0,3.0,0.8648648648648649,0.6923076923076923,0.0104444233333333,0.1333333333333333,1.8666666666666667,0.2432432432432432,0.75,64.69023271623706,0.15666635,2,-0.0321548650695576,14,0.10121839,1.0,0.0,57.0,43.0,20.0,1.0,34.0,60.0,3.0,1.0,0.7543859649122807,0.8333333333333334,0.0067478926666666,0.0666666666666666,2.2666666666666666,0.3508771929824561,0.3333333333333333,46.53030573183734,0.10121839,1,0.0418101957028131,0.05544796,18.159926984399725,0.0506363045765767,0,0,0,76,3920419,Zambia,Group Stage,2,Chasing_Game,-0.6164724450771247,1.6301209800845096
0.22126467,3.0,0.0,108.0,93.0,29.0,3.0,27.0,60.0,3.0,2.0,0.8611111111111112,0.6666666666666666,0.014750978,0.2,1.8,0.2685185185185185,0.6666666666666666,63.64683721359156,0.22126467,3,-0.0359086188233114,15,0.10121839,1.0,0.0,56.0,43.0,20.0,1.0,28.0,57.0,2.0,1.0,0.7678571428571429,0.8333333333333334,0.0067478926666666,0.0666666666666666,1.8666666666666667,0.3571428571428571,0.5,47.26346812499973,0.10121839,1,0.0552813736476753,0.1200462799999999,16.383369088591827,0.2511913558518519,0,0,0,75,3920419,Zambia,Group Stage,2,Chasing_Game,-0.5568035563669022,0.9326570818668958
0.22126467,3.0,0.0,102.0,88.0,26.0,3.0,28.0,57.0,3.0,2.0,0.8627450980392157,0.7272727272727273,0.014750978,0.2,1.8666666666666667,0.2549019607843137,0.6666666666666666,62.22343141649011,0.22126467,3,-0.0342746318952068,16,0.10121839,1.0,0.0,61.0,47.0,22.0,1.0,26.0,62.0,2.0,1.0,0.7704918032786885,0.7142857142857143,0.0067478926666666,0.0666666666666666,1.7333333333333334,0.360655737704918,0.5,47.77124590277752,0.10121839,1,0.0579160340692209,0.1200462799999999,14.452185513712593,0.3375747981176471,0,0,0,74,3920419,Zambia,Group Stage,2,Chasing_Game,-0.49345070989134276,0.9712605740935998
0.22126467,3.0,0.0,117.0,103.0,30.0,3.0,26.0,67.0,4.0,3.0,0.8803418803418803,0.75,0.014750978,0.2,1.7333333333333334,0.2564102564102564,0.75,59.09065363871233,0.22126467,3,-0.0166778495925422,17,0.10121839,1.0,0.0,61.0,47.0,22.0,1.0,31.0,59.0,2.0,1.0,0.7704918032786885,0.7142857142857143,0.0067478926666666,0.0666666666666666,2.066666666666667,0.360655737704918,0.5,48.84235701388862,0.10121839,1,0.0579160340692209,0.1200462799999999,10.248296624823707,0.1057497604102564,0,0,0,73,3920419,Zambia,Group Stage,2,Chasing_Game,-0.6495072801460682,1.5781456073509001
0.22126467,3.0,0.0,104.0,92.0,27.0,3.0,26.0,63.0,5.0,4.0,0.8846153846153846,0.75,0.014750978,0.2,1.7333333333333334,0.2596153846153846,0.8,62.25716879022749,0.22126467,3,-0.012404345319038,18,0.10121839,1.0,0.0,59.0,47.0,20.0,1.0,29.0,58.0,2.0,1.0,0.7966101694915254,0.7142857142857143,0.0067478926666666,0.0666666666666666,1.9333333333333331,0.3389830508474576,0.5,46.13235701388862,0.10121839,1,0.0840344002820578,0.1200462799999999,16.124811776338866,0.1756215552820513,0,0,0,72,3920419,Zambia,Group Stage,2,Chasing_Game,-0.8358138702405642,1.393510282486852
0.22126467,3.0,0.0,93.0,81.0,24.0,3.0,25.0,57.0,5.0,4.0,0.8709677419354839,0.8333333333333334,0.014750978,0.2,1.6666666666666667,0.2580645161290322,0.8,65.80691237997107,0.22126467,3,-0.0260519879989387,19,0.10121839,1.0,0.0,58.0,46.0,20.0,1.0,25.0,58.0,2.0,1.0,0.7931034482758621,0.7142857142857143,0.0067478926666666,0.0666666666666666,1.6666666666666667,0.3448275862068966,0.5,43.54435701388863,0.10121839,1,0.0805276790663945,0.1200462799999999,22.26255536608244,0.2740706867956989,0,0,0,71,3920419,Zambia,Group Stage,2,Chasing_Game,-1.0072809583386424,1.0103754542840768
0.1171488099999999,2.0,0.0,89.0,78.0,22.0,2.0,21.0,55.0,5.0,4.0,0.8764044943820225,0.8,0.0078099206666666,0.1333333333333333,1.4,0.247191011235955,0.8,65.05372397417398,0.22126467,3,-0.0206152355524,20,0.10121839,1.0,0.0,53.0,42.0,20.0,1.0,25.0,51.0,0.0,0.0,0.7924528301886793,0.75,0.0067478926666666,0.0666666666666666,1.6666666666666667,0.3773584905660377,,44.58855454475282,0.10121839,1,0.0798770609792117,0.0159304199999999,20.46516942942116,0.1159817339026216,0,0,0,70,3920419,Zambia,Group Stage,2,Chasing_Game,-0.8279581860951607,1.4396910129514153
0.1171488099999999,2.0,0.0,86.0,76.0,21.0,2.0,22.0,52.0,4.0,3.0,0.8837209302325582,0.8,0.0078099206666666,0.1333333333333333,1.4666666666666666,0.2441860465116279,0.75,60.60914064084064,0.22126467,3,-0.0132987997018644,21,0.10121839,1.0,0.0,53.0,42.0,21.0,1.0,25.0,51.0,0.0,0.0,0.7924528301886793,0.75,0.0067478926666666,0.0666666666666666,1.6666666666666667,0.3962264150943396,,47.27633232253059,0.10121839,1,0.0798770609792117,0.0159304199999999,13.33280831831005,0.1463101025116279,0,0,0,69,3920419,Zambia,Group Stage,2,Chasing_Game,-0.5698130220563542,1.6108546562244908
0.0645983199999999,1.0,0.0,80.0,71.0,24.0,1.0,22.0,48.0,4.0,3.0,0.8875,0.75,0.0043065546666666,0.0666666666666666,1.4666666666666666,0.3,0.75,56.43653111703112,0.22126467,3,-0.0095197299344226,22,0.10121839,1.0,0.0,53.0,42.0,21.0,1.0,22.0,48.0,0.0,0.0,0.7924528301886793,0.75,0.0067478926666666,0.0666666666666666,1.4666666666666666,0.3962264150943396,,49.13944343364172,0.10121839,1,0.0798770609792117,-0.03662007,7.2970876833894,0.2951173240000001,0,0,0,68,3920419,Zambia,Group Stage,2,Chasing_Game,0.17067865972906163,1.4393232566796648
0.0645983199999999,1.0,0.0,78.0,69.0,25.0,1.0,19.0,49.0,4.0,4.0,0.8846153846153846,0.75,0.0043065546666666,0.0666666666666666,1.2666666666666666,0.3205128205128205,1.0,57.9824150576519,0.22126467,3,-0.012404345319038,23,0.10121839,1.0,0.0,45.0,35.0,20.0,1.0,21.0,42.0,0.0,0.0,0.7777777777777778,0.7777777777777778,0.0067478926666666,0.0666666666666666,1.4,0.4444444444444444,,47.41959669034669,0.10121839,1,0.0652020085683102,-0.03662007,10.562818367305212,0.2489634778461539,0,0,0,67,3920419,Zambia,Group Stage,2,Chasing_Game,0.00031374985738587903,1.1861007825897185
0.1207529899999999,2.0,0.0,81.0,73.0,27.0,2.0,16.0,48.0,4.0,4.0,0.9012345679012346,0.75,0.0080501993333333,0.1333333333333333,1.0666666666666669,0.3333333333333333,1.0,60.2844352596721,0.27741934,4,0.0042148379668119,24,0.0,0.0,0.0,38.0,28.0,19.0,0.0,23.0,37.0,0.0,0.0,0.7368421052631579,0.7777777777777778,0.0,0.0,1.5333333333333334,0.5,,45.858699254449256,0.10121839,1,0.0242663360536903,0.1207529899999999,14.425736005222843,0.1161003986666665,0,0,0,66,3920419,Zambia,Group Stage,2,Chasing_Game,-1.1054391108624226,1.128766557207738
0.1207529899999999,2.0,0.0,81.0,75.0,25.0,2.0,12.0,44.0,4.0,4.0,0.925925925925926,1.0,0.0080501993333333,0.1333333333333333,0.8,0.3086419753086419,1.0,59.466733505286136,0.27741934,4,0.0289061959915033,25,0.060287796,1.0,0.0,38.0,27.0,19.0,0.0,20.0,31.0,0.0,0.0,0.7105263157894737,0.7142857142857143,0.0040191864,0.0666666666666666,1.3333333333333333,0.5,,47.05003258778259,0.161506186,2,-0.0020494534199938,0.0604651939999999,12.416700917503547,0.0500373345086421,0,0,0,65,3920419,Zambia,Group Stage,2,Chasing_Game,-1.1793683803523043,1.732563361983086
0.1207529899999999,2.0,0.0,89.0,82.0,29.0,2.0,13.0,43.0,4.0,4.0,0.9213483146067416,1.0,0.0080501993333333,0.1333333333333333,0.8666666666666667,0.3258426966292135,1.0,61.68784461639725,0.27741934,4,0.024328584672319,26,0.060287796,1.0,0.0,38.0,29.0,18.0,0.0,21.0,32.0,0.0,0.0,0.7631578947368421,0.7142857142857143,0.0040191864,0.0666666666666666,1.4,0.4736842105263157,,44.77592003367003,0.161506186,2,0.0505821255273746,0.0604651939999999,16.911924582727217,0.0672380558292136,0,0,0,64,3920419,Zambia,Group Stage,2,Chasing_Game,-1.2477961181097121,1.557087396540391
0.1207529899999999,2.0,0.0,81.0,74.0,27.0,2.0,15.0,42.0,5.0,4.0,0.9135802469135802,1.0,0.0080501993333333,0.1333333333333333,1.0,0.3333333333333333,0.8,64.96384461639724,0.27741934,4,0.0165605169791576,27,0.060287796,1.0,0.0,42.0,33.0,19.0,0.0,20.0,38.0,0.0,0.0,0.7857142857142857,0.6666666666666666,0.0040191864,0.0666666666666666,1.3333333333333333,0.4523809523809524,,41.284681938431945,0.161506186,2,0.0731385165048181,0.0604651939999999,23.67916267796529,0.1747286925333334,0,0,0,63,3920419,Zambia,Group Stage,2,Chasing_Game,-1.3337684465078716,1.2099181160152508
0.165153477,3.0,0.0,84.0,79.0,26.0,3.0,14.0,49.0,6.0,5.0,0.9404761904761904,1.0,0.0110102317999999,0.2,0.9333333333333332,0.3095238095238095,0.8333333333333334,64.94798381053644,0.321819827,5,0.0434564605417678,28,0.060287796,1.0,0.0,41.0,33.0,20.0,0.0,21.0,37.0,0.0,0.0,0.8048780487804879,0.7,0.0040191864,0.0666666666666666,1.4,0.4878048780487805,,40.69412935376171,0.161506186,2,0.0923022795710203,0.1048656809999999,24.25385445677473,0.0901725669904762,0,0,0,62,3920419,Zambia,Group Stage,2,Chasing_Game,-1.9084221341177094,1.4521874182734646
0.165153477,3.0,0.0,83.0,78.0,26.0,3.0,16.0,52.0,6.0,5.0,0.9397590361445785,1.0,0.0110102317999999,0.2,1.0666666666666669,0.3132530120481928,0.8333333333333334,65.00441082578699,0.321819827,5,0.0427393062101557,29,0.0666130754,2.0,0.0,45.0,38.0,20.0,1.0,21.0,42.0,2.0,0.0,0.8444444444444444,0.7272727272727273,0.0044408716933333,0.1333333333333333,1.4,0.4444444444444444,0.0,42.42531178619414,0.1678314654,3,0.1318686752349769,0.0985404016,22.579099039592847,0.1597250655948594,0,0,0,61,3920419,Zambia,Group Stage,2,Chasing_Game,-1.4733188927521288,1.387292962608224
0.100555157,2.0,0.0,71.0,66.0,27.0,2.0,16.0,51.0,6.0,5.0,0.9295774647887324,1.0,0.0067036771333333,0.1333333333333333,1.0666666666666669,0.380281690140845,0.8333333333333334,64.5526973540735,0.321819827,5,0.0325577348543097,30,0.0666130754,2.0,0.0,45.0,38.0,20.0,1.0,20.0,43.0,2.0,0.0,0.8444444444444444,0.7272727272727273,0.0044408716933333,0.1333333333333333,1.3333333333333333,0.4444444444444444,0.0,40.24086734174969,0.1678314654,3,0.1318686752349769,0.0339420816,24.31183001232381,0.2514739676875117,0,0,0,60,3920419,Zambia,Group Stage,2,Chasing_Game,-1.0016332408838413,1.0457447169770195
0.100555157,2.0,0.0,70.0,65.0,27.0,2.0,13.0,51.0,6.0,5.0,0.9285714285714286,1.0,0.0067036771333333,0.1333333333333333,0.8666666666666667,0.3857142857142857,0.8333333333333334,63.61333837971453,0.321819827,5,0.031551698637006,31,0.0666130754,2.0,0.0,35.0,30.0,16.0,1.0,20.0,36.0,2.0,0.0,0.8571428571428571,0.875,0.0044408716933333,0.1333333333333333,1.3333333333333333,0.4571428571428571,0.0,38.921978452860806,0.1678314654,3,0.1445670879333895,0.0339420816,24.69135992685373,0.1569065632609524,0,0,0,59,3920419,Zambia,Group Stage,2,Chasing_Game,-1.110582852625736,1.0552423635736727
0.100555157,2.0,0.0,55.0,50.0,23.0,2.0,13.0,40.0,5.0,4.0,0.9090909090909092,1.0,0.0067036771333333,0.1333333333333333,0.8666666666666667,0.4181818181818181,0.8,63.211757183133344,0.321819827,5,0.0120711791564864,32,0.0666130754,2.0,0.0,35.0,30.0,16.0,1.0,15.0,35.0,2.0,0.0,0.8571428571428571,0.875,0.0044408716933333,0.1333333333333333,1.0,0.4571428571428571,0.0,37.51531178619414,0.1678314654,3,0.1445670879333895,0.0339420816,25.696445396939204,0.3560407623951515,0,0,0,58,3920419,Zambia,Group Stage,2,Chasing_Game,-0.7982796875122016,0.3775206392303314
0.100555157,2.0,0.0,54.0,49.0,21.0,2.0,13.0,39.0,4.0,3.0,0.9074074074074074,1.0,0.0067036771333333,0.1333333333333333,0.8666666666666667,0.3888888888888889,0.75,63.37496064633681,0.321819827,5,0.0103876774729848,33,0.0666130754,2.0,0.0,35.0,30.0,16.0,1.0,14.0,36.0,2.0,0.0,0.8571428571428571,0.875,0.0044408716933333,0.1333333333333333,0.9333333333333332,0.4571428571428571,0.0,38.08864511952747,0.1678314654,3,0.1445670879333895,0.0339420816,25.28631552680934,0.3600811664355555,0,0,0,57,3920419,Zambia,Group Stage,2,Chasing_Game,-0.8278111217229217,0.44656501271981786
0.164566962,3.0,0.0,54.0,50.0,22.0,3.0,13.0,40.0,4.0,3.0,0.925925925925926,1.0,0.0109711308,0.2,0.8666666666666667,0.4074074074074074,0.75,62.470516201892366,0.385831632,6,0.0289061959915033,34,0.0666130754,2.0,0.0,38.0,32.0,18.0,1.0,14.0,36.0,2.0,0.0,0.8421052631578947,0.875,0.0044408716933333,0.1333333333333333,0.9333333333333332,0.4736842105263157,0.0,38.97054988143224,0.1678314654,3,0.1295294939484271,0.0979538866,23.49996632046013,0.3871345922874074,0,0,0,56,3920419,Zambia,Group Stage,2,Chasing_Game,-1.0793082424089262,0.33887761349739826
0.164566962,3.0,0.0,61.0,57.0,24.0,3.0,12.0,43.0,5.0,4.0,0.9344262295081968,1.0,0.0109711308,0.2,0.8,0.3934426229508196,0.8,60.98607175744792,0.385831632,6,0.0374064995737741,35,0.1088122024,3.0,0.0,40.0,34.0,18.0,2.0,15.0,34.0,2.0,0.0,0.85,0.875,0.0072541468266666,0.2,1.0,0.45,0.0,39.2885591406915,0.2100305924,4,0.1374242307905324,0.0557547596,21.69751261675642,0.3008765908974864,0,0,0,55,3920419,Zambia,Group Stage,2,Chasing_Game,-0.8263923337240876,0.6027363804995035
0.164566962,3.0,0.0,78.0,74.0,30.0,4.0,11.0,47.0,5.0,4.0,0.9487179487179488,1.0,0.0109711308,0.2,0.7333333333333333,0.3846153846153846,0.8,64.27752237473187,0.385831632,6,0.051698218783526,36,0.1088122024,3.0,0.0,39.0,34.0,17.0,2.0,18.0,32.0,2.0,0.0,0.8717948717948718,0.875,0.0072541468266666,0.2,1.2,0.4358974358974359,0.0,34.50478136291372,0.2100305924,4,0.1592191025854042,0.0557547596,29.772741011818155,0.158716019228718,0,0,0,54,3920419,Zambia,Group Stage,2,Chasing_Game,-1.3748129844916155,0.8417928442876274
0.621191592,5.0,1.0,69.0,66.0,26.0,4.0,11.0,46.0,4.0,3.0,0.9565217391304348,1.0,0.0414127728,0.3333333333333333,0.7333333333333333,0.3768115942028985,0.75,69.29799856520806,0.842456262,8,0.0595020091960122,37,0.1088122024,3.0,0.0,39.0,34.0,17.0,2.0,19.0,32.0,2.0,0.0,0.8717948717948718,0.875,0.0072541468266666,0.2,1.2666666666666666,0.4358974358974359,0.0,32.0986702518026,0.2100305924,4,0.1592191025854042,0.5123793896,37.19932831340546,0.1784621794828985,1,0,1,53,3920419,Zambia,Group Stage,1,Dominant_Efficient,-2.754731499933593,-0.0538497487092333
0.621191592,5.0,1.0,66.0,64.0,24.0,4.0,12.0,40.0,3.0,2.0,0.9696969696969696,1.0,0.0414127728,0.3333333333333333,0.8,0.3636363636363636,0.6666666666666666,65.87685821433087,0.842456262,8,0.0726772397625471,38,0.1088122024,3.0,0.0,46.0,41.0,17.0,2.0,17.0,32.0,2.0,0.0,0.8913043478260869,0.8888888888888888,0.0072541468266666,0.2,1.1333333333333333,0.3695652173913043,0.0,34.1276601507925,0.2100305924,4,0.1787285786166194,0.5123793896,31.749198063538365,0.2652869489163637,1,0,1,52,3920419,Zambia,Group Stage,1,Dominant_Efficient,-2.515666567250226,0.19943881123194906
0.618531178,5.0,1.0,74.0,72.0,25.0,4.0,11.0,46.0,6.0,3.0,0.972972972972973,1.0,0.0412354118666666,0.3333333333333333,0.7333333333333333,0.3378378378378378,0.5,65.7604757853903,0.895950518,9,0.0759532430385504,39,0.1088122024,3.0,0.0,42.0,37.0,15.0,2.0,17.0,33.0,2.0,0.0,0.8809523809523809,0.875,0.0072541468266666,0.2,1.1333333333333333,0.3571428571428571,0.0,32.76849348412584,0.2100305924,4,0.1683766117429134,0.5097189756,32.99198230126446,0.2058003679178378,1,0,1,51,3920419,Zambia,Group Stage,1,Dominant_Efficient,-2.684099807213669,0.37971463998034644
0.626571262,6.0,1.0,78.0,75.0,24.0,5.0,12.0,45.0,6.0,3.0,0.9615384615384616,1.0,0.0417714174666666,0.4,0.8,0.3076923076923077,0.5,67.39887868920155,0.903990602,10,0.0645187316040389,40,0.0485244064,2.0,0.0,41.0,36.0,16.0,2.0,18.0,34.0,3.0,0.0,0.8780487804878049,0.875,0.0032349604266666,0.1333333333333333,1.2,0.3902439024390244,0.0,31.496826817459173,0.2100305924,4,0.1654730112783373,0.5780468556,35.90205187174238,0.1847652217723078,1,0,1,50,3920419,Zambia,Group Stage,1,Dominant_Efficient,-3.3482146798859485,0.2360597546211444
0.626571262,6.0,1.0,81.0,78.0,24.0,5.0,13.0,51.0,6.0,3.0,0.9629629629629628,1.0,0.0417714174666666,0.4,0.8666666666666667,0.2962962962962963,0.5,68.96753365996179,0.903990602,10,0.0659432330285403,41,0.0485244064,2.0,0.0,39.0,34.0,14.0,2.0,20.0,38.0,3.0,0.0,0.8717948717948718,0.7777777777777778,0.0032349604266666,0.1333333333333333,1.3333333333333333,0.358974358974359,0.0,29.39789907853143,0.2100305924,4,0.1592191025854042,0.5780468556,39.56963458143036,0.140035877042963,1,0,1,49,3920419,Zambia,Group Stage,1,Dominant_Efficient,-3.528827337890074,0.3505439640089985
0.626571262,6.0,1.0,97.0,94.0,27.0,5.0,11.0,56.0,5.0,3.0,0.9690721649484536,1.0,0.0417714174666666,0.4,0.7333333333333333,0.2783505154639175,0.6,67.65553365996179,0.903990602,10,0.072052435014031,42,0.0485244064,2.0,0.0,37.0,32.0,14.0,2.0,22.0,33.0,3.0,0.0,0.8648648648648649,0.75,0.0032349604266666,0.1333333333333333,1.4666666666666666,0.3783783783783784,0.0,31.979137173769526,0.2100305924,4,0.1522890956553974,0.5780468556,35.67639648619226,-0.0112432371227491,1,0,1,48,3920419,Zambia,Group Stage,1,Dominant_Efficient,-3.5968571463418995,0.7035365796757255
0.582170775,5.0,1.0,95.0,91.0,28.0,4.0,13.0,51.0,4.0,2.0,0.9578947368421052,1.0,0.038811385,0.3333333333333333,0.8666666666666667,0.2947368421052631,0.5,69.41671160482393,0.903990602,10,0.0608750069076826,43,0.0485244064,2.0,0.0,34.0,28.0,13.0,2.0,21.0,36.0,3.0,0.0,0.8235294117647058,0.6666666666666666,0.0032349604266666,0.1333333333333333,1.4,0.3823529411764705,0.0,30.259235212985217,0.2100305924,4,0.1109536425552383,0.5336463686,39.15747639183871,0.0992230245852632,1,0,1,47,3920419,Zambia,Group Stage,1,Dominant_Efficient,-3.3002918885750883,0.4789995593940948
0.582170775,5.0,1.0,94.0,90.0,27.0,4.0,8.0,47.0,4.0,2.0,0.9574468085106383,1.0,0.038811385,0.3333333333333333,0.5333333333333333,0.2872340425531915,0.5,74.21035866364747,0.903990602,10,0.0604270785762157,44,0.042199127,1.0,0.0,25.0,18.0,10.0,1.0,21.0,26.0,1.0,0.0,0.72,0.5,0.0028132751333333,0.0666666666666666,1.4,0.4,0.0,25.460136113886115,0.2100305924,4,0.0074242307905324,0.5399716480000001,48.75022254976136,-0.0741030710468084,1,0,1,46,3920419,Zambia,Group Stage,1,Dominant_Efficient,-4.142048888740928,0.47574320293644906
0.582170775,5.0,1.0,92.0,88.0,23.0,4.0,9.0,50.0,4.0,2.0,0.9565217391304348,0.875,0.038811385,0.3333333333333333,0.6,0.25,0.5,74.48551763800646,0.903990602,10,0.0595020091960122,45,0.042199127,1.0,0.0,31.0,22.0,13.0,1.0,23.0,29.0,2.0,1.0,0.7096774193548387,0.5,0.0028132751333333,0.0666666666666666,1.5333333333333334,0.4193548387096774,0.5,28.97984625881365,0.2100305924,4,-0.0028983498546287,0.5399716480000001,45.505671379192805,-0.1446704469333334,1,0,1,45,3920419,Zambia,Group Stage,1,Dominant_Efficient,-4.031227559135035,0.6148455275413561
1.000991012,7.0,1.0,111.0,106.0,30.0,6.0,9.0,69.0,4.0,2.0,0.954954954954955,0.9285714285714286,0.0667327341333333,0.4666666666666667,0.6,0.2702702702702703,0.5,76.4456689620922,1.322810839,12,0.0579352250205323,46,0.042199127,1.0,0.0,31.0,22.0,13.0,1.0,31.0,29.0,2.0,1.0,0.7096774193548387,0.5,0.0028132751333333,0.0666666666666666,2.066666666666667,0.4193548387096774,0.5,30.75984625881365,0.2100305924,4,-0.0028983498546287,0.958791885,45.68582270327855,-0.3352241450630632,1,0,1,44,3920419,Zambia,Group Stage,1,Dominant_Efficient,-5.157080203121669,0.09057231518329226
1.000991012,7.0,1.0,113.0,107.0,31.0,6.0,10.0,69.0,4.0,2.0,0.9469026548672568,0.9285714285714286,0.0667327341333333,0.4666666666666667,0.6666666666666666,0.2743362831858407,0.5,75.94669460311782,1.322810839,12,0.049882924932834,47,0.042199127,1.0,0.0,35.0,25.0,15.0,1.0,31.0,33.0,2.0,1.0,0.7142857142857143,0.5714285714285714,0.0028132751333333,0.0666666666666666,2.066666666666667,0.4285714285714285,0.5,34.14725366622106,0.2100305924,4,0.0017099450762467,0.958791885,41.79944093689676,-0.2978247988141594,1,0,1,43,3920419,Zambia,Group Stage,1,Dominant_Efficient,-4.899547059144675,-0.0009772369751259178
1.000991012,7.0,1.0,112.0,106.0,31.0,6.0,11.0,66.0,4.0,2.0,0.9464285714285714,0.9285714285714286,0.0667327341333333,0.4666666666666667,0.7333333333333333,0.2767857142857143,0.5,71.9517739681972,1.322810839,12,0.0494088414941488,48,0.042199127,1.0,0.0,35.0,25.0,15.0,1.0,30.0,34.0,3.0,1.0,0.7142857142857143,0.5714285714285714,0.0028132751333333,0.0666666666666666,2.0,0.4285714285714285,0.3333333333333333,37.89525366622106,0.2100305924,4,0.0017099450762467,0.958791885,34.05652030197614,-0.2287087010476191,1,0,1,42,3920419,Zambia,Group Stage,1,Dominant_Efficient,-4.50816605961026,0.03725920912912526
0.936979207,6.0,1.0,111.0,104.0,31.0,5.0,12.0,65.0,4.0,2.0,0.9369369369369368,0.9285714285714286,0.0624652804666666,0.4,0.8,0.2792792792792792,0.5,69.2706628570861,1.322810839,12,0.0399172070025143,49,0.042199127,1.0,0.0,38.0,28.0,15.0,1.0,30.0,35.0,3.0,1.0,0.7368421052631579,0.5,0.0028132751333333,0.0666666666666666,2.0,0.3947368421052631,0.3333333333333333,38.484182237649634,0.2100305924,4,0.0242663360536903,0.8947800800000001,30.78648061943646,-0.2014167100540541,1,0,1,41,3920419,Zambia,Group Stage,1,Dominant_Efficient,-3.9918350505205864,0.20428969937620925
0.936979207,6.0,1.0,110.0,102.0,30.0,5.0,13.0,67.0,4.0,2.0,0.9272727272727272,0.8666666666666667,0.0624652804666666,0.4,0.8666666666666667,0.2727272727272727,0.5,68.23524063486387,1.322810839,12,0.0302529973383046,50,0.0766718,1.0,0.0,40.0,28.0,15.0,1.0,32.0,36.0,3.0,1.0,0.7,0.5,0.0051114533333333,0.0666666666666666,2.1333333333333333,0.375,0.3333333333333333,40.03470759996847,0.2867023924,5,-0.0125757692094675,0.8603074070000001,28.2005330348954,-0.2458984063393939,1,0,1,40,3920419,Zambia,Group Stage,1,Dominant_Efficient,-3.7126880245169622,0.23174684747582847
1.041774633,7.0,1.0,93.0,85.0,25.0,5.0,15.0,60.0,4.0,2.0,0.913978494623656,0.8461538461538461,0.0694516422,0.4666666666666667,1.0,0.2688172043010752,0.5,69.22795668424659,1.427606265,13,0.0169587646892332,51,0.0766718,1.0,0.0,53.0,41.0,17.0,1.0,27.0,41.0,3.0,1.0,0.7735849056603774,0.6,0.0051114533333333,0.0666666666666666,1.8,0.320754716981132,0.3333333333333333,40.90968195894283,0.2867023924,5,0.0610091364509098,0.965102833,28.31827472530376,-0.0025024179655914,1,0,1,39,3920419,Zambia,Group Stage,1,Dominant_Efficient,-3.689627180485515,-0.4624355247106275
0.585150003,5.0,0.0,94.0,85.0,26.0,5.0,15.0,60.0,4.0,2.0,0.9042553191489362,0.8461538461538461,0.0390100002,0.3333333333333333,1.0,0.2765957446808511,0.5,62.68662335091325,1.427606265,13,0.0072355892145136,52,0.0766718,1.0,0.0,61.0,47.0,20.0,1.0,25.0,41.0,3.0,1.0,0.7704918032786885,0.6,0.0051114533333333,0.0666666666666666,1.6666666666666667,0.3278688524590163,0.3333333333333333,45.83225771651858,0.2867023924,5,0.0579160340692209,0.508478203,16.854365634394668,0.011059505080851,1,0,1,38,3920419,Zambia,Group Stage,1,Dominant_Efficient,-2.085147783317205,0.4274488007774328
0.585150003,5.0,0.0,94.0,84.0,28.0,5.0,16.0,61.0,4.0,2.0,0.8936170212765957,0.8461538461538461,0.0390100002,0.3333333333333333,1.0666666666666669,0.2978723404255319,0.5,61.15733763662753,1.427606265,13,-0.0034027086578268,53,0.0766718,1.0,0.0,60.0,46.0,21.0,1.0,25.0,44.0,3.0,1.0,0.7666666666666667,0.6363636363636364,0.0051114533333333,0.0666666666666666,1.6666666666666667,0.35,0.3333333333333333,47.66665963039418,0.2867023924,5,0.0540908974571991,0.508478203,13.490678006233352,0.0656694341588651,1,0,1,37,3920419,Zambia,Group Stage,1,Dominant_Efficient,-1.7930382187794782,0.20049009534533985
0.531655747,4.0,0.0,90.0,79.0,27.0,4.0,19.0,57.0,1.0,1.0,0.8777777777777778,0.8461538461538461,0.0354437164666666,0.2666666666666666,1.2666666666666666,0.3,1.0,59.94329860962941,1.427606265,13,-0.0192419521566448,54,0.0766718,1.0,0.0,68.0,52.0,23.0,1.0,25.0,47.0,3.0,1.0,0.7647058823529411,0.6153846153846154,0.0051114533333333,0.0666666666666666,1.6666666666666667,0.3382352941176471,0.3333333333333333,49.99725486848943,0.2867023924,5,0.0521301131434736,0.4549839469999999,9.94604374113998,0.1606645262666666,1,0,1,36,3920419,Zambia,Group Stage,1,Dominant_Efficient,-1.1842084926712586,0.19892779116619105
0.523615663,3.0,0.0,98.0,87.0,29.0,3.0,18.0,62.0,1.0,1.0,0.8877551020408163,0.8666666666666667,0.0349077108666666,0.2,1.2,0.2959183673469387,1.0,58.71693079353745,1.427606265,13,-0.0092646278936062,55,0.0766718,1.0,0.0,66.0,50.0,22.0,1.0,26.0,46.0,2.0,1.0,0.7575757575757576,0.6153846153846154,0.0051114533333333,0.0666666666666666,1.7333333333333334,0.3333333333333333,0.5,49.60158820182276,0.2867023924,5,0.04499998836629,0.4469438629999999,9.115342591714692,0.0888442157469386,1,0,1,35,3920419,Zambia,Group Stage,2,Chasing_Game,-1.1368054077323373,0.5588299802130636
0.523615663,3.0,0.0,92.0,81.0,26.0,3.0,22.0,57.0,1.0,1.0,0.8804347826086957,0.8571428571428571,0.0349077108666666,0.2,1.4666666666666666,0.2826086956521739,1.0,56.66698693388833,1.427606265,13,-0.0165849473257269,56,0.0766718,1.0,0.0,78.0,61.0,27.0,1.0,24.0,58.0,2.0,1.0,0.782051282051282,0.7058823529411765,0.0051114533333333,0.0666666666666666,1.6,0.3461538461538461,0.5,52.39687957711413,0.2867023924,5,0.0694755128418145,0.4469438629999999,4.270107356774204,0.2755345440521739,1,0,1,34,3920419,Zambia,Group Stage,2,Chasing_Game,-0.7333616990456969,0.38345057268713245
0.523615663,3.0,0.0,94.0,81.0,30.0,3.0,24.0,55.0,1.0,1.0,0.8617021276595744,0.7692307692307693,0.0349077108666666,0.2,1.6,0.3191489361702128,1.0,55.20047121061789,1.427606265,13,-0.0353176022748481,57,0.0766718,1.0,0.0,76.0,60.0,26.0,1.0,24.0,60.0,2.0,1.0,0.7894736842105263,0.7647058823529411,0.0051114533333333,0.0666666666666666,1.6,0.3421052631578947,0.5,53.4975462437808,0.2867023924,5,0.0768979150010588,0.4469438629999999,1.7029249668370952,0.3787414512368796,1,0,1,33,3920419,Zambia,Group Stage,3,Balanced_Phase,-0.24478007727179513,-0.11047540412111898
0.523615663,3.0,0.0,90.0,77.0,29.0,3.0,26.0,53.0,1.0,1.0,0.8555555555555555,0.7692307692307693,0.0349077108666666,0.2,1.7333333333333334,0.3222222222222222,1.0,51.39007248653496,1.427606265,13,-0.041464174378867,58,0.1087054819999999,2.0,0.0,84.0,68.0,28.0,2.0,23.0,68.0,3.0,2.0,0.8095238095238095,0.7894736842105263,0.0072470321333333,0.1333333333333333,1.5333333333333334,0.3333333333333333,0.6666666666666666,57.21042503165959,0.3187360744,6,0.096948040314342,0.414910181,-5.820352545124635,0.4775435796888888,1,0,1,32,3920419,Zambia,Group Stage,3,Balanced_Phase,0.5144078408068484,-0.19576069794478293
0.523615663,3.0,0.0,90.0,76.0,30.0,3.0,28.0,53.0,1.0,1.0,0.8444444444444444,0.7692307692307693,0.0349077108666666,0.2,1.8666666666666667,0.3333333333333333,1.0,46.14407248653495,1.427606265,13,-0.0525752854899781,59,0.1087054819999999,2.0,0.0,85.0,70.0,29.0,2.0,22.0,74.0,4.0,3.0,0.8235294117647058,0.7894736842105263,0.0072470321333333,0.1333333333333333,1.4666666666666666,0.3411764705882353,0.75,62.44449910573366,0.3187360744,6,0.1109536425552383,0.414910181,-16.30042661919871,0.5886546908,1,0,1,31,3920419,Zambia,Group Stage,3,Balanced_Phase,1.1425287438486689,-0.29811276291018746
0.523615663,3.0,0.0,91.0,78.0,29.0,3.0,29.0,52.0,1.0,1.0,0.8571428571428571,0.8333333333333334,0.0349077108666666,0.2,1.9333333333333331,0.3186813186813186,1.0,44.71814428140676,1.427606265,13,-0.0398768727915654,60,0.1161628314,3.0,0.0,80.0,67.0,26.0,3.0,22.0,72.0,4.0,3.0,0.8375,0.7894736842105263,0.00774418876,0.2,1.4666666666666666,0.325,0.75,63.59145562747279,0.3261934238,7,0.1249242307905325,0.4074528315999999,-18.873311346066032,0.6063416962279852,1,0,1,30,3920419,Zambia,Group Stage,3,Balanced_Phase,1.3614014795060994,-0.04100443060032724
0.104795426,1.0,0.0,84.0,72.0,24.0,1.0,33.0,38.0,1.0,1.0,0.8571428571428571,0.6666666666666666,0.0069863617333333,0.0666666666666666,2.2,0.2857142857142857,1.0,43.39341253774057,1.427606265,13,-0.0398768727915654,61,0.1161628314,3.0,0.0,82.0,69.0,26.0,3.0,17.0,78.0,4.0,3.0,0.8414634146341463,0.8095238095238095,0.00774418876,0.2,1.1333333333333333,0.3170731707317073,0.75,64.22963744565462,0.3261934238,7,0.1288876454246788,-0.0113674054,-20.836224907914044,0.8175319649942858,1,0,1,29,3920419,Zambia,Group Stage,3,Balanced_Phase,2.7117219319113115,0.47313772112251046
0.104795426,1.0,0.0,82.0,71.0,23.0,1.0,33.0,38.0,1.0,1.0,0.8658536585365854,0.6666666666666666,0.0069863617333333,0.0666666666666666,2.2,0.2804878048780488,1.0,44.54007920440724,1.427606265,13,-0.0311660713978372,62,0.1161628314,3.0,0.0,85.0,73.0,26.0,3.0,17.0,77.0,4.0,3.0,0.8588235294117647,0.8,0.00774418876,0.2,1.1333333333333333,0.3058823529411765,0.75,63.79397606999324,0.3261934238,7,0.1462477602022971,-0.0113674054,-19.253896865586,0.8123054841580488,1,0,1,28,3920419,Zambia,Group Stage,3,Balanced_Phase,2.587618365234758,0.5588158165243065
0.104795426,1.0,0.0,84.0,72.0,23.0,1.0,35.0,40.0,1.0,1.0,0.8571428571428571,0.5714285714285714,0.0069863617333333,0.0666666666666666,2.333333333333333,0.2738095238095238,1.0,43.29361455794261,1.427606265,13,-0.0398768727915654,63,0.1598679374,4.0,0.0,93.0,80.0,27.0,4.0,17.0,82.0,4.0,4.0,0.8602150537634409,0.8095238095238095,0.0106578624933333,0.2666666666666666,1.1333333333333333,0.2903225806451613,1.0,64.23356227688978,0.3698985298,8,0.1476392845539733,-0.0550725113999999,-20.93994771894718,0.8664665222895238,1,0,1,27,3920419,Zambia,Group Stage,3,Balanced_Phase,3.1815953533655774,0.34959664562758463
0.104795426,1.0,0.0,85.0,73.0,24.0,1.0,35.0,42.0,1.0,1.0,0.8588235294117647,0.5714285714285714,0.0069863617333333,0.0666666666666666,2.333333333333333,0.2823529411764706,1.0,41.22156327589132,1.427606265,13,-0.0381962005226579,64,0.1598679374,4.0,0.0,94.0,80.0,27.0,4.0,17.0,85.0,5.0,5.0,0.851063829787234,0.85,0.0106578624933333,0.2666666666666666,1.1333333333333333,0.2872340425531915,1.0,67.67701465784216,0.3698985298,8,0.1384880605777665,-0.0550725113999999,-26.455451381950844,0.8750099396564706,1,0,1,26,3920419,Zambia,Group Stage,3,Balanced_Phase,3.42803302387224,0.41678597690318225
0.104795426,1.0,0.0,81.0,68.0,25.0,1.0,37.0,35.0,0.0,0.0,0.8395061728395061,0.6666666666666666,0.0069863617333333,0.0666666666666666,2.466666666666667,0.3086419753086419,,44.14642994255799,1.427606265,13,-0.0575135570949164,65,0.0831961374,3.0,0.0,98.0,85.0,30.0,3.0,13.0,89.0,5.0,5.0,0.8673469387755102,0.8695652173913043,0.00554640916,0.2,0.8666666666666667,0.3061224489795918,1.0,64.84927775706178,0.3698985298,8,0.1547711695660426,0.0215992885999999,-20.7028478145038,1.1115218804553086,1,0,1,25,3920419,Zambia,Group Stage,3,Balanced_Phase,3.088937882758531,-0.22730456641562774
0.0,0.0,0.0,96.0,83.0,29.0,0.0,35.0,43.0,0.0,0.0,0.8645833333333334,0.75,0.0,0.0,2.333333333333333,0.3020833333333333,,41.32601327589132,1.427606265,13,-0.0324363966010892,66,0.0831961374,3.0,0.0,86.0,72.0,28.0,3.0,18.0,84.0,5.0,5.0,0.8372093023255814,0.8571428571428571,0.00554640916,0.2,1.2,0.3255813953488372,1.0,66.79125577903982,0.3698985298,8,0.1246335331161139,-0.0831961374,-25.46524250314849,0.8576571816799999,1,0,1,24,3920419,Zambia,Group Stage,3,Balanced_Phase,3.128814538691759,0.8196285105974194
0.0,0.0,0.0,96.0,83.0,29.0,0.0,36.0,40.0,0.0,0.0,0.8645833333333334,0.75,0.0,0.0,2.4,0.3020833333333333,,44.11845772033576,1.427606265,13,-0.0324363966010892,67,0.0831961374,3.0,0.0,83.0,71.0,27.0,3.0,18.0,86.0,5.0,5.0,0.8554216867469879,0.8636363636363636,0.00554640916,0.2,1.2,0.3253012048192771,1.0,63.6461042638883,0.3698985298,8,0.1428459175375204,-0.0831961374,-19.52764654355253,0.8909905150133332,1,0,1,23,3920419,Zambia,Group Stage,3,Balanced_Phase,2.9258278183945645,0.6635480536522187
0.0,0.0,0.0,101.0,89.0,29.0,0.0,35.0,42.0,0.0,0.0,0.8811881188118812,0.7777777777777778,0.0,0.0,2.333333333333333,0.2871287128712871,,45.16641010128815,1.427606265,13,-0.0158316111225413,68,0.0831961374,3.0,0.0,87.0,75.0,26.0,3.0,19.0,83.0,5.0,5.0,0.8620689655172413,0.8571428571428571,0.00554640916,0.2,1.2666666666666666,0.2988505747126437,1.0,62.27763308594343,0.3698985298,8,0.1494931963077738,-0.0831961374,-17.111222984655278,0.8093692278846205,1,0,1,22,3920419,Zambia,Group Stage,3,Balanced_Phase,2.6132026409167968,1.0022689214574168
0.0,0.0,0.0,104.0,91.0,30.0,0.0,33.0,42.0,0.0,0.0,0.875,0.7,0.0,0.0,2.2,0.2884615384615384,,45.3136834090787,1.427606265,13,-0.0220197299344225,69,0.0831961374,3.0,0.0,80.0,69.0,24.0,3.0,19.0,77.0,5.0,5.0,0.8625,0.85,0.00554640916,0.2,1.2666666666666666,0.3,1.0,61.76231562562597,0.3698985298,8,0.1499242307905325,-0.0831961374,-16.448632216547274,0.744035386808205,1,0,1,21,3920419,Zambia,Group Stage,3,Balanced_Phase,2.6271286382313854,0.869336780309754
0.0,0.0,0.0,86.0,74.0,27.0,0.0,34.0,37.0,0.0,0.0,0.8604651162790697,0.625,0.0,0.0,2.2666666666666666,0.313953488372093,,47.10901674241202,1.427606265,13,-0.0365546136553528,70,0.0831961374,3.0,0.0,85.0,75.0,24.0,3.0,17.0,76.0,5.0,5.0,0.8823529411764706,0.85,0.00554640916,0.2,1.1333333333333333,0.2823529411764706,1.0,61.36631562562597,0.3698985298,8,0.169777171967003,-0.0831961374,-14.257298883213949,0.8695273367187597,1,0,1,20,3920419,Zambia,Group Stage,3,Balanced_Phase,2.8774427894905608,0.32617945185258446
0.0,0.0,0.0,81.0,70.0,26.0,0.0,28.0,35.0,0.0,0.0,0.8641975308641975,0.5714285714285714,0.0,0.0,1.8666666666666667,0.3209876543209876,,48.95141674241202,1.427606265,13,-0.0328221990702251,71,0.0831961374,3.0,0.0,80.0,71.0,21.0,3.0,16.0,62.0,5.0,5.0,0.8875,0.875,0.00554640916,0.2,1.0666666666666669,0.2625,1.0,60.95704514302216,0.3698985298,8,0.1749242307905324,-0.0831961374,-12.005628400610137,0.7098948360009875,1,0,1,19,3920419,Zambia,Group Stage,3,Balanced_Phase,2.6574010263270518,0.3377376946496947
0.0,0.0,0.0,65.0,54.0,21.0,0.0,26.0,31.0,0.0,0.0,0.8307692307692308,0.6666666666666666,0.0,0.0,1.7333333333333334,0.3230769230769231,,48.12993246568247,1.427606265,13,-0.0662504991651917,72,0.0831961374,3.0,0.0,79.0,70.0,20.0,3.0,14.0,61.0,5.0,5.0,0.8860759493670886,0.8666666666666667,0.00554640916,0.2,0.9333333333333332,0.2531645569620253,1.0,59.92704514302216,0.3698985298,8,0.173500180157621,-0.0831961374,-11.797112677339683,0.711984104756923,1,0,1,18,3920419,Zambia,Group Stage,3,Balanced_Phase,2.779888233309833,0.023390931890773684
0.0,0.0,0.0,67.0,56.0,22.0,0.0,21.0,34.0,0.0,0.0,0.835820895522388,0.5714285714285714,0.0,0.0,1.4,0.3283582089552239,,49.04168071743072,1.427606265,13,-0.0611988344120345,73,0.0511624554,2.0,0.0,74.0,64.0,19.0,2.0,16.0,49.0,4.0,4.0,0.8648648648648649,0.9090909090909092,0.00341083036,0.1333333333333333,1.0666666666666669,0.2567567567567567,1.0,59.089362433574735,0.3698985298,8,0.1522890956553974,-0.0511624554,-10.04768171614402,0.4882032149018905,1,0,1,17,3920419,Zambia,Group Stage,3,Balanced_Phase,2.247000141952737,0.1747372822472738
0.0,0.0,0.0,78.0,67.0,25.0,0.0,21.0,40.0,0.0,0.0,0.8589743589743589,0.6666666666666666,0.0,0.0,1.4,0.3205128205128205,,52.1042203999704,1.427606265,13,-0.0380453709600636,74,0.0511624554,2.0,0.0,74.0,63.0,20.0,2.0,18.0,49.0,3.0,3.0,0.8513513513513513,0.8461538461538461,0.00341083036,0.1333333333333333,1.2,0.2702702702702703,1.0,56.37682682103913,0.3698985298,8,0.1387755821418838,-0.0511624554,-4.272606421068737,0.4136911597928204,1,0,1,16,3920419,Zambia,Group Stage,3,Balanced_Phase,1.6977905091743557,0.528588079454706
0.0,0.0,0.0,70.0,59.0,25.0,0.0,19.0,37.0,0.0,0.0,0.8428571428571429,0.625,0.0,0.0,1.2666666666666666,0.3571428571428571,,54.941888287638285,1.427606265,13,-0.0541625870772797,75,0.043705106,1.0,0.0,73.0,62.0,20.0,1.0,16.0,47.0,2.0,2.0,0.8493150684931506,0.8461538461538461,0.0029136737333333,0.0666666666666666,1.0666666666666669,0.273972602739726,1.0,53.97836528257759,0.3698985298,8,0.1367392992836831,-0.043705106,0.9635230050607008,0.4513155096761905,1,0,1,15,3920419,Zambia,Group Stage,3,Balanced_Phase,1.470423113014996,-0.0019265573462667388
0.0,0.0,0.0,58.0,47.0,23.0,0.0,15.0,32.0,0.0,0.0,0.8103448275862069,0.625,0.0,0.0,1.0,0.396551724137931,,55.99336736411737,1.427606265,13,-0.0866749023482157,76,0.043705106,1.0,0.0,71.0,60.0,20.0,1.0,13.0,41.0,2.0,2.0,0.8450704225352113,0.8181818181818182,0.0029136737333333,0.0666666666666666,0.8666666666666667,0.2816901408450704,1.0,53.828388592600895,0.3698985298,8,0.1324946533257437,-0.043705106,2.164978771516473,0.457391043337931,1,0,1,14,3920419,Zambia,Group Stage,3,Balanced_Phase,1.6807918165529419,-0.6570766825755446
0.0,0.0,0.0,63.0,50.0,27.0,0.0,18.0,33.0,0.0,0.0,0.7936507936507936,0.6666666666666666,0.0,0.0,1.2,0.4285714285714285,,55.79301648692438,1.427606265,13,-0.1033689362836289,77,0.043705106,1.0,0.0,68.0,56.0,20.0,1.0,13.0,45.0,2.0,2.0,0.8235294117647058,0.7857142857142857,0.0029136737333333,0.0666666666666666,0.8666666666666667,0.2941176470588235,1.0,54.07305281726512,0.3698985298,8,0.1109536425552383,-0.043705106,1.7199636696592648,0.5894107477714285,1,0,1,13,3920419,Zambia,Group Stage,3,Balanced_Phase,1.9687891616268862,-1.0535709321458715
0.0,0.0,0.0,61.0,49.0,27.0,0.0,16.0,30.0,0.0,0.0,0.8032786885245902,0.75,0.0,0.0,1.0666666666666669,0.4426229508196721,,56.6261478000557,1.427606265,13,-0.0937410414098324,78,0.006030566,1.0,0.0,63.0,52.0,19.0,1.0,12.0,41.0,1.0,1.0,0.8253968253968254,0.7692307692307693,0.0004020377333333,0.0666666666666666,0.8,0.3015873015873015,1.0,53.35546661036857,0.3759290958,9,0.1128210561873578,-0.006030566,3.2706811896871244,0.5751522086863387,1,0,1,12,3920419,Zambia,Group Stage,3,Balanced_Phase,1.6845611197825272,-1.010269476353761
0.0,0.0,0.0,66.0,52.0,29.0,0.0,17.0,34.0,0.0,0.0,0.7878787878787878,0.7,0.0,0.0,1.1333333333333333,0.4393939393939394,,59.01689473428089,1.427606265,13,-0.1091409420556347,79,0.006030566,1.0,0.0,60.0,49.0,19.0,1.0,14.0,42.0,0.0,0.0,0.8166666666666667,0.7333333333333333,0.0004020377333333,0.0666666666666666,0.9333333333333332,0.3166666666666666,,51.774990419892376,0.3759290958,9,0.1040908974571991,-0.006030566,7.241904314388513,0.5385898639272727,1,0,1,11,3920419,Zambia,Group Stage,3,Balanced_Phase,1.632882824770869,-1.2417482853138109
0.0,0.0,0.0,67.0,55.0,28.0,0.0,14.0,37.0,0.0,0.0,0.8208955223880597,0.7,0.0,0.0,0.9333333333333332,0.417910447761194,,59.3114185438047,1.427606265,13,-0.0761242075463628,80,0.006030566,1.0,0.0,55.0,45.0,17.0,1.0,15.0,36.0,0.0,0.0,0.8181818181818182,0.6363636363636364,0.0004020377333333,0.0666666666666666,1.0,0.3090909090909091,,52.00067418057613,0.3759290958,9,0.1056060489723507,-0.006030566,7.310744363228565,0.3837730389611939,1,0,1,10,3920419,Zambia,Group Stage,3,Balanced_Phase,1.2275491546128554,-0.6559814916955659
0.0,0.0,0.0,52.0,39.0,24.0,0.0,14.0,29.0,0.0,0.0,0.75,0.625,0.0,0.0,0.9333333333333332,0.4615384615384615,,58.53183521047136,1.427606265,13,-0.1470197299344225,81,0.006030566,1.0,0.0,63.0,53.0,19.0,1.0,10.0,36.0,0.0,0.0,0.8412698412698413,0.6363636363636364,0.0004020377333333,0.0666666666666666,0.6666666666666666,0.3015873015873015,,50.43527735517931,0.3759290958,9,0.1286940720603737,-0.006030566,8.096557855292055,0.5940677194051283,1,0,1,9,3920419,Zambia,Group Stage,3,Balanced_Phase,1.986110957508237,-1.9991681658924296
0.057482533,1.0,0.0,52.0,39.0,24.0,0.0,13.0,33.0,0.0,0.0,0.75,0.625,0.0038321688666666,0.0666666666666666,0.8666666666666667,0.4615384615384615,,61.28627965491581,1.4850887979999998,14,-0.1470197299344225,82,0.006030566,1.0,0.0,60.0,50.0,18.0,1.0,11.0,35.0,0.0,0.0,0.8333333333333334,0.6,0.0004020377333333,0.0666666666666666,0.7333333333333333,0.3,,49.52914940905137,0.3759290958,9,0.1207575641238658,0.051451967,11.757130245864438,0.5350653904717948,1,0,1,8,3920419,Zambia,Group Stage,3,Balanced_Phase,1.5417172799364187,-2.201909920611466
0.057482533,1.0,0.0,45.0,32.0,22.0,0.0,13.0,30.0,0.0,0.0,0.7111111111111111,0.5714285714285714,0.0038321688666666,0.0666666666666666,0.8666666666666667,0.4888888888888889,,63.97927965491581,1.4850887979999998,14,-0.1859086188233114,83,0.006030566,1.0,0.0,50.0,40.0,18.0,1.0,10.0,36.0,0.0,0.0,0.8,0.5,0.0004020377333333,0.0666666666666666,0.6666666666666666,0.36,,48.45533988524185,0.3759290958,9,0.0874242307905325,0.051451967,15.52393976967396,0.5957491511555555,1,0,1,7,3920419,Zambia,Group Stage,3,Balanced_Phase,1.7514652445081,-3.0392631048216443
0.067953517,2.0,0.0,43.0,31.0,23.0,1.0,13.0,32.0,0.0,0.0,0.7209302325581395,0.7142857142857143,0.0045302344666666,0.1333333333333333,0.8666666666666667,0.5348837209302325,,64.46514385244667,1.4955597819999995,15,-0.1760894973762831,84,0.006030566,1.0,0.0,51.0,42.0,19.0,1.0,11.0,38.0,0.0,0.0,0.8235294117647058,0.5555555555555556,0.0004020377333333,0.0666666666666666,0.7333333333333333,0.3725490196078431,,47.92381210746407,0.3759290958,9,0.1109536425552383,0.061922951,16.541331744982607,0.6098067810635659,1,0,1,6,3920419,Zambia,Group Stage,3,Balanced_Phase,1.460990381289656,-3.129460386246472
0.067953517,2.0,0.0,44.0,31.0,23.0,1.0,12.0,34.0,0.0,0.0,0.7045454545454546,0.7142857142857143,0.0045302344666666,0.1333333333333333,0.8,0.5227272727272727,,65.93981051911334,1.4955597819999995,15,-0.192474275388968,85,0.006030566,1.0,0.0,50.0,40.0,20.0,1.0,11.0,40.0,0.0,0.0,0.8,0.5555555555555556,0.0004020377333333,0.0666666666666666,0.7333333333333333,0.4,,48.661760825412784,0.3759290958,9,0.0874242307905325,0.061922951,17.278049693700552,0.5643169995272728,1,0,1,5,3920419,Zambia,Group Stage,3,Balanced_Phase,1.4491961849605848,-3.2844277172727936
0.067953517,2.0,0.0,45.0,31.0,23.0,1.0,16.0,35.0,0.0,0.0,0.6888888888888889,0.7142857142857143,0.0045302344666666,0.1333333333333333,1.0666666666666669,0.5111111111111111,,62.22721792652075,1.4955597819999995,15,-0.2081308410455337,86,0.034929768,2.0,0.0,56.0,45.0,19.0,2.0,11.0,48.0,1.0,1.0,0.8035714285714286,0.6666666666666666,0.0023286512,0.1333333333333333,0.7333333333333333,0.3392857142857143,1.0,50.922941716448754,0.4048282978,10,0.090995659361961,0.033023749,11.304276210071995,0.6821809443111109,1,0,1,4,3920419,Zambia,Group Stage,3,Balanced_Phase,2.2426778379477286,-3.351143105258732
0.067953517,2.0,0.0,43.0,31.0,21.0,1.0,18.0,36.0,0.0,0.0,0.7209302325581395,0.7142857142857143,0.0045302344666666,0.1333333333333333,1.2,0.4883720930232558,,60.56359887890169,1.4955597819999995,15,-0.1760894973762831,87,0.070077298,3.0,0.0,66.0,53.0,24.0,2.0,12.0,51.0,1.0,1.0,0.803030303030303,0.6666666666666666,0.0046718198666666,0.2,0.8,0.3636363636363636,1.0,51.30871949422653,0.4399758278,11,0.0904545338208354,-0.002123781,9.254879384675164,0.6880889222232559,1,0,1,3,3920419,Zambia,Group Stage,3,Balanced_Phase,2.3819780223477705,-2.9371746420189733
0.067953517,2.0,0.0,42.0,30.0,21.0,1.0,18.0,36.0,1.0,0.0,0.7142857142857143,0.8333333333333334,0.0045302344666666,0.1333333333333333,1.2,0.5,0.0,62.15154759685041,1.4955597819999995,15,-0.1827340156487082,88,0.070077298,3.0,0.0,61.0,50.0,22.0,2.0,11.0,52.0,1.0,1.0,0.819672131147541,0.6666666666666666,0.0046718198666666,0.2,0.7333333333333333,0.360655737704918,1.0,49.45185674912849,0.4399758278,11,0.1070963619380734,-0.002123781,12.699690847721923,0.7330501625333334,1,0,1,2,3920419,Zambia,Group Stage,3,Balanced_Phase,2.2485305209419613,-3.0671660307400783
0.067953517,2.0,0.0,35.0,23.0,19.0,1.0,22.0,34.0,1.0,0.0,0.6571428571428571,0.7142857142857143,0.0045302344666666,0.1333333333333333,1.4666666666666666,0.5428571428571428,0.0,61.21234124764407,1.4955597819999995,15,-0.2398768727915654,89,0.070077298,3.0,0.0,72.0,61.0,23.0,2.0,11.0,59.0,1.0,1.0,0.8472222222222222,0.7333333333333333,0.0046718198666666,0.2,0.7333333333333333,0.3194444444444444,1.0,49.59117298844472,0.4399758278,11,0.1346464530127546,-0.002123781,11.62116825919935,0.9092406387238094,1,0,1,1,3920419,Zambia,Group Stage,3,Balanced_Phase,3.0723402465874763,-4.063930352208234
0.067953517,2.0,0.0,38.0,24.0,22.0,1.0,22.0,34.0,1.0,0.0,0.631578947368421,0.7142857142857143,0.0045302344666666,0.1333333333333333,1.4666666666666666,0.5789473684210527,0.0,60.28091267621549,1.4955597819999995,15,-0.2654407825660015,90,0.070077298,3.0,0.0,74.0,62.0,24.0,2.0,11.0,60.0,1.0,1.0,0.8378378378378378,0.7333333333333333,0.0046718198666666,0.2,0.7333333333333333,0.3243243243243243,1.0,50.4004678602396,0.4399758278,11,0.1252620686283703,-0.002123781,9.880444815975892,0.9453308642877194,1,0,1,0,3920419,Zambia,Group Stage,3,Balanced_Phase,3.4163819881934794,-4.505005697456413
0.197475457,3.0,0.0,42.0,28.0,24.0,2.0,23.0,38.0,1.0,0.0,0.6666666666666666,0.7142857142857143,0.0131650304666666,0.2,1.5333333333333334,0.5714285714285714,0.0,59.842658707961526,1.6250817219999998,16,-0.2303530632677559,91,0.070077298,3.0,0.0,84.0,71.0,27.0,2.0,13.0,61.0,1.0,1.0,0.8452380952380952,0.75,0.0046718198666666,0.2,0.8666666666666667,0.3214285714285714,1.0,50.42369130346304,0.4399758278,11,0.1326623260286277,0.127398159,9.418967404498488,0.9217483259619048,1,0,1,0,3920419,Zambia,Group Stage,3,Balanced_Phase,2.821538803512053,-4.309722807344882
0.798645573,5.0,0.0,50.0,37.0,23.0,3.0,19.0,40.0,1.0,0.0,0.74,0.75,0.0532430382,0.3333333333333333,1.2666666666666666,0.46,0.0,60.855866728011655,2.226251838,18,-0.1570197299344226,92,0.070077298,3.0,0.0,83.0,68.0,28.0,2.0,14.0,57.0,1.0,1.0,0.8192771084337349,0.7692307692307693,0.0046718198666666,0.2,0.9333333333333332,0.3373493975903614,1.0,49.30870961848136,0.4399758278,11,0.1067013392242673,0.728568275,11.547157109530296,0.7238091033333333,1,0,1,0,3920419,Zambia,Group Stage,3,Balanced_Phase,0.4907265492685256,-3.994683640796151
0.993885223,6.0,0.0,58.0,45.0,24.0,4.0,21.0,42.0,1.0,0.0,0.7758620689655172,0.75,0.0662590148666666,0.4,1.4,0.4137931034482758,0.0,63.975023816134254,2.421491488,19,-0.1211576609689053,93,0.064046732,2.0,0.0,85.0,69.0,30.0,1.0,15.0,60.0,1.0,1.0,0.8117647058823529,0.7333333333333333,0.0042697821333333,0.1333333333333333,1.0,0.3529411764705882,1.0,48.7510905708623,0.4399758278,11,0.0991889366728854,0.929838491,15.223933245271953,0.7377715689149427,1,0,1,0,3920419,Zambia,Group Stage,3,Balanced_Phase,-0.6839087295463928,-3.8385223830387
0.993885223,6.0,0.0,52.0,41.0,21.0,4.0,20.0,37.0,1.0,0.0,0.7884615384615384,0.8333333333333334,0.0662590148666666,0.4,1.3333333333333333,0.4038461538461538,0.0,60.88632816396034,2.421491488,19,-0.1085581914728841,94,0.064046732,2.0,0.0,83.0,69.0,29.0,1.0,14.0,56.0,1.0,1.0,0.8313253012048193,0.7692307692307693,0.0042697821333333,0.1333333333333333,0.9333333333333332,0.3493975903614458,1.0,50.292519142290885,0.4399758278,11,0.1187495319953517,0.929838491,10.593809021669458,0.7278246193128207,1,0,1,0,3920419,Zambia,Group Stage,3,Balanced_Phase,-0.6863504971869885,-3.4908671601696613
0.993885223,6.0,0.0,49.0,38.0,20.0,4.0,19.0,34.0,1.0,0.0,0.7755102040816326,0.8333333333333334,0.0662590148666666,0.4,1.2666666666666666,0.4081632653061224,0.0,56.55013768776987,2.421491488,19,-0.1215095258527899,95,0.064046732,2.0,0.0,80.0,65.0,27.0,1.0,13.0,54.0,1.0,1.0,0.8125,0.7692307692307693,0.0042697821333333,0.1333333333333333,0.8666666666666667,0.3375,1.0,52.97196358673533,0.4399758278,11,0.0999242307905324,0.929838491,3.5781741010345414,0.7321417307727891,1,0,1,0,3920419,Zambia,Group Stage,3,Balanced_Phase,-0.3051457619616495,-3.519758214959523
0.993885223,6.0,0.0,48.0,38.0,19.0,4.0,19.0,34.0,1.0,0.0,0.7916666666666666,0.8333333333333334,0.0662590148666666,0.4,1.2666666666666666,0.3958333333333333,0.0,55.75347102110321,2.421491488,19,-0.1053530632677559,96,0.064046732,2.0,0.0,71.0,57.0,25.0,1.0,13.0,54.0,1.0,1.0,0.8028169014084507,0.7692307692307693,0.0042697821333333,0.1333333333333333,0.8666666666666667,0.352112676056338,1.0,55.2497413645131,0.4399758278,11,0.0902411321989832,0.929838491,0.5037296565901102,0.7198117988000001,1,0,1,0,3920419,Zambia,Group Stage,3,Balanced_Phase,-0.33165015453719,-3.2500413348177584
0.0,0.0,0.0,11.0,10.0,2.0,0.0,1.0,1.0,0.0,0.0,0.9090909090909092,,0.0,0.0,0.0666666666666666,0.1818181818181818,,44.753125,0.0,0,0.0576249599713269,0,0.0,0.0,0.0,3.0,2.0,2.0,0.0,1.0,2.0,0.0,0.0,0.6666666666666666,0.0,0.0,0.0,0.0666666666666666,0.6666666666666666,,31.3,0.0,0,-0.2157517626531286,0.0,13.453125000000009,0.1818181818181818,0,0,0,90,3922243,South Africa,Round of 16,2,Chasing_Game,-1.440016822391962,2.0445709964235914
0.0,0.0,0.0,21.0,19.0,4.0,0.0,2.0,5.0,0.0,0.0,0.9047619047619048,1.0,0.0,0.0,0.1333333333333333,0.1904761904761904,,48.0234375,0.0,0,0.0532959556423227,1,0.0,0.0,0.0,8.0,7.0,4.0,0.0,3.0,4.0,0.0,0.0,0.875,0.0,0.0,0.0,0.2,0.5,,38.54736842105263,0.0,0,-0.0074184293197953,0.0,9.476069078947368,0.1571428571428571,0,0,0,89,3922243,South Africa,Round of 16,2,Chasing_Game,-1.3117302542721878,2.5694347344522024
0.0,0.0,0.0,23.0,21.0,5.0,0.0,2.0,5.0,0.0,0.0,0.9130434782608696,1.0,0.0,0.0,0.1333333333333333,0.217391304347826,,39.98229166666667,0.0,0,0.0615775291412874,2,0.0,0.0,0.0,16.0,14.0,6.0,0.0,3.0,4.0,0.0,0.0,0.875,0.0,0.0,0.0,0.2,0.375,,41.57505720823799,0.0,0,-0.0074184293197953,0.0,-1.5927655415713176,0.1840579710144927,0,0,0,88,3922243,South Africa,Round of 16,2,Chasing_Game,-0.7367504719188159,2.901115485820282
0.0,0.0,0.0,31.0,27.0,8.0,0.0,7.0,12.0,0.0,0.0,0.8709677419354839,0.75,0.0,0.0,0.4666666666666667,0.2580645161290322,,46.57265625,0.0,0,0.0195017928159018,3,0.0,0.0,0.0,25.0,22.0,9.0,0.0,8.0,16.0,0.0,0.0,0.88,0.8,0.0,0.0,0.5333333333333333,0.36,,38.53754290617849,0.0,0,-0.0024184293197953,0.0,8.035113343821514,0.2247311827956989,0,0,0,87,3922243,South Africa,Round of 16,2,Chasing_Game,-0.4520463854275977,1.921107590644586
0.0,0.0,0.0,31.0,27.0,8.0,0.0,8.0,12.0,0.0,0.0,0.8709677419354839,0.75,0.0,0.0,0.5333333333333333,0.2580645161290322,,43.858125,0.0,0,0.0195017928159018,4,0.0,0.0,0.0,33.0,30.0,11.0,0.0,8.0,19.0,0.0,0.0,0.9090909090909092,0.8,0.0,0.0,0.5333333333333333,0.3333333333333333,,42.30586765827612,0.0,0,0.0266724797711137,0.0,1.5522573417238803,0.2580645161290322,0,0,0,86,3922243,South Africa,Round of 16,2,Chasing_Game,-0.12636194284325394,2.039119560169578
0.0,0.0,0.0,39.0,31.0,11.0,0.0,10.0,21.0,0.0,0.0,0.7948717948717948,0.7142857142857143,0.0,0.0,0.6666666666666666,0.282051282051282,,40.13653273809524,0.0,0,-0.0565941542477872,5,0.0,0.0,0.0,35.0,32.0,13.0,0.0,12.0,26.0,1.0,1.0,0.9142857142857144,0.8,0.0,0.0,0.8,0.3714285714285714,1.0,50.349681381896765,0.0,0,0.0318672849659189,0.0,-10.213148643801524,0.2153846153846154,0,0,0,85,3922243,South Africa,Round of 16,2,Chasing_Game,0.8973901977117784,1.3966633226968745
0.0,0.0,0.0,51.0,43.0,13.0,0.0,12.0,26.0,0.0,0.0,0.8431372549019608,0.75,0.0,0.0,0.8,0.2549019607843137,,41.85834080253723,0.0,0,-0.0083286942176212,6,0.0,0.0,0.0,37.0,33.0,15.0,0.0,14.0,31.0,1.0,1.0,0.8918918918918919,0.6666666666666666,0.0,0.0,0.9333333333333332,0.4054054054054054,1.0,51.85845705749882,0.0,0,0.0094734625720965,0.0,-10.00011625496159,0.188235294117647,0,0,0,84,3922243,South Africa,Round of 16,2,Chasing_Game,0.4636203512791585,2.0674987727546865
0.086311124,1.0,0.0,58.0,50.0,16.0,1.0,12.0,27.0,0.0,0.0,0.8620689655172413,0.75,0.0057540749333333,0.0666666666666666,0.8,0.2758620689655172,,42.09650274767462,0.086311124,1,0.0106030163976592,7,0.0,0.0,0.0,37.0,33.0,15.0,0.0,15.0,31.0,1.0,1.0,0.8918918918918919,0.6666666666666666,0.0,0.0,1.0,0.4054054054054054,1.0,50.03552492531146,0.0,0,0.0094734625720965,0.086311124,-7.9390221776368435,0.1873702188321839,0,0,0,83,3922243,South Africa,Round of 16,2,Chasing_Game,0.011551558637413277,1.922538369488615
0.086311124,1.0,0.0,62.0,51.0,16.0,1.0,12.0,29.0,0.0,0.0,0.8225806451612904,0.6,0.0057540749333333,0.0666666666666666,0.8,0.2580645161290322,,48.95244688682189,0.086311124,1,-0.0288853039582916,8,0.0,0.0,0.0,37.0,33.0,15.0,0.0,16.0,34.0,1.0,1.0,0.8918918918918919,0.6666666666666666,0.0,0.0,1.0666666666666669,0.4054054054054054,1.0,46.04268882249908,0.0,0,0.0094734625720965,0.086311124,2.9097580643228085,0.1362393326623655,0,0,0,82,3922243,South Africa,Round of 16,2,Chasing_Game,-0.11899316097959843,1.252057969424957
0.086311124,1.0,0.0,62.0,51.0,16.0,1.0,13.0,29.0,0.0,0.0,0.8225806451612904,0.6,0.0057540749333333,0.0666666666666666,0.8666666666666667,0.2580645161290322,,52.8722021981397,0.086311124,1,-0.0288853039582916,9,0.0,0.0,0.0,41.0,37.0,16.0,0.0,16.0,35.0,1.0,1.0,0.902439024390244,0.6666666666666666,0.0,0.0,1.0666666666666669,0.3902439024390244,1.0,44.86205630388554,0.0,0,0.0200205950704486,0.086311124,8.010145894254165,0.1695726659956989,0,0,0,81,3922243,South Africa,Round of 16,2,Chasing_Game,-0.2739495332258448,1.1228258954798893
0.136196064,2.0,0.0,67.0,56.0,18.0,2.0,14.0,34.0,0.0,0.0,0.835820895522388,0.6363636363636364,0.0090797376,0.1333333333333333,0.9333333333333332,0.2686567164179104,,53.80200199830882,0.136196064,2,-0.015645053597194,10,0.0,0.0,0.0,44.0,39.0,16.0,0.0,19.0,40.0,2.0,2.0,0.8863636363636364,0.5714285714285714,0.0,0.0,1.2666666666666666,0.3636363636363636,1.0,45.44902845807776,0.0,0,0.003945207043841,0.136196064,8.352973540231062,0.1201495249512438,0,0,0,80,3922243,South Africa,Round of 16,2,Chasing_Game,-0.6170894388105133,1.2139375738806004
0.136196064,2.0,0.0,68.0,56.0,18.0,2.0,14.0,34.0,0.0,0.0,0.8235294117647058,0.6363636363636364,0.0090797376,0.1333333333333333,0.9333333333333332,0.2647058823529412,,58.864335165116415,0.136196064,2,-0.0279365373548762,11,0.0,0.0,0.0,57.0,52.0,19.0,0.0,19.0,42.0,2.0,2.0,0.912280701754386,0.5714285714285714,0.0,0.0,1.2666666666666666,0.3333333333333333,1.0,44.67287068116588,0.0,0,0.0298622724345906,0.136196064,14.19146448395054,0.1161986908862745,0,0,0,79,3922243,South Africa,Round of 16,2,Chasing_Game,-0.7569731466645512,1.0035002211297053
0.136196064,2.0,0.0,81.0,68.0,22.0,2.0,14.0,36.0,0.0,0.0,0.8395061728395061,0.6666666666666666,0.0090797376,0.1333333333333333,0.9333333333333332,0.2716049382716049,,58.20283744971245,0.136196064,2,-0.0119597762800759,12,0.0,0.0,0.0,60.0,54.0,20.0,0.0,20.0,42.0,2.0,2.0,0.9,0.5714285714285714,0.0,0.0,1.3333333333333333,0.3333333333333333,1.0,45.34488762177549,0.0,0,0.0175815706802047,0.136196064,12.857949827936956,0.089764413471605,0,0,0,78,3922243,South Africa,Round of 16,2,Chasing_Game,-0.834127170321775,1.2365964709173611
0.136196064,2.0,0.0,87.0,73.0,24.0,2.0,15.0,38.0,0.0,0.0,0.8390804597701149,0.6923076923076923,0.0090797376,0.1333333333333333,1.0,0.2758620689655172,,59.76334906044728,0.136196064,2,-0.0123854893494671,13,0.0,0.0,0.0,63.0,55.0,22.0,0.0,21.0,47.0,2.0,2.0,0.873015873015873,0.5,0.0,0.0,1.4,0.3492063492063492,1.0,44.05466837606425,0.0,0,-0.0094025563039222,0.136196064,15.708680684383026,0.0940215441655172,0,0,0,77,3922243,South Africa,Round of 16,2,Chasing_Game,-0.9553619903784245,1.1752007269088522
0.136196064,2.0,0.0,90.0,75.0,25.0,2.0,16.0,38.0,0.0,0.0,0.8333333333333334,0.6923076923076923,0.0090797376,0.1333333333333333,1.0666666666666669,0.2777777777777778,,59.00094397156897,0.136196064,2,-0.0181326157862486,14,0.0,0.0,0.0,72.0,64.0,24.0,0.0,21.0,49.0,2.0,2.0,0.8888888888888888,0.5555555555555556,0.0,0.0,1.4,0.3333333333333333,1.0,43.87128022791638,0.0,0,0.0064704595690935,0.136196064,15.129663743652593,0.1292705863111112,0,0,0,76,3922243,South Africa,Round of 16,2,Chasing_Game,-0.8374927182625856,1.0989703202468428
0.136196064,2.0,0.0,79.0,65.0,23.0,2.0,18.0,37.0,0.0,0.0,0.8227848101265823,0.6923076923076923,0.0090797376,0.1333333333333333,1.2,0.2911392405063291,,58.12906897156897,0.136196064,2,-0.0286811389929997,15,0.005381815,1.0,0.0,78.0,71.0,25.0,1.0,20.0,51.0,2.0,2.0,0.9102564102564102,0.6666666666666666,0.0003587876666666,0.0666666666666666,1.3333333333333333,0.3205128205128205,1.0,45.94889927553543,0.005381815,1,0.0278379809366149,0.130814249,12.180169696033538,0.241914473706329,0,0,0,75,3922243,South Africa,Round of 16,2,Chasing_Game,-0.2583856786273671,0.8114140226804215
0.136196064,2.0,0.0,69.0,56.0,21.0,2.0,17.0,34.0,0.0,0.0,0.8115942028985508,0.6666666666666666,0.0090797376,0.1333333333333333,1.1333333333333333,0.3043478260869565,,54.89615230490231,0.136196064,2,-0.0398717462210312,16,0.005381815,1.0,0.0,74.0,66.0,23.0,1.0,18.0,49.0,2.0,2.0,0.8918918918918919,0.6666666666666666,0.0003587876666666,0.0666666666666666,1.2,0.3108108108108108,1.0,50.89591681939508,0.005381815,1,0.0094734625720965,0.130814249,4.0002354855072255,0.2884563926202899,0,0,0,74,3922243,South Africa,Round of 16,2,Chasing_Game,0.23700479729430737,0.6665935440787781
0.136196064,2.0,0.0,67.0,54.0,20.0,2.0,17.0,34.0,0.0,0.0,0.8059701492537313,0.6666666666666666,0.0090797376,0.1333333333333333,1.1333333333333333,0.2985074626865671,,53.48948563823564,0.136196064,2,-0.0454957998658507,17,0.005381815,1.0,0.0,66.0,59.0,21.0,1.0,18.0,49.0,2.0,2.0,0.8939393939393939,0.6666666666666666,0.0003587876666666,0.0666666666666666,1.2,0.3181818181818182,1.0,55.7205545005545,0.005381815,1,0.0115209646195986,0.130814249,-2.231068862318857,0.2826160292199005,0,0,0,73,3922243,South Africa,Round of 16,2,Chasing_Game,0.5109105252890773,0.7250553296738935
0.136196064,2.0,0.0,59.0,48.0,17.0,2.0,12.0,27.0,0.0,0.0,0.8135593220338984,0.6666666666666666,0.0090797376,0.1333333333333333,0.8,0.288135593220339,,49.33323563823564,0.136196064,2,-0.0379066270856837,18,0.005381815,1.0,0.0,58.0,51.0,18.0,1.0,13.0,37.0,2.0,2.0,0.8793103448275862,0.4,0.0003587876666666,0.0666666666666666,0.8666666666666667,0.3103448275862069,1.0,61.75888783388783,0.005381815,1,-0.0031080844922091,0.130814249,-12.42565219565219,0.2722441597536723,0,0,0,72,3922243,South Africa,Round of 16,2,Chasing_Game,0.805995636804927,0.9045951880511057
0.136196064,2.0,0.0,73.0,60.0,21.0,2.0,11.0,32.0,0.0,0.0,0.821917808219178,0.7,0.0090797376,0.1333333333333333,0.7333333333333333,0.2876712328767123,,51.04223563823564,0.136196064,2,-0.029548140900404,19,0.005381815,1.0,0.0,50.0,43.0,16.0,1.0,16.0,34.0,2.0,2.0,0.86,0.4,0.0003587876666666,0.0666666666666666,1.0666666666666669,0.32,1.0,60.46427672277672,0.005381815,1,-0.0224184293197953,0.130814249,-9.422041084541078,0.1384464660767121,0,0,0,71,3922243,South Africa,Round of 16,2,Chasing_Game,0.48244629619971524,1.1373887235481164
0.136196064,2.0,0.0,79.0,68.0,20.0,2.0,11.0,33.0,0.0,0.0,0.8607594936708861,0.6363636363636364,0.0090797376,0.1333333333333333,0.7333333333333333,0.2531645569620253,,54.723745510477215,0.136196064,2,0.009293544551304,20,0.005381815,1.0,0.0,53.0,44.0,16.0,1.0,18.0,32.0,1.0,1.0,0.8301886792452831,0.4285714285714285,0.0003587876666666,0.0666666666666666,1.2,0.3018867924528302,1.0,57.46982672277672,0.005381815,1,-0.0522297500745122,0.130814249,-2.746081212299508,0.0372731234953586,0,0,0,70,3922243,South Africa,Round of 16,2,Chasing_Game,-0.12404773831802263,1.6400846043382111
0.136196064,2.0,0.0,72.0,61.0,19.0,2.0,9.0,29.0,0.0,0.0,0.8472222222222222,0.6,0.0090797376,0.1333333333333333,0.6,0.2638888888888889,,55.24529956453127,0.136196064,2,-0.0042437268973598,21,0.005381815,1.0,0.0,51.0,43.0,14.0,1.0,18.0,27.0,1.0,1.0,0.8431372549019608,0.5,0.0003587876666666,0.0666666666666666,1.2,0.2745098039215686,1.0,53.80019709314709,0.005381815,1,-0.0392811744178345,0.130814249,1.4451024713841818,-0.0186692112444444,0,0,0,69,3922243,South Africa,Round of 16,2,Chasing_Game,-0.1937022113046709,1.4046581908124862
0.04988494,1.0,0.0,65.0,54.0,16.0,1.0,10.0,28.0,0.0,0.0,0.8307692307692308,0.6,0.0033256626666666,0.0666666666666666,0.6666666666666666,0.2461538461538461,,56.64772380695551,0.136196064,2,-0.0206967183503512,22,0.005381815,1.0,0.0,66.0,58.0,18.0,1.0,17.0,29.0,1.0,1.0,0.8787878787878788,0.5714285714285714,0.0003587876666666,0.0666666666666666,1.1333333333333333,0.2727272727272727,1.0,54.37534524129524,0.005381815,1,-0.0036305505319165,0.044503125,2.2723785656602686,0.0187542628205127,0,0,0,68,3922243,South Africa,Round of 16,2,Chasing_Game,0.17847061722924437,1.4479636987324884
0.04988494,1.0,0.0,61.0,53.0,16.0,1.0,11.0,26.0,0.0,0.0,0.8688524590163934,0.75,0.0033256626666666,0.0666666666666666,0.7333333333333333,0.2622950819672131,,53.13105714028884,0.136196064,2,0.0173865098968113,23,0.005381815,1.0,0.0,79.0,70.0,20.0,1.0,16.0,29.0,1.0,1.0,0.8860759493670886,0.5714285714285714,0.0003587876666666,0.0666666666666666,1.0666666666666669,0.2531645569620253,1.0,57.415520679891735,0.005381815,1,0.0036575200472932,0.044503125,-4.284463539602896,0.1015621653005464,0,0,0,67,3922243,South Africa,Round of 16,2,Chasing_Game,0.197928760816792,1.9911944605363514
0.04988494,1.0,0.0,73.0,64.0,20.0,1.0,10.0,36.0,0.0,0.0,0.8767123287671232,0.8181818181818182,0.0033256626666666,0.0666666666666666,0.6666666666666666,0.273972602739726,,50.59800952124122,0.136196064,2,0.0252463796475411,24,0.005381815,1.0,0.0,75.0,66.0,19.0,1.0,21.0,28.0,1.0,1.0,0.88,0.5714285714285714,0.0003587876666666,0.0666666666666666,1.4,0.2533333333333333,1.0,58.930239294610345,0.005381815,1,-0.0024184293197953,0.044503125,-8.332229773369122,-0.0867603139269407,0,0,0,66,3922243,South Africa,Round of 16,2,Chasing_Game,0.12682076795870312,2.460799754402299
0.0,0.0,0.0,71.0,61.0,20.0,0.0,10.0,33.0,0.0,0.0,0.8591549295774648,0.7272727272727273,0.0,0.0,0.6666666666666666,0.2816901408450704,,52.25288131611303,0.136196064,2,0.0076889804578826,25,0.005381815,1.0,0.0,77.0,69.0,20.0,1.0,19.0,28.0,1.0,1.0,0.8961038961038961,0.6666666666666666,0.0003587876666666,0.0666666666666666,1.2666666666666666,0.2597402597402597,1.0,57.434252452505085,0.005381815,1,0.0136854667841007,-0.005381815,-5.181371136392059,-0.0190274344882629,0,0,0,65,3922243,South Africa,Round of 16,2,Chasing_Game,0.4905876530111917,2.122395147121827
0.0,0.0,0.0,70.0,61.0,20.0,0.0,14.0,33.0,0.0,0.0,0.8714285714285714,0.7272727272727273,0.0,0.0,0.9333333333333332,0.2857142857142857,,48.83454798277969,0.136196064,2,0.0199626223089893,26,0.005381815,1.0,0.0,83.0,75.0,22.0,1.0,19.0,36.0,1.0,1.0,0.9036144578313252,0.8,0.0003587876666666,0.0666666666666666,1.2666666666666666,0.2650602409638554,1.0,58.371061625314255,0.005381815,1,0.02119602851153,-0.005381815,-9.536513642534564,0.1183300437142856,0,0,0,64,3922243,South Africa,Round of 16,2,Chasing_Game,0.7419747697170573,2.195170091649063
0.0,0.0,0.0,59.0,51.0,17.0,0.0,15.0,35.0,0.0,0.0,0.864406779661017,0.7272727272727273,0.0,0.0,1.0,0.288135593220339,,49.10281625104796,0.136196064,2,0.0129408305414349,27,0.005381815,1.0,0.0,90.0,82.0,24.0,1.0,20.0,40.0,1.0,1.0,0.9111111111111112,0.8181818181818182,0.0003587876666666,0.0666666666666666,1.3333333333333333,0.2666666666666666,1.0,58.59731830980624,0.005381815,1,0.0286926817913157,-0.005381815,-9.49450205875828,0.1207513512203389,0,0,0,63,3922243,South Africa,Round of 16,2,Chasing_Game,0.806093653692509,2.118654727503221
0.0,0.0,0.0,57.0,50.0,15.0,0.0,14.0,36.0,0.0,0.0,0.8771929824561403,0.7,0.0,0.0,0.9333333333333332,0.2631578947368421,,46.17179061002231,0.136196064,2,0.0257270333365582,28,0.005381815,1.0,0.0,88.0,81.0,23.0,1.0,21.0,35.0,1.0,1.0,0.9204545454545454,0.9,0.0003587876666666,0.0666666666666666,1.4,0.2613636363636363,1.0,61.84919709768503,0.005381815,1,0.0380361161347501,-0.005381815,-15.677406487662717,0.0291069860701754,0,0,0,62,3922243,South Africa,Round of 16,2,Chasing_Game,0.8707315307033381,2.5461178599006002
0.0,0.0,0.0,54.0,48.0,14.0,0.0,13.0,36.0,0.0,0.0,0.8888888888888888,0.7,0.0,0.0,0.8666666666666667,0.2592592592592592,,45.35561345384516,0.136196064,2,0.0374229397693067,29,0.005381815,1.0,0.0,79.0,72.0,21.0,1.0,21.0,33.0,1.0,1.0,0.9113924050632912,0.8888888888888888,0.0003587876666666,0.0666666666666666,1.4,0.2658227848101265,1.0,64.16627402076195,0.005381815,1,0.0289739757434958,-0.005381815,-18.810660566916788,-0.0081249827407406,0,0,0,61,3922243,South Africa,Round of 16,2,Chasing_Game,0.8760337087295381,2.752265515886403
0.0,0.0,0.0,54.0,48.0,14.0,0.0,10.0,36.0,0.0,0.0,0.8888888888888888,0.7,0.0,0.0,0.6666666666666666,0.2592592592592592,,45.64958781281952,0.136196064,2,0.0374229397693067,30,0.0,0.0,0.0,70.0,63.0,18.0,0.0,21.0,29.0,1.0,1.0,0.9,0.875,0.0,0.0,1.4,0.2571428571428571,1.0,65.07265497314289,0.005381815,1,0.0175815706802047,0.0,-19.42306716032337,-0.1074074074074074,0,0,0,60,3922243,South Africa,Round of 16,2,Chasing_Game,0.5656640273861216,2.8934644345508653
0.0,0.0,0.0,59.0,52.0,16.0,0.0,10.0,37.0,0.0,0.0,0.8813559322033898,0.6363636363636364,0.0,0.0,0.6666666666666666,0.2711864406779661,,49.8813826846144,0.136196064,2,0.0298899830838077,31,0.0,0.0,0.0,69.0,63.0,18.0,0.0,22.0,29.0,1.0,1.0,0.9130434782608696,0.875,0.0,0.0,1.4666666666666666,0.2608695652173913,1.0,59.039321639809565,0.005381815,1,0.0306250489410742,0.0,-9.15793895519517,-0.1288135593220338,0,0,0,59,3922243,South Africa,Round of 16,2,Chasing_Game,0.25896606822374585,2.522376124147346
0.0,0.0,0.0,61.0,53.0,17.0,0.0,10.0,39.0,0.0,0.0,0.8688524590163934,0.5833333333333334,0.0,0.0,0.6666666666666666,0.2786885245901639,,51.88519220842391,0.136196064,2,0.0173865098968113,32,0.0,0.0,0.0,73.0,66.0,21.0,0.0,23.0,29.0,1.0,1.0,0.9041095890410958,0.875,0.0,0.0,1.5333333333333334,0.2876712328767123,1.0,55.16598830647623,0.005381815,1,0.0216911597213005,0.0,-3.2807960980523205,-0.1546448087431694,0,0,0,58,3922243,South Africa,Round of 16,2,Chasing_Game,0.12355932280960513,2.189170897444202
0.0,0.0,0.0,66.0,58.0,19.0,0.0,12.0,40.0,0.0,0.0,0.8787878787878788,0.5833333333333334,0.0,0.0,0.8,0.2878787878787879,,54.04334035657207,0.136196064,2,0.0273219296682967,33,0.0,0.0,0.0,79.0,72.0,22.0,0.0,23.0,33.0,1.0,1.0,0.9113924050632912,0.7777777777777778,0.0,0.0,1.5333333333333334,0.2784810126582278,1.0,51.56339571388364,0.005381815,1,0.0289739757434958,0.0,2.47994464268843,-0.0787878787878787,0,0,0,57,3922243,South Africa,Round of 16,2,Chasing_Game,-0.06747438097896853,2.082092265873651
0.0,0.0,0.0,53.0,46.0,15.0,0.0,15.0,36.0,0.0,0.0,0.8679245283018868,0.5,0.0,0.0,1.0,0.2830188679245283,,55.36100702323873,0.136196064,2,0.0164585791823047,34,0.0,0.0,0.0,87.0,80.0,23.0,0.0,21.0,38.0,1.0,1.0,0.9195402298850576,0.8181818181818182,0.0,0.0,1.4,0.264367816091954,1.0,52.53657520106313,0.005381815,1,0.0371218005652621,0.0,2.824431822175597,0.0830188679245282,0,0,0,56,3922243,South Africa,Round of 16,2,Chasing_Game,0.2213857611337834,1.6999951202893007
0.0,0.0,0.0,40.0,35.0,14.0,0.0,13.0,31.0,0.0,0.0,0.875,0.5555555555555556,0.0,0.0,0.8666666666666667,0.35,,52.24425905575905,0.136196064,2,0.0235340508804179,35,0.0,0.0,0.0,84.0,78.0,22.0,0.0,17.0,33.0,1.0,1.0,0.9285714285714286,0.8888888888888888,0.0,0.0,1.1333333333333333,0.2619047619047619,1.0,55.29977520106313,0.005381815,1,0.0461529992516333,0.0,-3.055516145304076,0.2166666666666666,0,0,0,55,3922243,South Africa,Round of 16,2,Chasing_Game,0.6021199531618829,1.4280241601016304
0.0,0.0,0.0,47.0,41.0,16.0,0.0,13.0,33.0,0.0,0.0,0.8723404255319149,0.5,0.0,0.0,0.8666666666666667,0.3404255319148936,,52.04842572242572,0.136196064,2,0.0208744764123328,36,0.0,0.0,0.0,86.0,78.0,24.0,0.0,16.0,33.0,1.0,1.0,0.9069767441860463,0.8888888888888888,0.0,0.0,1.0666666666666669,0.2790697674418604,1.0,57.956071497359424,0.005381815,1,0.0245583148662511,0.0,-5.907645774933705,0.2404255319148937,0,0,0,54,3922243,South Africa,Round of 16,2,Chasing_Game,0.7724743322910613,1.3433948004237677
0.0,0.0,0.0,56.0,49.0,19.0,0.0,12.0,33.0,0.0,0.0,0.875,0.5,0.0,0.0,0.8,0.3392857142857143,,51.58084996484997,0.136196064,2,0.0235340508804179,37,0.0,0.0,0.0,75.0,66.0,23.0,0.0,17.0,31.0,1.0,1.0,0.88,0.875,0.0,0.0,1.1333333333333333,0.3066666666666666,1.0,57.31592334921128,0.005381815,1,-0.0024184293197953,0.0,-5.735073384361307,0.1726190476190476,0,0,0,53,3922243,South Africa,Round of 16,2,Chasing_Game,0.6642525275623771,1.408133593404979
0.0,0.0,0.0,57.0,50.0,20.0,0.0,14.0,35.0,0.0,0.0,0.8771929824561403,0.5,0.0,0.0,0.9333333333333332,0.3508771929824561,,50.30501663151664,0.136196064,2,0.0257270333365582,38,0.0,0.0,0.0,66.0,57.0,22.0,0.0,17.0,36.0,1.0,1.0,0.8636363636363636,0.8,0.0,0.0,1.1333333333333333,0.3333333333333333,1.0,58.86952568839256,0.005381815,1,-0.0187820656834316,0.0,-8.56450905687592,0.2508771929824561,0,0,0,52,3922243,South Africa,Round of 16,2,Chasing_Game,0.8547696551714309,1.3228430198003522
0.0,0.0,0.0,50.0,42.0,18.0,0.0,15.0,27.0,0.0,0.0,0.84,0.25,0.0,0.0,1.0,0.36,,50.22223091723093,0.136196064,2,-0.011465949119582,39,0.0,0.0,0.0,77.0,68.0,24.0,0.0,13.0,39.0,1.0,1.0,0.8831168831168831,0.8181818181818182,0.0,0.0,0.8666666666666667,0.3116883116883117,1.0,58.28630439987716,0.005381815,1,0.0006984537970877,0.0,-8.064073482646236,0.4266666666666666,0,0,0,51,3922243,South Africa,Round of 16,2,Chasing_Game,1.4754871027611451,0.3650550179432442
0.0,0.0,0.0,62.0,55.0,18.0,0.0,14.0,29.0,0.0,0.0,0.8870967741935484,0.4444444444444444,0.0,0.0,0.9333333333333332,0.2903225806451613,,47.24162268825059,0.136196064,2,0.0356308250739663,40,0.0,0.0,0.0,76.0,67.0,25.0,0.0,14.0,34.0,0.0,0.0,0.881578947368421,0.8181818181818182,0.0,0.0,0.9333333333333332,0.3289473684210526,,60.92148568642686,0.005381815,1,-0.0008394819513742,0.0,-13.679862998176276,0.2903225806451613,0,0,0,50,3922243,South Africa,Round of 16,2,Chasing_Game,0.9535539221987955,1.5908297412671641
0.0,0.0,0.0,67.0,60.0,21.0,0.0,13.0,36.0,0.0,0.0,0.8955223880597015,0.5,0.0,0.0,0.8666666666666667,0.3134328358208955,,47.52086511249301,0.136196064,2,0.0440564389401194,41,0.0,0.0,0.0,58.0,49.0,21.0,0.0,18.0,30.0,1.0,0.0,0.8448275862068966,0.75,0.0,0.0,1.2,0.3620689655172414,0.0,61.50718265612384,0.005381815,1,-0.0375908431128987,0.0,-13.986317543630824,0.1467661691542289,0,0,0,49,3922243,South Africa,Round of 16,2,Chasing_Game,0.7720375000261347,1.8154099047850198
0.0,0.0,0.0,77.0,69.0,22.0,0.0,12.0,36.0,1.0,1.0,0.8961038961038961,0.5,0.0,0.0,0.8,0.2857142857142857,1.0,47.57439864602655,0.136196064,2,0.044637946984314,42,0.0,0.0,0.0,51.0,42.0,19.0,0.0,19.0,26.0,1.0,0.0,0.8235294117647058,0.7142857142857143,0.0,0.0,1.2666666666666666,0.3725490196078431,0.0,60.21754213324801,0.005381815,1,-0.0588890175550894,0.0,-12.643143487221458,0.0523809523809524,0,0,0,48,3922243,South Africa,Round of 16,2,Chasing_Game,0.5639828404287442,1.9953198846461113
0.0,0.0,0.0,82.0,73.0,29.0,1.0,15.0,40.0,1.0,1.0,0.8902439024390244,0.5833333333333334,0.0,0.0,1.0,0.3536585365853658,1.0,48.73843503974037,0.136196064,2,0.0387779533194423,43,0.0,0.0,0.0,56.0,47.0,22.0,0.0,21.0,31.0,2.0,0.0,0.8392857142857143,0.7142857142857143,0.0,0.0,1.4,0.3928571428571428,0.0,58.69235165705754,0.005381815,1,-0.043132715034081,0.0,-9.953916617317176,0.1536585365853658,0,0,0,47,3922243,South Africa,Round of 16,2,Chasing_Game,0.6667195496471996,1.6142254584331448
0.15823859,1.0,0.0,82.0,73.0,29.0,1.0,15.0,40.0,1.0,1.0,0.8902439024390244,0.5833333333333334,0.0105492393333333,0.0666666666666666,1.0,0.3536585365853658,1.0,53.98612734743268,0.294434654,3,0.0387779533194423,44,0.0,0.0,0.0,61.0,52.0,24.0,0.0,22.0,31.0,2.0,0.0,0.8524590163934426,0.7142857142857143,0.0,0.0,1.4666666666666666,0.3934426229508196,0.0,55.766446895152775,0.005381815,1,-0.0299594129263527,0.15823859,-1.7803195477200973,0.1414236819186992,0,0,0,46,3922243,South Africa,Round of 16,2,Chasing_Game,-0.08161713053213947,1.1307307261848336
0.23065338,2.0,0.0,85.0,76.0,30.0,2.0,18.0,45.0,1.0,1.0,0.8941176470588236,0.6153846153846154,0.015376892,0.1333333333333333,1.2,0.3529411764705882,1.0,55.58283926296812,0.366849444,4,0.0426516979392415,45,0.0,0.0,0.0,75.0,66.0,27.0,0.0,23.0,37.0,3.0,0.0,0.88,0.75,0.0,0.0,1.5333333333333334,0.36,0.0,53.87918763589352,0.005381815,1,-0.0024184293197953,0.23065338,1.7036516270745992,0.2170282938039215,0,0,0,45,3922243,South Africa,Round of 16,2,Chasing_Game,-0.42911898171154,0.9295391357360022
0.23065338,2.0,0.0,108.0,97.0,34.0,2.0,20.0,62.0,3.0,1.0,0.8981481481481481,0.7058823529411765,0.015376892,0.1333333333333333,1.3333333333333333,0.3148148148148148,0.3333333333333333,54.676551637550055,0.366849444,4,0.046682199028566,46,0.0,0.0,0.0,80.0,69.0,28.0,0.0,32.0,45.0,3.0,0.0,0.8625,0.6666666666666666,0.0,0.0,2.1333333333333333,0.35,0.0,55.64125660141076,0.005381815,1,-0.0199184293197952,0.23065338,-0.9647049638607044,-0.0544314011851851,0,0,0,44,3922243,South Africa,Round of 16,2,Chasing_Game,-0.6835507708049188,1.7625293964130044
0.33840171,3.0,0.0,118.0,107.0,35.0,3.0,29.0,70.0,3.0,1.0,0.9067796610169492,0.7368421052631579,0.022560114,0.2,1.9333333333333331,0.2966101694915254,0.3333333333333333,57.29047544707387,0.474597774,5,0.0553137118973671,47,0.0,0.0,0.0,83.0,71.0,28.0,0.0,37.0,59.0,5.0,2.0,0.8554216867469879,0.6923076923076923,0.0,0.0,2.466666666666667,0.3373493975903614,0.4,54.30909973866567,0.005381815,1,-0.0269967425728073,0.33840171,2.9813757084082013,0.0750637308248587,0,0,0,43,3922243,South Africa,Round of 16,2,Chasing_Game,-1.0874349937700785,1.6637374559736027
0.33840171,3.0,0.0,120.0,109.0,35.0,3.0,40.0,79.0,3.0,1.0,0.9083333333333332,0.7619047619047619,0.022560114,0.2,2.6666666666666665,0.2916666666666667,0.3333333333333333,58.41629555289398,0.474597774,5,0.0568673842137512,48,0.0,0.0,0.0,99.0,87.0,28.0,0.0,42.0,81.0,5.0,2.0,0.8787878787878788,0.7777777777777778,0.0,0.0,2.8,0.2828282828282828,0.4,54.69055411987615,0.005381815,1,-0.0036305505319165,0.33840171,3.725741433017831,0.2701202280000001,0,0,0,42,3922243,South Africa,Round of 16,2,Chasing_Game,-0.849017307270096,1.7555743311440453
0.33840171,3.0,0.0,119.0,109.0,35.0,3.0,41.0,89.0,6.0,3.0,0.9159663865546218,0.8,0.022560114,0.2,2.7333333333333334,0.2941176470588235,0.5,56.54085695640275,0.474597774,5,0.0645004374350397,49,0.006272342,1.0,0.0,96.0,84.0,28.0,1.0,44.0,90.0,5.0,2.0,0.875,0.7777777777777778,0.0004181561333333,0.0666666666666666,2.933333333333333,0.2916666666666667,0.4,55.2937786731007,0.011654157,2,-0.0074184293197953,0.332129368,1.2470782833020522,0.2384015627921569,0,0,0,41,3922243,South Africa,Round of 16,2,Chasing_Game,-0.6020642276924948,1.9205498977529372
0.33840171,3.0,0.0,118.0,108.0,34.0,3.0,41.0,84.0,6.0,3.0,0.9152542372881356,0.7894736842105263,0.022560114,0.2,2.7333333333333334,0.288135593220339,0.5,57.892085026578194,0.474597774,5,0.0637882881685535,50,0.006272342,1.0,0.0,94.0,83.0,27.0,1.0,42.0,90.0,5.0,2.0,0.8829787234042553,0.7777777777777778,0.0004181561333333,0.0666666666666666,2.8,0.2872340425531915,0.4,53.594182713504736,0.011654157,2,0.00056029408446,0.332129368,4.2979023130734575,0.2990861756203391,0,0,0,40,3922243,South Africa,Round of 16,2,Chasing_Game,-0.6728165825190928,1.7540127252801758
0.33840171,3.0,0.0,106.0,97.0,31.0,3.0,41.0,81.0,6.0,3.0,0.9150943396226416,0.8333333333333334,0.022560114,0.2,2.7333333333333334,0.2924528301886792,0.5,57.438313096753625,0.474597774,5,0.0636283905030594,51,0.006272342,1.0,0.0,97.0,88.0,26.0,1.0,41.0,90.0,5.0,2.0,0.9072164948453608,0.7777777777777778,0.0004181561333333,0.0666666666666666,2.7333333333333334,0.268041237113402,0.4,53.282672741994766,0.011654157,2,0.0247980655255655,0.332129368,4.155640354758859,0.3367367459220125,0,0,0,39,3922243,South Africa,Round of 16,2,Chasing_Game,-0.6471745395805958,1.7395028156114483
0.33840171,3.0,0.0,99.0,90.0,29.0,3.0,45.0,82.0,6.0,3.0,0.9090909090909092,0.8333333333333334,0.022560114,0.2,3.0,0.2929292929292929,0.5,56.2749797634203,0.474597774,5,0.0576249599713269,52,0.006272342,1.0,0.0,111.0,103.0,26.0,1.0,41.0,99.0,5.0,2.0,0.927927927927928,0.8095238095238095,0.0004181561333333,0.0666666666666666,2.7333333333333334,0.2342342342342342,0.4,55.30748755680958,0.011654157,2,0.0455094986081325,0.332129368,0.9674922066107144,0.4705465419959596,0,0,0,38,3922243,South Africa,Round of 16,2,Chasing_Game,-0.3020640784036039,1.657410431580182
0.33840171,3.0,0.0,105.0,95.0,32.0,3.0,43.0,80.0,6.0,3.0,0.9047619047619048,0.8333333333333334,0.022560114,0.2,2.8666666666666667,0.3047619047619048,0.5,55.976891528126174,0.474597774,5,0.0532959556423227,53,0.006272342,1.0,0.0,116.0,107.0,28.0,1.0,41.0,93.0,5.0,2.0,0.9224137931034484,0.8421052631578947,0.0004181561333333,0.0666666666666666,2.7333333333333334,0.2413793103448276,0.4,54.72111718643921,0.011654157,2,0.0399953637836529,0.332129368,1.2557743416869656,0.4157124871619049,0,0,0,37,3922243,South Africa,Round of 16,2,Chasing_Game,-0.3253443907344207,1.5773647910461785
0.33840171,3.0,0.0,104.0,95.0,31.0,3.0,44.0,81.0,6.0,3.0,0.9134615384615384,0.8888888888888888,0.022560114,0.2,2.933333333333333,0.2980769230769231,0.5,56.432947083681725,0.474597774,5,0.0619955893419563,54,0.006272342,1.0,0.0,108.0,99.0,28.0,1.0,41.0,94.0,5.0,2.0,0.9166666666666666,0.8421052631578947,0.0004181561333333,0.0666666666666666,2.7333333333333334,0.2592592592592592,0.4,53.6326501632663,0.011654157,2,0.0342482373468713,0.332129368,2.800296920415427,0.4423608388102564,0,0,0,36,3922243,South Africa,Round of 16,2,Chasing_Game,-0.4872541808198303,1.671736325141865
0.33840171,3.0,0.0,94.0,84.0,31.0,3.0,46.0,77.0,6.0,3.0,0.8936170212765957,0.875,0.022560114,0.2,3.066666666666667,0.3297872340425531,0.5,55.04743351779026,0.474597774,5,0.0421510721570136,55,0.006272342,1.0,0.0,119.0,109.0,30.0,1.0,39.0,99.0,5.0,2.0,0.9159663865546218,0.8571428571428571,0.0004181561333333,0.0666666666666666,2.6,0.2521008403361344,0.4,53.70586425540723,0.011654157,2,0.0335479572348265,0.332129368,1.3415692623830324,0.60740448310922,0,0,0,35,3922243,South Africa,Round of 16,2,Chasing_Game,-0.061289662779827954,1.1477496729166379
0.33840171,3.0,0.0,89.0,79.0,28.0,3.0,46.0,70.0,6.0,3.0,0.8876404494382022,0.8666666666666667,0.022560114,0.2,3.066666666666667,0.3146067415730337,0.5,51.90319109354784,0.474597774,5,0.0361745003186201,56,0.173945422,2.0,1.0,120.0,110.0,30.0,1.0,35.0,99.0,4.0,2.0,0.9166666666666666,0.8636363636363636,0.0115963614666666,0.1333333333333333,2.333333333333333,0.25,0.5,55.91583058537356,0.179327237,3,0.0342482373468713,0.164456288,-4.012639491825716,0.703200913306367,0,1,-1,34,3922243,South Africa,Round of 16,3,Balanced_Phase,0.8288083306420936,1.0309750891822027
0.33840171,3.0,0.0,84.0,75.0,28.0,3.0,46.0,74.0,6.0,3.0,0.8928571428571429,0.8571428571428571,0.022560114,0.2,3.066666666666667,0.3333333333333333,0.5,53.28948920984595,0.474597774,5,0.0413911937375608,57,0.173945422,2.0,1.0,117.0,108.0,29.0,1.0,35.0,99.0,4.0,2.0,0.9230769230769232,0.8636363636363636,0.0115963614666666,0.1333333333333333,2.333333333333333,0.2478632478632478,0.5,56.00360836315133,0.179327237,3,0.0406584937571278,0.164456288,-2.714119153305383,0.7219275050666667,0,1,-1,33,3922243,South Africa,Round of 16,3,Balanced_Phase,0.8117006403841495,0.9372537104689139
0.438125472,5.0,0.0,77.0,69.0,22.0,3.0,44.0,70.0,7.0,4.0,0.8961038961038961,0.8333333333333334,0.0292083648,0.3333333333333333,2.933333333333333,0.2857142857142857,0.5714285714285714,55.03743083811016,0.574321536,7,0.044637946984314,58,0.173945422,2.0,1.0,114.0,105.0,27.0,1.0,32.0,97.0,3.0,2.0,0.9210526315789472,0.8260869565217391,0.0115963614666666,0.1333333333333333,2.1333333333333333,0.2368421052631578,0.6666666666666666,54.0422347367777,0.179327237,3,0.038634202259152,0.26418005,0.9951961013324606,0.7209382923809522,0,1,-1,32,3922243,South Africa,Round of 16,3,Balanced_Phase,0.07967741898635751,0.6394592063130873
0.279886882,4.0,0.0,81.0,72.0,23.0,3.0,44.0,72.0,7.0,4.0,0.8888888888888888,0.7692307692307693,0.0186591254666666,0.2666666666666666,2.933333333333333,0.2839506172839506,0.5714285714285714,53.51281545349477,0.574321536,7,0.0374229397693067,59,0.173945422,2.0,1.0,112.0,101.0,27.0,1.0,31.0,100.0,3.0,2.0,0.9017857142857144,0.7916666666666666,0.0115963614666666,0.1333333333333333,2.066666666666667,0.2410714285714285,0.6666666666666666,54.36330616534914,0.179327237,3,0.0193672849659189,0.10594146,-0.8504907118543628,0.7314094786172838,0,1,-1,31,3922243,South Africa,Round of 16,3,Balanced_Phase,0.6701630001570621,0.822184837506122
0.207472092,3.0,0.0,86.0,76.0,24.0,2.0,43.0,70.0,7.0,4.0,0.8837209302325582,0.75,0.0138314728,0.2,2.8666666666666667,0.2790697674418604,0.5714285714285714,55.18462917898497,0.574321536,7,0.032254981112976,60,0.173945422,2.0,1.0,101.0,89.0,25.0,1.0,31.0,98.0,2.0,2.0,0.8811881188118812,0.75,0.0115963614666666,0.1333333333333333,2.066666666666667,0.2475247524752475,1.0,52.979343202386175,0.179327237,3,-0.0012303105079141,0.03352667,2.2052859765987947,0.6835399901085271,0,1,-1,30,3922243,South Africa,Round of 16,3,Balanced_Phase,0.8058643323177435,0.9335588485755387
0.207472092,3.0,0.0,70.0,61.0,24.0,2.0,43.0,57.0,5.0,4.0,0.8714285714285714,0.7777777777777778,0.0138314728,0.2,2.8666666666666667,0.3428571428571428,0.8,56.86403421330991,0.574321536,7,0.0199626223089893,61,0.173945422,2.0,1.0,101.0,90.0,26.0,1.0,24.0,97.0,2.0,2.0,0.8910891089108911,0.8,0.0115963614666666,0.1333333333333333,1.6,0.2574257425742574,1.0,52.563637873232565,0.179327237,3,0.0086706795910957,0.03352667,4.3003963400773415,0.9806606988571428,0,1,-1,29,3922243,South Africa,Round of 16,3,Balanced_Phase,1.1417846377839926,0.04649431620534374
0.099723762,2.0,0.0,72.0,60.0,24.0,1.0,36.0,53.0,5.0,4.0,0.8333333333333334,0.7777777777777778,0.0066482508,0.1333333333333333,2.4,0.3333333333333333,0.8,57.949035922711616,0.574321536,7,-0.0181326157862486,62,0.173945422,2.0,1.0,98.0,88.0,24.0,1.0,21.0,88.0,0.0,0.0,0.8979591836734694,0.7727272727272727,0.0115963614666666,0.1333333333333333,1.4,0.2448979591836734,,51.95912806931099,0.179327237,3,0.015540754353674,-0.0742216599999999,5.989907853400624,0.8234371120000001,0,1,-1,28,3922243,South Africa,Round of 16,3,Balanced_Phase,1.447270623650066,-0.04112517878015978
0.099723762,2.0,0.0,65.0,53.0,22.0,1.0,23.0,43.0,5.0,4.0,0.8153846153846154,0.7142857142857143,0.0066482508,0.1333333333333333,1.5333333333333334,0.3384615384615385,0.8,60.287802711478406,0.574321536,7,-0.0360813337349666,63,0.173945422,2.0,1.0,75.0,66.0,23.0,1.0,16.0,62.0,0.0,0.0,0.88,0.75,0.0115963614666666,0.1333333333333333,1.0666666666666669,0.3066666666666666,,49.37026628069312,0.179327237,3,-0.0024184293197953,-0.0742216599999999,10.91753643078529,0.5618986504615385,0,1,-1,27,3922243,South Africa,Round of 16,3,Balanced_Phase,1.047558043977422,-0.44914850687244
0.099723762,2.0,0.0,65.0,53.0,22.0,1.0,19.0,32.0,2.0,2.0,0.8153846153846154,0.7142857142857143,0.0066482508,0.1333333333333333,1.2666666666666666,0.3384615384615385,1.0,62.82597635070468,0.574321536,7,-0.0360813337349666,64,0.1676730799999999,1.0,1.0,70.0,61.0,22.0,0.0,13.0,48.0,0.0,0.0,0.8714285714285714,0.7142857142857143,0.0111782053333333,0.0666666666666666,0.8666666666666667,0.3142857142857143,,47.45319557362241,0.179327237,3,-0.0109898578912238,-0.0679493179999999,15.37278077708227,0.5294016293948718,0,1,-1,26,3922243,South Africa,Round of 16,3,Balanced_Phase,0.5561505607213024,-0.5671185757740287
0.099723762,2.0,0.0,75.0,63.0,24.0,1.0,20.0,32.0,2.0,2.0,0.84,0.7142857142857143,0.0066482508,0.1333333333333333,1.3333333333333333,0.32,1.0,63.100462566243536,0.574321536,7,-0.011465949119582,65,0.1676730799999999,1.0,1.0,74.0,64.0,23.0,0.0,13.0,50.0,0.0,0.0,0.8648648648648649,0.6666666666666666,0.0111782053333333,0.0666666666666666,0.8666666666666667,0.3108108108108108,,47.63279153321836,0.179327237,3,-0.0175535644549303,-0.0679493179999999,15.467671033025177,0.5442734242666666,0,1,-1,25,3922243,South Africa,Round of 16,3,Balanced_Phase,0.37981873380395154,-0.25311073734199446
0.099723762,2.0,0.0,80.0,66.0,27.0,1.0,21.0,35.0,2.0,2.0,0.825,0.625,0.0066482508,0.1333333333333333,1.4,0.3375,1.0,64.41923449606809,0.574321536,7,-0.0264659491195821,66,0.1676730799999999,1.0,1.0,79.0,67.0,26.0,0.0,15.0,55.0,1.0,1.0,0.8481012658227848,0.625,0.0111782053333333,0.0666666666666666,1.0,0.3291139240506329,1.0,48.17218821496798,0.179327237,3,-0.0343171634970105,-0.0679493179999999,16.247046281100104,0.5284400909333333,0,1,-1,24,3922243,South Africa,Round of 16,3,Balanced_Phase,0.5491423184001754,-0.5756980525216921
0.099723762,2.0,0.0,87.0,74.0,29.0,1.0,17.0,35.0,2.0,2.0,0.8505747126436781,0.625,0.0066482508,0.1333333333333333,1.1333333333333333,0.3333333333333333,1.0,65.31542136475495,0.574321536,7,-0.0008912364759039,67,0.1676730799999999,1.0,1.0,67.0,54.0,24.0,0.0,14.0,46.0,1.0,1.0,0.8059701492537313,0.5384615384615384,0.0111782053333333,0.0666666666666666,0.9333333333333332,0.3582089552238806,1.0,47.60526813699528,0.179327237,3,-0.0764482800660639,-0.0679493179999999,17.710153227759676,0.4242734242666666,0,1,-1,23,3922243,South Africa,Round of 16,2,Chasing_Game,0.1732085646164793,-0.3168286336642731
0.099723762,2.0,0.0,82.0,69.0,26.0,1.0,16.0,37.0,2.0,2.0,0.8414634146341463,0.5555555555555556,0.0066482508,0.1333333333333333,1.0666666666666669,0.3170731707317073,1.0,70.50734293338242,0.574321536,7,-0.0100025344854357,68,0.1676730799999999,1.0,1.0,58.0,47.0,21.0,0.0,16.0,44.0,1.0,1.0,0.8103448275862069,0.5384615384615384,0.0111782053333333,0.0666666666666666,1.0666666666666669,0.3620689655172414,1.0,44.0611940629212,0.179327237,3,-0.0720736017335884,-0.0679493179999999,26.44614887046121,0.3080132616650406,0,1,-1,22,3922243,South Africa,Round of 16,2,Chasing_Game,-0.1986207835972793,-0.4643330096494667
0.099723762,2.0,0.0,83.0,69.0,26.0,1.0,16.0,38.0,2.0,2.0,0.8313253012048193,0.5555555555555556,0.0066482508,0.1333333333333333,1.0666666666666669,0.3132530120481928,1.0,70.5271207111602,0.574321536,7,-0.0201406479147627,69,0.1676730799999999,1.0,1.0,56.0,44.0,20.0,0.0,17.0,42.0,1.0,1.0,0.7857142857142857,0.5,0.0111782053333333,0.0666666666666666,1.1333333333333333,0.3571428571428571,1.0,44.88740618413332,0.179327237,3,-0.0967041436055096,-0.0679493179999999,25.639714527026875,0.2708597696481927,0,1,-1,21,3922243,South Africa,Round of 16,2,Chasing_Game,-0.1287480968003966,-0.4905558051336836
0.099723762,2.0,0.0,93.0,77.0,28.0,1.0,15.0,44.0,2.0,2.0,0.8279569892473119,0.5833333333333334,0.0066482508,0.1333333333333333,1.0,0.3010752688172043,1.0,74.87170404449351,0.574321536,7,-0.0235089598722701,70,0.1676730799999999,1.0,1.0,43.0,31.0,18.0,0.0,21.0,38.0,1.0,1.0,0.7209302325581395,0.4,0.0111782053333333,0.0666666666666666,1.4,0.4186046511627907,1.0,42.16041431421463,0.179327237,3,-0.1614881967616558,-0.0679493179999999,32.711289730278885,0.0920153597505376,0,1,-1,20,3922243,South Africa,Round of 16,2,Chasing_Game,-0.6371383351032882,-0.4235292119040436
0.099723762,2.0,0.0,95.0,77.0,29.0,1.0,12.0,46.0,2.0,2.0,0.8105263157894737,0.5833333333333334,0.0066482508,0.1333333333333333,0.8,0.3052631578947368,1.0,76.70837071116019,0.574321536,7,-0.0409396333301084,71,0.0,0.0,0.0,43.0,29.0,19.0,0.0,21.0,34.0,1.0,1.0,0.6744186046511628,0.2222222222222222,0.0,0.0,1.4,0.4418604651162791,1.0,40.030043943844255,0.179327237,3,-0.2079998246686325,0.099723762,36.67832676731593,0.0185596594947369,0,1,-1,19,3922243,South Africa,Round of 16,1,Dominant_Efficient,-1.379283109225083,-0.7052925917023789
0.227409832,3.0,0.0,93.0,75.0,28.0,2.0,12.0,41.0,2.0,2.0,0.8064516129032258,0.5833333333333334,0.0151606554666666,0.2,0.8,0.3010752688172043,1.0,76.8051131354026,0.702007606,8,-0.0450143362163563,72,0.0,0.0,0.0,43.0,29.0,19.0,0.0,19.0,34.0,1.0,1.0,0.6744186046511628,0.2222222222222222,0.0,0.0,1.2666666666666666,0.4418604651162791,1.0,38.72004394384426,0.179327237,3,-0.2079998246686325,0.227409832,38.08506919155835,0.0980632464172044,0,1,-1,18,3922243,South Africa,Round of 16,1,Dominant_Efficient,-1.7156850039992995,-1.1833633297278965
0.12768607,1.0,0.0,99.0,80.0,28.0,1.0,11.0,40.0,1.0,1.0,0.8080808080808081,0.5384615384615384,0.0085124046666666,0.0666666666666666,0.7333333333333333,0.2828282828282828,1.0,77.29310812287129,0.702007606,8,-0.043385141038774,73,0.0,0.0,0.0,40.0,27.0,17.0,0.0,19.0,34.0,1.0,1.0,0.675,0.25,0.0,0.0,1.2666666666666666,0.425,1.0,37.723941379741696,0.179327237,3,-0.2074184293197952,0.12768607,39.56916674312959,0.0331864254949494,0,1,-1,17,3922243,South Africa,Round of 16,1,Dominant_Efficient,-1.3670698448687961,-0.7492831329578918
0.19724997,2.0,0.0,108.0,90.0,27.0,2.0,11.0,47.0,1.0,1.0,0.8333333333333334,0.6666666666666666,0.013149998,0.1333333333333333,0.7333333333333333,0.25,1.0,76.79037308013625,0.771571506,9,-0.0181326157862486,74,0.0,0.0,0.0,37.0,26.0,15.0,0.0,23.0,32.0,1.0,1.0,0.7027027027027027,0.2857142857142857,0.0,0.0,1.5333333333333334,0.4054054054054054,1.0,36.905885824186136,0.179327237,3,-0.1797157266170925,0.19724997,39.88448725595011,-0.1237000040000001,0,1,-1,16,3922243,South Africa,Round of 16,1,Dominant_Efficient,-2.093828091813181,-0.1558769693102864
0.19724997,2.0,0.0,100.0,83.0,25.0,2.0,9.0,44.0,1.0,1.0,0.83,0.6666666666666666,0.013149998,0.1333333333333333,0.6,0.25,1.0,76.74218931945249,0.771571506,9,-0.0214659491195821,75,0.0,0.0,0.0,34.0,24.0,14.0,0.0,22.0,28.0,1.0,1.0,0.7058823529411765,0.3333333333333333,0.0,0.0,1.4666666666666666,0.4117647058823529,1.0,36.75421915751947,0.179327237,3,-0.1765360763786188,0.19724997,39.98797016193302,-0.1570333373333333,0,1,-1,15,3922243,South Africa,Round of 16,1,Dominant_Efficient,-2.1243904925597623,-0.2173240048755458
0.19724997,2.0,0.0,88.0,73.0,19.0,2.0,7.0,38.0,1.0,1.0,0.8295454545454546,0.6153846153846154,0.013149998,0.1333333333333333,0.4666666666666667,0.2159090909090909,1.0,77.17659327806696,0.771571506,9,-0.0219204945741274,76,0.0,0.0,0.0,29.0,20.0,12.0,0.0,19.0,21.0,1.0,1.0,0.6896551724137931,0.0,0.0,0.0,1.2666666666666666,0.4137931034482758,1.0,35.088966632266946,0.179327237,3,-0.1927632569060021,0.19724997,42.087626645800015,-0.1577909130909091,0,1,-1,14,3922243,South Africa,Round of 16,1,Dominant_Efficient,-2.2585684714274654,-0.2710506065328994
0.19724997,2.0,0.0,74.0,63.0,17.0,2.0,5.0,32.0,1.0,1.0,0.8513513513513513,0.6,0.013149998,0.1333333333333333,0.3333333333333333,0.2297297297297297,1.0,76.91317447464816,0.771571506,9,-0.0001145977682307,77,0.0,0.0,0.0,25.0,17.0,11.0,0.0,16.0,16.0,1.0,1.0,0.68,0.0,0.0,0.0,1.0666666666666669,0.44,1.0,34.546744410044724,0.179327237,3,-0.2024184293197952,0.19724997,42.36643006460344,-0.1106369409369368,0,1,-1,13,3922243,South Africa,Round of 16,1,Dominant_Efficient,-2.3704448945785295,-0.29524514040021255
0.19724997,2.0,0.0,78.0,65.0,20.0,2.0,7.0,37.0,1.0,1.0,0.8333333333333334,0.5454545454545454,0.013149998,0.1333333333333333,0.4666666666666667,0.2564102564102564,1.0,76.35793943191311,0.771571506,9,-0.0181326157862486,78,0.0,0.0,0.0,31.0,20.0,13.0,0.0,16.0,22.0,1.0,1.0,0.6451612903225806,0.2,0.0,0.0,1.0666666666666669,0.4193548387096774,1.0,36.273569806870114,0.179327237,3,-0.2372571389972146,0.19724997,40.084369625043,-0.0172897475897436,0,1,-1,12,3922243,South Africa,Round of 16,1,Dominant_Efficient,-1.9418553938666943,-0.6819828824054356
0.19724997,2.0,0.0,83.0,67.0,24.0,2.0,11.0,42.0,1.0,1.0,0.8072289156626506,0.5454545454545454,0.013149998,0.1333333333333333,0.7333333333333333,0.2891566265060241,1.0,74.32537982777457,0.771571506,9,-0.0442370334569314,79,0.0,0.0,0.0,41.0,29.0,17.0,0.0,17.0,32.0,3.0,1.0,0.7073170731707317,0.5,0.0,0.0,1.1333333333333333,0.4146341463414634,0.3333333333333333,37.91533451275247,0.179327237,3,-0.1751013561490636,0.19724997,36.410045315022096,0.115456622506024,0,1,-1,11,3922243,South Africa,Round of 16,1,Dominant_Efficient,-1.3995742567644935,-1.1114326760094257
0.58549052,3.0,0.0,76.0,60.0,23.0,3.0,10.0,43.0,1.0,1.0,0.7894736842105263,0.5833333333333334,0.0390327013333333,0.2,0.6666666666666666,0.3026315789473684,1.0,76.90855443094917,1.159812056,10,-0.0619922649090557,80,0.0,0.0,0.0,37.0,26.0,16.0,0.0,18.0,30.0,3.0,1.0,0.7027027027027027,0.5714285714285714,0.0,0.0,1.2,0.4324324324324324,0.3333333333333333,34.62533451275247,0.179327237,3,-0.1797157266170925,0.58549052,42.2832199181967,0.1140303149473683,0,1,-1,10,3922243,South Africa,Round of 16,1,Dominant_Efficient,-2.3348184305460724,-2.1191528359483933
0.58549052,3.0,0.0,71.0,57.0,20.0,3.0,9.0,40.0,1.0,1.0,0.8028169014084507,0.6363636363636364,0.0390327013333333,0.2,0.6,0.2816901408450704,1.0,78.44744331983807,1.159812056,10,-0.0486490477111313,81,0.0,0.0,0.0,27.0,18.0,12.0,0.0,16.0,25.0,2.0,0.0,0.6666666666666666,0.6666666666666666,0.0,0.0,1.0666666666666669,0.4444444444444444,0.0,32.34670706177208,0.179327237,3,-0.2157517626531286,0.58549052,46.10073625806599,0.1264222101784037,0,1,-1,9,3922243,South Africa,Round of 16,1,Dominant_Efficient,-2.6761385104167754,-1.9992229200671732
0.58549052,3.0,0.0,62.0,48.0,17.0,3.0,9.0,39.0,1.0,1.0,0.7741935483870968,0.6363636363636364,0.0390327013333333,0.2,0.6,0.2741935483870967,1.0,81.07105443094919,1.159812056,10,-0.0772724007324853,82,0.0,0.0,0.0,21.0,13.0,11.0,0.0,16.0,25.0,2.0,0.0,0.6190476190476191,0.6666666666666666,0.0,0.0,1.0666666666666669,0.5238095238095238,0.0,29.46547899159664,0.179327237,3,-0.2633708102721762,0.58549052,51.60557543935255,0.11892561772043,0,1,-1,8,3922243,South Africa,Round of 16,1,Dominant_Efficient,-2.795357778561129,-2.48836768003867
0.58549052,3.0,0.0,60.0,47.0,16.0,3.0,9.0,37.0,1.0,1.0,0.7833333333333333,0.7,0.0390327013333333,0.2,0.6,0.2666666666666666,1.0,80.25860998650472,1.159812056,10,-0.0681326157862487,83,0.0,0.0,0.0,21.0,13.0,11.0,0.0,14.0,25.0,2.0,0.0,0.6190476190476191,0.6666666666666666,0.0,0.0,0.9333333333333332,0.5238095238095238,0.0,29.05881232492997,0.179327237,3,-0.2633708102721762,0.58549052,51.19979766157475,0.1780654026666667,0,1,-1,7,3922243,South Africa,Round of 16,1,Dominant_Efficient,-2.8611660060015733,-2.3964779676915327
1.36899052,4.0,0.0,55.0,44.0,15.0,3.0,7.0,33.0,1.0,1.0,0.8,0.6666666666666666,0.0912660346666666,0.2666666666666666,0.4666666666666667,0.2727272727272727,1.0,83.72860998650472,1.943312056,11,-0.051465949119582,84,0.0,0.0,0.0,20.0,13.0,10.0,0.0,12.0,23.0,2.0,0.0,0.65,0.6666666666666666,0.0,0.0,0.8,0.5,0.0,26.173812324929973,0.179327237,3,-0.2324184293197952,1.36899052,57.55479766157475,0.2885926753939393,0,1,-1,6,3922243,South Africa,Round of 16,1,Dominant_Efficient,-4.5325464693229165,-3.813980501902778
1.36899052,4.0,0.0,44.0,35.0,12.0,3.0,9.0,32.0,1.0,1.0,0.7954545454545454,0.5714285714285714,0.0912660346666666,0.2666666666666666,0.6,0.2727272727272727,1.0,80.50545209176789,1.943312056,11,-0.0560114036650366,85,0.0,0.0,0.0,22.0,14.0,10.0,0.0,9.0,26.0,2.0,0.0,0.6363636363636364,0.6666666666666666,0.0,0.0,0.6,0.4545454545454545,0.0,29.033367880485525,0.179327237,3,-0.2460547929561589,1.36899052,51.472084211282365,0.455259342060606,0,1,-1,5,3922243,South Africa,Round of 16,1,Dominant_Efficient,-3.9857279357788116,-4.021178034376605
1.36899052,4.0,0.0,47.0,39.0,13.0,3.0,9.0,32.0,1.0,1.0,0.8297872340425532,0.5714285714285714,0.0912660346666666,0.2666666666666666,0.6,0.2765957446808511,1.0,81.64592828224407,1.943312056,11,-0.0216787150770289,86,0.0,0.0,0.0,20.0,14.0,8.0,0.0,11.0,24.0,2.0,0.0,0.7,0.8,0.0,0.0,0.7333333333333333,0.4,0.0,27.90892343604109,0.179327237,3,-0.1824184293197953,1.36899052,53.737004846202986,0.3924611473475177,0,1,-1,4,3922243,South Africa,Round of 16,1,Dominant_Efficient,-4.295493784069603,-3.555966152168237
1.24130445,3.0,0.0,43.0,34.0,12.0,2.0,9.0,29.0,0.0,0.0,0.7906976744186046,0.5714285714285714,0.08275363,0.2,0.6,0.2790697674418604,,84.31342828224408,1.943312056,11,-0.0607682747009774,87,0.0,0.0,0.0,20.0,14.0,8.0,0.0,10.0,25.0,2.0,0.0,0.7,0.8,0.0,0.0,0.6666666666666666,0.4,0.0,26.993923436041083,0.179327237,3,-0.1824184293197953,1.24130445,57.31950484620299,0.411243694108527,0,1,-1,3,3922243,South Africa,Round of 16,1,Dominant_Efficient,-3.80272260930911,-3.817394686205526
1.276329775,4.0,0.0,44.0,34.0,14.0,3.0,9.0,31.0,0.0,0.0,0.7727272727272727,0.7142857142857143,0.0850886516666666,0.2666666666666666,0.6,0.3181818181818182,,82.99274178338824,1.978337381,12,-0.0787386763923093,88,0.0,0.0,0.0,22.0,15.0,9.0,0.0,13.0,24.0,2.0,0.0,0.6818181818181818,0.8,0.0,0.0,0.8666666666666667,0.4090909090909091,0.0,29.55836788048553,0.179327237,3,-0.2006002475016135,1.276329775,53.43437390290271,0.3550257881818182,0,1,-1,2,3922243,South Africa,Round of 16,1,Dominant_Efficient,-3.8178000963412093,-3.996044918717847
1.206765875,3.0,0.0,42.0,30.0,19.0,2.0,9.0,29.0,0.0,0.0,0.7142857142857143,0.4,0.0804510583333333,0.2,0.6,0.4523809523809524,,82.72420985779748,1.978337381,12,-0.1371802348338677,89,0.0,0.0,0.0,24.0,16.0,10.0,0.0,12.0,25.0,2.0,0.0,0.6666666666666666,0.8,0.0,0.0,0.8,0.4166666666666667,0.0,29.90331737543502,0.179327237,3,-0.2157517626531286,1.206765875,52.82089248236245,0.513283069047619,0,1,-1,1,3922243,South Africa,Round of 16,1,Dominant_Efficient,-2.464747807690258,-5.504490185269397
1.206765875,3.0,0.0,45.0,32.0,20.0,2.0,9.0,32.0,0.0,0.0,0.7111111111111111,0.4,0.0804510583333333,0.2,0.6,0.4444444444444444,,84.09739361848125,1.978337381,12,-0.1403548380084709,90,0.0,0.0,0.0,24.0,16.0,10.0,0.0,13.0,25.0,2.0,0.0,0.6666666666666666,0.8,0.0,0.0,0.8666666666666667,0.4166666666666667,0.0,29.03720626432391,0.179327237,3,-0.2157517626531286,1.206765875,55.060187354157335,0.4720132277777777,0,1,-1,0,3922243,South Africa,Round of 16,1,Dominant_Efficient,-2.5808389724026917,-5.5014992757049
1.206765875,3.0,0.0,45.0,32.0,20.0,2.0,10.0,32.0,0.0,0.0,0.7111111111111111,0.4,0.0804510583333333,0.2,0.6666666666666666,0.4444444444444444,,79.97141071249834,1.978337381,12,-0.1403548380084709,91,0.0,0.0,0.0,25.0,17.0,11.0,0.0,13.0,27.0,2.0,0.0,0.68,0.8,0.0,0.0,0.8666666666666667,0.44,0.0,31.929428486546133,0.179327237,3,-0.2024184293197952,1.206765875,48.04198222595221,0.505346561111111,0,1,-1,0,3922243,South Africa,Round of 16,1,Dominant_Efficient,-2.2773754375959405,-5.4179393717634365
1.206765875,3.0,0.0,45.0,32.0,20.0,2.0,10.0,32.0,0.0,0.0,0.7111111111111111,0.4,0.0804510583333333,0.2,0.6666666666666666,0.4444444444444444,,75.84542780651545,1.978337381,12,-0.1403548380084709,92,0.0,0.0,0.0,25.0,17.0,11.0,0.0,13.0,27.0,2.0,0.0,0.68,0.8,0.0,0.0,0.8666666666666667,0.44,0.0,34.82165070876836,0.179327237,3,-0.2024184293197952,1.206765875,41.023777097747086,0.505346561111111,0,1,-1,0,3922243,South Africa,Round of 16,1,Dominant_Efficient,-1.9917441904863964,-5.276743961118142
1.206765875,3.0,0.0,41.0,30.0,17.0,2.0,8.0,27.0,0.0,0.0,0.7317073170731707,0.5,0.0804510583333333,0.2,0.5333333333333333,0.4146341463414634,,72.01126113984877,1.978337381,12,-0.1197586320464113,93,0.0,0.0,0.0,19.0,14.0,9.0,0.0,13.0,21.0,2.0,0.0,0.7368421052631579,1.0,0.0,0.0,0.8666666666666667,0.4736842105263157,0.0,35.44482531194296,0.179327237,3,-0.1455763240566374,1.206765875,36.56643582790581,0.4088695963414634,0,1,-1,0,3922243,South Africa,Round of 16,1,Dominant_Efficient,-2.2182822942398963,-4.689903600872362
1.206765875,3.0,0.0,36.0,28.0,13.0,2.0,4.0,22.0,0.0,0.0,0.7777777777777778,0.5,0.0804510583333333,0.2,0.2666666666666666,0.3611111111111111,,68.20775236791894,1.978337381,12,-0.0736881713418042,94,0.011296895,1.0,1.0,9.0,5.0,5.0,0.0,12.0,11.0,0.0,0.0,0.5555555555555556,,0.0007531263333333,0.0666666666666666,0.8,0.5555555555555556,,38.15972727272728,0.190624132,4,-0.3268628737642397,1.19546898,30.04802509519167,0.2538403084444444,0,2,-2,0,3922243,South Africa,Round of 16,1,Dominant_Efficient,-2.362293966458617,-3.940825881703445
0.818525325,2.0,0.0,36.0,27.0,14.0,1.0,4.0,21.0,0.0,0.0,0.75,0.3333333333333333,0.054568355,0.1333333333333333,0.2666666666666666,0.3888888888888889,,66.92886347903006,1.978337381,12,-0.101465949119582,95,0.011296895,1.0,1.0,9.0,5.0,5.0,0.0,11.0,12.0,0.0,0.0,0.5555555555555556,,0.0007531263333333,0.0666666666666666,0.7333333333333333,0.5555555555555556,,37.803060606060605,0.190624132,4,-0.3268628737642397,0.80722843,29.12580287296945,0.2631860128888888,0,2,-2,0,3922243,South Africa,Round of 16,1,Dominant_Efficient,-1.1485478269116596,-3.8687397324955604
0.818525325,2.0,0.0,41.0,29.0,16.0,1.0,5.0,22.0,0.0,0.0,0.7073170731707317,0.3333333333333333,0.054568355,0.1333333333333333,0.3333333333333333,0.3902439024390244,,66.6008079234745,1.978337381,12,-0.1441488759488504,96,0.011296895,1.0,1.0,9.0,5.0,5.0,0.0,12.0,14.0,0.0,0.0,0.5555555555555556,,0.0007531263333333,0.0666666666666666,0.8,0.5555555555555556,,37.62139393939394,0.190624132,4,-0.3268628737642397,0.80722843,28.97941398408057,0.2645410264390243,0,2,-2,0,3922243,South Africa,Round of 16,1,Dominant_Efficient,-0.8507171185243209,-4.291282346639465
0.818525325,2.0,0.0,43.0,30.0,17.0,1.0,6.0,23.0,0.0,0.0,0.6976744186046512,0.3333333333333333,0.054568355,0.1333333333333333,0.4,0.3953488372093023,,63.38414125680784,1.978337381,12,-0.1537915305149308,97,0.011296895,1.0,1.0,11.0,6.0,6.0,0.0,13.0,16.0,0.0,0.0,0.5454545454545454,,0.0007531263333333,0.0666666666666666,0.8666666666666667,0.5454545454545454,,40.02972727272728,0.190624132,4,-0.3369638838652499,0.80722843,23.35441398408056,0.2696459612093023,0,2,-2,0,3922243,South Africa,Round of 16,1,Dominant_Efficient,-0.5255031303360028,-4.264191767909603
0.818525325,2.0,0.0,50.0,35.0,19.0,1.0,8.0,25.0,0.0,0.0,0.7,0.4,0.054568355,0.1333333333333333,0.5333333333333333,0.38,,62.1808079234745,1.978337381,12,-0.1514659491195821,98,0.011296895,1.0,1.0,19.0,12.0,11.0,0.0,13.0,20.0,0.0,0.0,0.631578947368421,,0.0007531263333333,0.0666666666666666,0.8666666666666667,0.5789473684210527,,41.46087669801463,0.190624132,4,-0.2508394819513743,0.80722843,20.719931225459877,0.3209637906666667,0,2,-2,0,3922243,South Africa,Round of 16,1,Dominant_Efficient,-0.4894753028603032,-4.133460936472756
0.035025325,1.0,0.0,53.0,37.0,21.0,1.0,10.0,27.0,0.0,0.0,0.6981132075471698,0.4,0.0023350216666666,0.0666666666666666,0.6666666666666666,0.3962264150943396,,58.717171559838135,1.978337381,12,-0.1533527415724123,99,0.011296895,1.0,1.0,24.0,16.0,14.0,0.0,13.0,26.0,0.0,0.0,0.6666666666666666,1.0,0.0007531263333333,0.0666666666666666,0.8666666666666667,0.5833333333333334,,45.21732114245908,0.190624132,4,-0.2157517626531286,0.02372843,13.499850417379058,0.2993902057610063,0,2,-2,0,3922243,South Africa,Round of 16,3,Balanced_Phase,1.2860730637844655,-2.797647961539325
0.147117585,2.0,0.0,55.0,40.0,22.0,2.0,8.0,23.0,0.0,0.0,0.7272727272727273,0.5,0.009807839,0.1333333333333333,0.5333333333333333,0.4,,61.90032945457498,2.090429641,13,-0.1241932218468547,100,0.011296895,1.0,1.0,24.0,17.0,14.0,0.0,12.0,25.0,0.0,0.0,0.7083333333333334,0.6666666666666666,0.0007531263333333,0.0666666666666666,0.8,0.5833333333333334,,41.74685649599442,0.190624132,4,-0.1740850959864619,0.13582069,20.15347295858056,0.284776092,0,2,-2,0,3922243,South Africa,Round of 16,3,Balanced_Phase,0.3807384266047886,-2.813491831663961
0.147117585,2.0,0.0,53.0,39.0,22.0,2.0,8.0,23.0,0.0,0.0,0.7358490566037735,0.5,0.009807839,0.1333333333333333,0.5333333333333333,0.4150943396226415,,61.11985326409879,2.090429641,13,-0.1156168925158085,101,0.061331187,2.0,1.0,25.0,18.0,15.0,1.0,11.0,25.0,0.0,0.0,0.72,0.6666666666666666,0.0040887458,0.1333333333333333,0.7333333333333333,0.6,,42.598285067423,0.240658424,5,-0.1624184293197953,0.0857863979999999,18.521568196675787,0.3265325260226415,0,2,-2,0,3922243,South Africa,Round of 16,3,Balanced_Phase,0.7822753210220458,-2.877646931793613
0.147117585,2.0,0.0,52.0,39.0,22.0,2.0,8.0,23.0,0.0,0.0,0.75,0.5,0.009807839,0.1333333333333333,0.5333333333333333,0.4230769230769231,,56.84651993076545,2.090429641,13,-0.101465949119582,102,0.061331187,2.0,1.0,26.0,18.0,16.0,1.0,11.0,24.0,0.0,0.0,0.6923076923076923,0.6666666666666666,0.0040887458,0.1333333333333333,0.7333333333333333,0.6153846153846154,,43.07161840075633,0.240658424,5,-0.190110737012103,0.0857863979999999,13.774901530009124,0.3345151094769231,0,2,-2,0,3922243,South Africa,Round of 16,3,Balanced_Phase,0.8928679358972564,-2.685994487188097
0.11209226,1.0,0.0,43.0,32.0,19.0,1.0,8.0,19.0,0.0,0.0,0.7441860465116279,0.3333333333333333,0.0074728173333333,0.0666666666666666,0.5333333333333333,0.4418604651162791,,55.91159239453358,2.090429641,13,-0.1072799026079541,103,0.061331187,2.0,1.0,24.0,17.0,15.0,1.0,7.0,22.0,0.0,0.0,0.7083333333333334,0.6666666666666666,0.0040887458,0.1333333333333333,0.4666666666666667,0.625,,40.75250728964522,0.240658424,5,-0.1740850959864619,0.050761073,15.159085104888357,0.4819619415162789,0,2,-2,0,3922243,South Africa,Round of 16,3,Balanced_Phase,1.3699215312685897,-3.121635837202908
