mar_rolling_xg,mar_rolling_shots,mar_rolling_goals,mar_rolling_passes,mar_rolling_passes_completed,mar_rolling_progressive,mar_rolling_key_passes,mar_rolling_pressures,mar_rolling_under_pressure,mar_rolling_dribbles,mar_rolling_dribbles_comp,mar_pass_completion_rate,mar_pass_completion_under_pressure,mar_xg_rate,mar_shot_rate,mar_pressure_intensity,mar_progressive_pass_rate,mar_dribble_success_rate,mar_territory_mean_x,mar_cumulative_xg,mar_cumulative_shots,mar_pass_completion_delta,minute,opp_rolling_xg,opp_rolling_shots,opp_rolling_goals,opp_rolling_passes,opp_rolling_passes_completed,opp_rolling_progressive,opp_rolling_key_passes,opp_rolling_pressures,opp_rolling_under_pressure,opp_rolling_dribbles,opp_rolling_dribbles_comp,opp_pass_completion_rate,opp_pass_completion_under_pressure,opp_xg_rate,opp_shot_rate,opp_pressure_intensity,opp_progressive_pass_rate,opp_dribble_success_rate,opp_territory_mean_x,opp_cumulative_xg,opp_cumulative_shots,opp_pass_completion_delta,xg_diff,territory_diff,momentum_index,mar_score,opp_score,score_diff,time_remaining_proxy,match_id,opponent,stage
0.0,0.0,0.0,10.0,9.0,1.0,0.0,0.0,5.0,0.0,0.0,0.9,0.5,0.0,0.0,0.0,0.1,,57.57666666666667,0.0,0,0.00043121693948067197,0,0.0,0.0,0.0,2.0,1.0,0.0,0.0,2.0,0.0,0.0,0.0,0.5,,0.0,0.0,0.13333333333333333,0.0,,24.685714285714287,0.0,0,-0.29312216565179583,0.0,32.890952380952385,0.03333333333333334,0,0,0,90,3920394,Tanzania,Group Stage
0.0,0.0,0.0,17.0,15.0,4.0,0.0,2.0,8.0,0.0,0.0,0.8823529411764706,0.6666666666666666,0.0,0.0,0.13333333333333333,0.23529411764705882,,53.29485507246377,0.0,0,-0.017215841884048788,1,0.0,0.0,0.0,11.0,8.0,3.0,0.0,4.0,5.0,0.0,0.0,0.7272727272727273,1.0,0.0,0.0,0.26666666666666666,0.2727272727272727,,31.15952380952381,0.0,0,-0.06584943837906854,0.0,22.135331262939957,0.16862745098039214,0,0,0,89,3920394,Tanzania,Group Stage
0.0,0.0,0.0,20.0,17.0,6.0,0.0,10.0,8.0,0.0,0.0,0.85,0.6666666666666666,0.0,0.0,0.6666666666666666,0.3,,56.22639460971269,0.0,0,-0.04956878306051937,2,0.0,0.0,0.0,24.0,18.0,8.0,0.0,4.0,16.0,0.0,0.0,0.75,0.6666666666666666,0.0,0.0,0.26666666666666666,0.3333333333333333,,36.5113492063492,0.0,0,-0.04312216565179583,0.0,19.71504540336349,0.5,0,0,0,88,3920394,Tanzania,Group Stage
0.0,0.0,0.0,20.0,17.0,6.0,0.0,10.0,10.0,0.0,0.0,0.85,0.6666666666666666,0.0,0.0,0.6666666666666666,0.3,,44.50729595728452,0.0,0,-0.04956878306051937,3,0.0,0.0,0.0,28.0,20.0,9.0,0.0,4.0,16.0,0.0,0.0,0.7142857142857143,0.6666666666666666,0.0,0.0,0.26666666666666666,0.32142857142857145,,51.550178571428575,0.0,0,-0.07883645136608153,0.0,-7.042882614144055,0.5,0,0,0,87,3920394,Tanzania,Group Stage
0.0,0.0,0.0,20.0,17.0,6.0,0.0,10.0,10.0,0.0,0.0,0.85,0.6666666666666666,0.0,0.0,0.6666666666666666,0.3,,37.475836765827616,0.0,0,-0.04956878306051937,4,0.0,0.0,0.0,28.0,20.0,9.0,0.0,4.0,16.0,0.0,0.0,0.7142857142857143,0.6666666666666666,0.0,0.0,0.26666666666666666,0.32142857142857145,,60.573476190476185,0.0,0,-0.07883645136608153,0.0,-23.09763942464857,0.5,0,0,0,86,3920394,Tanzania,Group Stage
0.0,0.0,0.0,25.0,22.0,8.0,0.0,13.0,10.0,0.0,0.0,0.88,0.6666666666666666,0.0,0.0,0.8666666666666667,0.32,,39.00442537503178,0.0,0,-0.019568783060519346,5,0.0,0.0,0.0,34.0,25.0,10.0,0.0,4.0,21.0,0.0,0.0,0.7352941176470589,0.7142857142857143,0.0,0.0,0.26666666666666666,0.29411764705882354,,56.82893849206349,0.0,0,-0.057828048004736954,0.0,-17.824513117031714,0.6200000000000001,0,0,0,85,3920394,Tanzania,Group Stage
0.0,0.0,0.0,34.0,30.0,12.0,0.0,16.0,16.0,0.0,0.0,0.8823529411764706,0.8333333333333334,0.0,0.0,1.0666666666666667,0.35294117647058826,,39.68014785840163,0.0,0,-0.017215841884048788,6,0.0,0.0,0.0,39.0,29.0,11.0,0.0,7.0,29.0,0.0,0.0,0.7435897435897436,0.8,0.0,0.0,0.4666666666666667,0.28205128205128205,,53.32837585034014,0.0,0,-0.04953242206205222,0.0,-13.648227991938505,0.6529411764705881,0,0,0,84,3920394,Tanzania,Group Stage
0.0,0.0,0.0,42.0,38.0,17.0,0.0,18.0,23.0,1.0,0.0,0.9047619047619048,0.875,0.0,0.0,1.2,0.40476190476190477,0.0,42.15807580467285,0.0,0,0.005193121701385417,7,0.0,0.0,0.0,50.0,38.0,16.0,0.0,10.0,33.0,0.0,0.0,0.76,0.7272727272727273,0.0,0.0,0.6666666666666666,0.32,,50.08732886904762,0.0,0,-0.03312216565179582,0.0,-7.92925306437477,0.6714285714285715,0,0,0,83,3920394,Tanzania,Group Stage
0.19486658,1.0,0.0,58.0,54.0,21.0,1.0,19.0,29.0,1.0,0.0,0.9310344827586207,0.875,0.012991105333333334,0.06666666666666667,1.2666666666666666,0.3620689655172414,0.0,46.297201168779495,0.19486658,1,0.03146569969810131,8,0.0,0.0,0.0,53.0,40.0,17.0,0.0,14.0,39.0,0.0,0.0,0.7547169811320755,0.75,0.0,0.0,0.9333333333333333,0.32075471698113206,,47.00818121693121,0.0,0,-0.0384051845197203,0.19486658,-0.7109800481517183,0.5547178428505747,0,0,0,82,3920394,Tanzania,Group Stage
0.19486658,1.0,0.0,58.0,54.0,21.0,1.0,19.0,29.0,1.0,0.0,0.9310344827586207,0.875,0.012991105333333334,0.06666666666666667,1.2666666666666666,0.3620689655172414,0.0,49.608501460064815,0.19486658,1,0.03146569969810131,9,0.0,0.0,0.0,61.0,48.0,19.0,0.0,14.0,39.0,0.0,0.0,0.7868852459016393,0.75,0.0,0.0,0.9333333333333333,0.3114754098360656,,45.11641071428571,0.0,0,-0.0062369197501565,0.19486658,4.492090745779102,0.5547178428505747,0,0,0,81,3920394,Tanzania,Group Stage
0.19486658,1.0,0.0,65.0,60.0,23.0,1.0,22.0,36.0,2.0,0.0,0.9230769230769231,0.8888888888888888,0.012991105333333334,0.06666666666666667,1.4666666666666666,0.35384615384615387,0.0,52.399823461719,0.19486658,1,0.023508140016403778,10,0.0,0.0,0.0,67.0,53.0,20.0,0.0,17.0,47.0,0.0,0.0,0.7910447761194029,0.7857142857142857,0.0,0.0,1.1333333333333333,0.29850746268656714,,43.23878246753247,0.0,0,-0.0020773895323928926,0.19486658,9.161040994186536,0.5464950311794872,0,0,0,80,3920394,Tanzania,Group Stage
0.19486658,1.0,0.0,68.0,63.0,25.0,1.0,25.0,37.0,2.0,0.0,0.9264705882352942,0.8888888888888888,0.012991105333333334,0.06666666666666667,1.6666666666666667,0.36764705882352944,0.0,55.56913641885645,0.19486658,1,0.026901805174774807,11,0.0,0.0,0.0,71.0,56.0,20.0,0.0,17.0,57.0,0.0,0.0,0.7887323943661971,0.75,0.0,0.0,1.1333333333333333,0.28169014084507044,,40.508988095238095,0.0,0,-0.004389771285598698,0.19486658,15.060148323618357,0.6602959361568628,0,0,0,79,3920394,Tanzania,Group Stage
0.19486658,1.0,0.0,73.0,67.0,26.0,1.0,25.0,40.0,2.0,0.0,0.9178082191780822,0.8,0.012991105333333334,0.06666666666666667,1.6666666666666667,0.3561643835616438,0.0,52.83356182253416,0.19486658,1,0.018239436117562846,12,0.0,0.0,0.0,74.0,58.0,21.0,0.0,18.0,58.0,0.0,0.0,0.7837837837837838,0.75,0.0,0.0,1.2,0.28378378378378377,,40.76494005994006,0.0,0,-0.009338381868012058,0.19486658,12.068621762594098,0.6154799275616439,0,0,0,78,3920394,Tanzania,Group Stage
0.19486658,1.0,0.0,73.0,67.0,26.0,1.0,27.0,41.0,2.0,0.0,0.9178082191780822,0.8,0.012991105333333334,0.06666666666666667,1.8,0.3561643835616438,0.0,55.45735502568648,0.19486658,1,0.018239436117562846,13,0.0,0.0,0.0,90.0,74.0,22.0,0.0,18.0,62.0,1.0,0.0,0.8222222222222222,0.7647058823529411,0.0,0.0,1.2,0.24444444444444444,0.0,40.175347076935225,0.0,0,0.029100056570426358,0.19486658,15.282007948751257,0.6821465942283106,0,0,0,77,3920394,Tanzania,Group Stage
0.19486658,1.0,0.0,86.0,79.0,29.0,1.0,29.0,47.0,2.0,0.0,0.9186046511627907,0.8333333333333334,0.012991105333333334,0.06666666666666667,1.9333333333333333,0.3372093023255814,0.0,54.50903523327637,0.19486658,1,0.019035868102271314,14,0.0,0.0,0.0,95.0,77.0,24.0,0.0,20.0,66.0,1.0,0.0,0.8105263157894737,0.7777777777777778,0.0,0.0,1.3333333333333333,0.25263157894736843,0.0,40.97593797356059,0.0,0,0.01740415013767782,0.19486658,13.533097259715781,0.663191512992248,0,0,0,76,3920394,Tanzania,Group Stage
0.19486658,1.0,0.0,77.0,71.0,29.0,1.0,34.0,45.0,2.0,0.0,0.922077922077922,0.9,0.012991105333333334,0.06666666666666667,2.2666666666666666,0.37662337662337664,0.0,55.46688708512822,0.19486658,1,0.0225091390174027,15,0.0,0.0,0.0,116.0,99.0,28.0,0.0,19.0,77.0,1.0,0.0,0.853448275862069,0.8181818181818182,0.0,0.0,1.2666666666666666,0.2413793103448276,0.0,41.61191523013486,0.0,0,0.06032611021027312,0.19486658,13.854971854993359,0.9026055872900434,0,0,0,75,3920394,Tanzania,Group Stage
0.19486658,1.0,0.0,81.0,76.0,27.0,1.0,32.0,44.0,2.0,0.0,0.9382716049382716,0.9,0.012991105333333334,0.06666666666666667,2.1333333333333333,0.3333333333333333,0.0,55.96693706014072,0.19486658,1,0.0387028218777522,16,0.0,0.0,0.0,109.0,93.0,26.0,0.0,18.0,72.0,1.0,0.0,0.8532110091743119,0.8,0.0,0.0,1.2,0.23853211009174313,0.0,41.862193007912644,0.0,0,0.06008884352251609,0.19486658,14.104744052228078,0.8259822106666667,0,0,0,74,3920394,Tanzania,Group Stage
0.19486658,1.0,0.0,94.0,88.0,30.0,1.0,24.0,56.0,2.0,0.0,0.9361702127659575,0.9333333333333333,0.012991105333333334,0.06666666666666667,1.6,0.3191489361702128,0.0,57.078749925637794,0.19486658,1,0.036601429705438115,17,0.0,0.0,0.0,98.0,83.0,22.0,0.0,23.0,63.0,1.0,0.0,0.8469387755102041,0.875,0.0,0.0,1.5333333333333334,0.22448979591836735,0.0,40.34577634124597,0.0,0,0.053816609858408304,0.19486658,16.73297358439182,0.3784644801702127,0,0,0,73,3920394,Tanzania,Group Stage
0.19486658,1.0,0.0,109.0,101.0,31.0,1.0,26.0,70.0,3.0,0.0,0.926605504587156,0.8947368421052632,0.012991105333333334,0.06666666666666667,1.7333333333333334,0.28440366972477066,0.0,62.30470230659018,0.19486658,1,0.02703672152663661,18,0.0,0.0,0.0,97.0,82.0,22.0,0.0,30.0,70.0,1.0,0.0,0.845360824742268,0.7777777777777778,0.0,0.0,2.0,0.2268041237113402,0.0,35.0439985634682,0.0,0,0.052238659090472206,0.19486658,27.26070374312198,0.17705254705810392,0,0,0,72,3920394,Tanzania,Group Stage
0.19486658,1.0,0.0,121.0,111.0,37.0,1.0,27.0,81.0,4.0,0.0,0.9173553719008265,0.9047619047619048,0.012991105333333334,0.06666666666666667,1.8,0.30578512396694213,0.0,67.11988749177537,0.19486658,1,0.01778658884030715,19,0.0,0.0,0.0,101.0,85.0,24.0,0.0,34.0,77.0,2.0,1.0,0.8415841584158416,0.7777777777777778,0.0,0.0,2.2666666666666666,0.2376237623762376,0.5,30.03561472508436,0.0,0,0.048461992764045725,0.19486658,37.084272766691015,0.09843400130027558,0,0,0,71,3920394,Tanzania,Group Stage
0.19486658,1.0,0.0,118.0,107.0,36.0,1.0,28.0,81.0,4.0,0.0,0.9067796610169492,0.9047619047619048,0.012991105333333334,0.06666666666666667,1.8666666666666667,0.3050847457627119,0.0,68.57406293037185,0.19486658,1,0.007210877956429829,20,0.0,0.0,0.0,107.0,90.0,28.0,0.0,34.0,82.0,2.0,1.0,0.8411214953271028,0.8095238095238095,0.0,0.0,2.2666666666666666,0.2616822429906542,0.5,31.099759461926464,0.0,0,0.047999329675306956,0.19486658,37.474303468445385,0.1310669564293785,0,0,0,70,3920394,Tanzania,Group Stage
0.19486658,1.0,0.0,111.0,101.0,33.0,1.0,25.0,81.0,5.0,1.0,0.9099099099099099,0.8947368421052632,0.012991105333333334,0.06666666666666667,1.6666666666666667,0.2972972972972973,0.2,67.55991222794529,0.19486658,1,0.010341126849390592,21,0.0,0.0,0.0,102.0,86.0,27.0,0.0,34.0,74.0,2.0,1.0,0.8431372549019608,0.7777777777777778,0.0,0.0,2.2666666666666666,0.2647058823529412,0.5,34.41942612859313,0.0,0,0.05001508925016496,0.19486658,33.14048609935216,0.023279507963964052,0,0,0,69,3920394,Tanzania,Group Stage
0.19486658,1.0,0.0,122.0,112.0,32.0,1.0,23.0,76.0,4.0,1.0,0.9180327868852459,0.8888888888888888,0.012991105333333334,0.06666666666666667,1.5333333333333334,0.26229508196721313,0.25,68.24759866100909,0.19486658,1,0.01846400382472657,22,0.0,0.0,0.0,91.0,77.0,22.0,0.0,32.0,70.0,2.0,1.0,0.8461538461538461,0.8235294117647058,0.0,0.0,2.1333333333333333,0.24175824175824176,0.5,35.932759461926466,0.0,0,0.053031680502050316,0.19486658,32.31483919908263,-0.011722707366120133,0,0,0,68,3920394,Tanzania,Group Stage
0.0,0.0,0.0,107.0,96.0,29.0,0.0,22.0,70.0,4.0,1.0,0.897196261682243,0.8888888888888888,0.0,0.0,1.4666666666666666,0.27102803738317754,0.25,69.31580727778913,0.19486658,1,-0.002372521378276371,23,0.0,0.0,0.0,88.0,75.0,21.0,0.0,28.0,64.0,2.0,1.0,0.8522727272727273,0.8125,0.0,0.0,1.8666666666666667,0.23863636363636365,0.5,37.7810927952598,0.0,0,0.05915056162093146,0.0,31.53471448252933,0.07102803738317753,0,0,0,67,3920394,Tanzania,Group Stage
0.0,0.0,0.0,107.0,96.0,29.0,0.0,22.0,70.0,4.0,1.0,0.897196261682243,0.8888888888888888,0.0,0.0,1.4666666666666666,0.27102803738317754,0.25,70.38401589456916,0.19486658,1,-0.002372521378276371,24,0.0,0.0,0.0,80.0,67.0,19.0,0.0,28.0,64.0,2.0,1.0,0.8375,0.8125,0.0,0.0,1.8666666666666667,0.2375,0.5,39.248394382561386,0.0,0,0.04437783434820419,0.0,31.135621512007774,0.07102803738317753,0,0,0,66,3920394,Tanzania,Group Stage
0.0,0.0,0.0,102.0,91.0,29.0,0.0,23.0,64.0,3.0,1.0,0.8921568627450981,0.8823529411764706,0.0,0.0,1.5333333333333334,0.28431372549019607,0.3333333333333333,70.37647966268511,0.19486658,1,-0.007411920315421261,25,0.0,0.0,0.0,80.0,68.0,20.0,0.0,25.0,63.0,2.0,1.0,0.85,0.8235294117647058,0.0,0.0,1.6666666666666667,0.25,0.5,39.86071894396489,0.0,0,0.05687783434820415,0.0,30.515760718720223,0.21764705882352942,0,0,0,65,3920394,Tanzania,Group Stage
0.0,0.0,0.0,105.0,93.0,31.0,0.0,21.0,67.0,3.0,1.0,0.8857142857142857,0.8823529411764706,0.0,0.0,1.4,0.29523809523809524,0.3333333333333333,67.93226913636933,0.19486658,1,-0.013854497346233674,26,0.0,0.0,0.0,77.0,66.0,21.0,0.0,26.0,56.0,2.0,1.0,0.8571428571428571,0.8666666666666667,0.0,0.0,1.7333333333333334,0.2727272727272727,0.5,42.727894869890825,0.0,0,0.06402069149106127,0.0,25.204374266478503,0.12857142857142856,0,0,0,64,3920394,Tanzania,Group Stage
0.0,0.0,0.0,108.0,94.0,31.0,0.0,22.0,74.0,6.0,3.0,0.8703703703703703,0.9411764705882353,0.0,0.0,1.4666666666666666,0.28703703703703703,0.5,72.6021277222279,0.19486658,1,-0.029198412690149,27,0.0,0.0,0.0,76.0,65.0,21.0,0.0,28.0,60.0,2.0,1.0,0.8552631578947368,0.8666666666666667,0.0,0.0,1.8666666666666667,0.27631578947368424,0.5,41.05747062746658,0.0,0,0.06214099224294101,0.0,31.544657094761327,0.08703703703703702,0,0,0,63,3920394,Tanzania,Group Stage
0.0,0.0,0.0,109.0,95.0,32.0,0.0,21.0,75.0,6.0,3.0,0.8715596330275229,0.9411764705882353,0.0,0.0,1.4,0.29357798165137616,0.5,72.6990166111168,0.19486658,1,-0.02800915003299642,28,0.0,0.0,0.0,62.0,50.0,21.0,0.0,29.0,56.0,1.0,1.0,0.8064516129032258,0.8571428571428571,0.0,0.0,1.9333333333333333,0.3387096774193548,1.0,40.46231696316398,0.0,0,0.013329447251429927,0.0,32.236699647952825,0.026911314984709445,0,0,0,62,3920394,Tanzania,Group Stage
0.414688333,2.0,1.0,96.0,83.0,29.0,0.0,19.0,69.0,6.0,3.0,0.8645833333333334,0.9333333333333333,0.02764588886666667,0.13333333333333333,1.2666666666666666,0.3020833333333333,0.5,76.96573495737003,0.609554913,3,-0.03498544972718598,29,0.0,0.0,0.0,57.0,47.0,19.0,0.0,27.0,52.0,1.0,1.0,0.8245614035087719,0.8461538461538461,0.0,0.0,1.8,0.3333333333333333,1.0,37.083369594742926,0.0,0,0.03143923785697611,0.414688333,39.882365362627105,0.09070844439999992,1,0,1,61,3920394,Tanzania,Group Stage
0.414688333,2.0,1.0,98.0,85.0,30.0,0.0,15.0,72.0,6.0,3.0,0.8673469387755102,0.9375,0.02764588886666667,0.13333333333333333,1.0,0.30612244897959184,0.5,77.36943866107373,0.609554913,3,-0.03222184428500918,30,0.0,0.0,0.0,40.0,30.0,16.0,0.0,28.0,43.0,1.0,1.0,0.75,0.7777777777777778,0.0,0.0,1.8666666666666667,0.4,1.0,37.36440532518164,0.0,0,-0.04312216565179583,0.414688333,40.00503333589209,-0.07191910662040812,1,0,1,60,3920394,Tanzania,Group Stage
0.414688333,2.0,1.0,87.0,74.0,29.0,0.0,15.0,70.0,6.0,3.0,0.8505747126436781,0.9333333333333333,0.02764588886666667,0.13333333333333333,1.0,0.3333333333333333,0.5,78.80185245417718,0.609554913,3,-0.04899407041684123,31,0.0,0.0,0.0,38.0,29.0,15.0,0.0,27.0,43.0,1.0,1.0,0.7631578947368421,0.7777777777777778,0.0,0.0,1.8,0.39473684210526316,1.0,37.16796593124225,0.0,0,-0.029964270914953683,0.414688333,41.63388652293493,-0.011374888933333382,1,0,1,59,3920394,Tanzania,Group Stage
0.713896173,3.0,1.0,72.0,61.0,24.0,1.0,15.0,59.0,6.0,3.0,0.8472222222222222,0.9,0.0475930782,0.2,1.0,0.3333333333333333,0.5,81.37963023195495,0.908762753,4,-0.05234656083829714,32,0.0,0.0,0.0,40.0,33.0,15.0,0.0,22.0,42.0,1.0,1.0,0.825,0.7777777777777778,0.0,0.0,1.4666666666666666,0.375,1.0,37.07004926457558,0.0,0,0.031877834348204126,0.713896173,44.30958096737937,0.19518615640000003,1,0,1,58,3920394,Tanzania,Group Stage
0.713896173,3.0,1.0,70.0,61.0,26.0,1.0,14.0,46.0,5.0,3.0,0.8714285714285714,1.0,0.0475930782,0.2,0.9333333333333333,0.37142857142857144,0.6,79.51889152621625,0.908762753,4,-0.02814021163194791,33,0.0,0.0,0.0,38.0,32.0,15.0,0.0,16.0,37.0,1.0,1.0,0.8421052631578947,0.875,0.0,0.0,1.0666666666666667,0.39473684210526316,1.0,38.38960482013113,0.0,0,0.04898309750609886,0.713896173,41.12928670608512,0.39994806116190473,1,0,1,57,3920394,Tanzania,Group Stage
0.713896173,3.0,1.0,59.0,51.0,21.0,1.0,13.0,37.0,4.0,3.0,0.864406779661017,1.0,0.0475930782,0.2,0.8666666666666667,0.3559322033898305,0.75,78.13870634103107,0.908762753,4,-0.03516200339950237,34,0.0,0.0,0.0,39.0,33.0,14.0,0.0,12.0,30.0,0.0,0.0,0.8461538461538461,0.875,0.0,0.0,0.8,0.358974358974359,,38.728416008942325,0.0,0,0.053031680502050316,0.713896173,39.41029033208874,0.48445169312316383,1,0,1,56,3920394,Tanzania,Group Stage
0.758155583,4.0,1.0,66.0,59.0,23.0,2.0,9.0,42.0,5.0,4.0,0.8939393939393939,1.0,0.05054370553333333,0.26666666666666666,0.6,0.3484848484848485,0.8,77.30732538865011,0.953022163,5,-0.005629389121125428,35,0.0,0.0,0.0,27.0,23.0,9.0,0.0,14.0,20.0,0.0,0.0,0.8518518518518519,0.75,0.0,0.0,0.9333333333333333,0.3333333333333333,,38.91052127210022,0.0,0,0.05872968620005603,0.758155583,38.396804116549895,0.2829055928848484,1,0,1,55,3920394,Tanzania,Group Stage
0.797236929,5.0,1.0,70.0,63.0,22.0,3.0,10.0,39.0,4.0,3.0,0.9,1.0,0.0531491286,0.3333333333333333,0.6666666666666666,0.3142857142857143,0.75,80.13917724050198,0.992103509,6,0.00043121693948067197,36,0.0,0.0,0.0,30.0,24.0,10.0,0.0,12.0,23.0,0.0,0.0,0.8,0.6,0.0,0.0,0.8,0.3333333333333333,,35.51029904987799,0.0,0,0.006877834348204215,0.797236929,44.628878190623986,0.3539173048190475,1,0,1,54,3920394,Tanzania,Group Stage
0.797236929,5.0,1.0,59.0,51.0,20.0,3.0,10.0,48.0,4.0,3.0,0.864406779661017,0.8571428571428571,0.0531491286,0.3333333333333333,0.6666666666666666,0.3389830508474576,0.75,79.4115091224565,0.992103509,6,-0.03516200339950237,37,0.0,0.0,0.0,32.0,25.0,11.0,0.0,16.0,24.0,0.0,0.0,0.78125,0.6,0.0,0.0,1.0666666666666667,0.34375,,35.87252127210022,0.0,0,-0.01187216565179583,0.797236929,43.53898785035627,0.2452813080474575,1,0,1,53,3920394,Tanzania,Group Stage
0.972889999,6.0,1.0,65.0,57.0,21.0,4.0,12.0,53.0,5.0,4.0,0.8769230769230769,0.75,0.06485933326666667,0.4,0.8,0.3230769230769231,0.8,77.29131588574151,1.167756579,7,-0.022645706137442434,38,0.0,0.0,0.0,34.0,26.0,13.0,0.0,16.0,29.0,0.0,0.0,0.7647058823529411,0.6,0.0,0.0,1.0666666666666667,0.38235294117647056,,34.88739306697201,0.0,0,-0.028416283298854705,0.972889999,42.4039228187695,0.31946225627692315,1,0,1,52,3920394,Tanzania,Group Stage
0.972889999,6.0,1.0,77.0,67.0,23.0,4.0,13.0,59.0,5.0,4.0,0.8701298701298701,0.8,0.06485933326666667,0.4,0.8666666666666667,0.2987012987012987,0.8,72.94404861847426,1.167756579,7,-0.029438912930649264,39,0.0,0.0,0.0,37.0,27.0,15.0,0.0,19.0,31.0,0.0,0.0,0.7297297297297297,0.5,0.0,0.0,1.2666666666666666,0.40540540540540543,,36.53587791545686,0.0,0,-0.06339243592206611,0.972889999,36.4081707030174,0.22841996523463204,1,0,1,51,3920394,Tanzania,Group Stage
0.972889999,6.0,1.0,81.0,72.0,24.0,4.0,12.0,62.0,6.0,5.0,0.8888888888888888,0.8,0.06485933326666667,0.4,0.8,0.2962962962962963,0.8333333333333334,70.85682639625203,1.167756579,7,-0.01067989417163051,40,0.0,0.0,0.0,47.0,37.0,14.0,0.0,19.0,31.0,0.0,0.0,0.7872340425531915,0.5,0.0,0.0,1.2666666666666666,0.2978723404255319,,36.21344465840118,0.0,0,-0.005888123098604314,0.972889999,34.64338173785085,0.1926816294962963,1,0,1,50,3920394,Tanzania,Group Stage
0.972889999,6.0,1.0,79.0,70.0,22.0,4.0,13.0,58.0,6.0,5.0,0.8860759493670886,0.8,0.06485933326666667,0.4,0.8666666666666667,0.27848101265822783,0.8333333333333334,70.35083642131468,1.167756579,7,-0.013492833693430795,41,0.0,0.0,0.0,57.0,46.0,15.0,0.0,18.0,34.0,0.0,0.0,0.8070175438596491,0.5714285714285714,0.0,0.0,1.2,0.2631578947368421,,34.53018539914192,0.0,0,0.013895378207853248,0.972889999,35.82065102217276,0.24153301252489456,1,0,1,49,3920394,Tanzania,Group Stage
0.972889999,6.0,1.0,76.0,70.0,21.0,4.0,12.0,48.0,3.0,3.0,0.9210526315789473,0.7777777777777778,0.06485933326666667,0.4,0.8,0.27631578947368424,1.0,65.80553339101166,1.167756579,7,0.021483848518427995,42,0.0,0.0,0.0,62.0,51.0,15.0,0.0,15.0,29.0,0.0,0.0,0.8225806451612904,0.5714285714285714,0.0,0.0,1.0,0.24193548387096775,,35.602629843586364,0.0,0,0.02945847950949454,0.972889999,30.2029035474253,0.3060344560070176,1,0,1,48,3920394,Tanzania,Group Stage
0.972889999,6.0,1.0,83.0,74.0,23.0,4.0,12.0,55.0,3.0,3.0,0.891566265060241,0.8181818181818182,0.06485933326666667,0.4,0.8,0.27710843373493976,1.0,66.18984108331935,1.167756579,7,-0.008002518000278402,43,0.0,0.0,0.0,61.0,50.0,14.0,0.0,19.0,31.0,0.0,0.0,0.819672131147541,0.5,0.0,0.0,1.2666666666666666,0.22950819672131148,,35.418286409242924,0.0,0,0.026549965495745176,0.972889999,30.771554674076427,0.17349376693493979,1,0,1,47,3920394,Tanzania,Group Stage
0.58757398,5.0,0.0,90.0,80.0,24.0,5.0,12.0,57.0,3.0,3.0,0.8888888888888888,0.8181818181818182,0.03917159866666667,0.3333333333333333,0.8,0.26666666666666666,1.0,65.71234108331934,1.197128893,8,-0.01067989417163051,44,0.0,0.0,0.0,63.0,52.0,16.0,0.0,21.0,32.0,0.0,0.0,0.8253968253968254,0.5,0.0,0.0,1.4,0.25396825396825395,,36.362953075909594,0.0,0,0.03227465974502952,0.58757398,29.34938800740975,0.045009864000000066,1,0,1,46,3920394,Tanzania,Group Stage
0.5875739799999999,5.0,0.0,88.0,77.0,23.0,5.0,18.0,53.0,3.0,3.0,0.875,0.8,0.03917159866666666,0.3333333333333333,1.2,0.26136363636363635,1.0,63.1177956287739,1.197128893,8,-0.02456878306051935,45,0.0054229656,1.0,0.0,78.0,64.0,20.0,1.0,19.0,46.0,0.0,0.0,0.8205128205128205,0.6923076923076923,0.00036153104,0.06666666666666667,1.2666666666666666,0.2564102564102564,,37.45344984689817,0.0054229656,1,0.027390654861024655,0.5821510143999999,25.66434578187573,0.30565043828363636,1,0,1,45,3920394,Tanzania,Group Stage
0.5875739799999999,5.0,0.0,101.0,88.0,28.0,5.0,21.0,58.0,3.0,3.0,0.8712871287128713,0.75,0.03917159866666666,0.3333333333333333,1.4,0.27722772277227725,1.0,60.960462295440564,1.197128893,8,-0.028281654347648066,46,0.0054229656,1.0,0.0,84.0,68.0,22.0,1.0,21.0,54.0,0.0,0.0,0.8095238095238095,0.6,0.00036153104,0.06666666666666667,1.4,0.2619047619047619,,37.46550518286655,0.0054229656,1,0.016401643872013705,0.5821510143999999,23.494957112574014,0.3548478580256105,1,0,1,44,3920394,Tanzania,Group Stage
0.28836614,4.0,0.0,116.0,100.0,33.0,4.0,23.0,63.0,3.0,3.0,0.8620689655172413,0.7142857142857143,0.019224409333333334,0.26666666666666666,1.5333333333333334,0.28448275862068967,1.0,55.254506739884995,1.197128893,8,-0.037499817543278025,47,0.011926915,2.0,0.0,90.0,72.0,25.0,1.0,23.0,58.0,0.0,0.0,0.8,0.6,0.0007951276666666666,0.13333333333333333,1.5333333333333334,0.2777777777777778,,40.9637404769842,0.011926915,2,0.006877834348204215,0.276439225,14.290766262900796,0.321341321954023,1,0,1,43,3920394,Tanzania,Group Stage
0.28836614,4.0,0.0,103.0,87.0,30.0,4.0,22.0,60.0,3.0,3.0,0.8446601941747572,0.7142857142857143,0.019224409333333334,0.26666666666666666,1.4666666666666666,0.2912621359223301,1.0,53.38889306467133,1.197128893,8,-0.05490858888576211,48,0.011926915,2.0,0.0,90.0,72.0,24.0,1.0,22.0,56.0,0.0,0.0,0.8,0.6428571428571429,0.0007951276666666666,0.13333333333333333,1.4666666666666666,0.26666666666666666,,46.501518254761976,0.011926915,2,0.006877834348204215,0.276439225,6.887374809909353,0.32812069925566345,1,0,1,42,3920394,Tanzania,Group Stage
0.28836614,4.0,0.0,108.0,91.0,31.0,4.0,25.0,62.0,3.0,3.0,0.8425925925925926,0.7333333333333333,0.019224409333333334,0.26666666666666666,1.6666666666666667,0.28703703703703703,1.0,53.29389306467133,1.197128893,8,-0.05697619046792679,49,0.011926915,2.0,0.0,92.0,74.0,26.0,1.0,24.0,60.0,0.0,0.0,0.8043478260869565,0.6666666666666666,0.0007951276666666666,0.13333333333333333,1.6,0.2826086956521739,,48.77151825476197,0.011926915,2,0.011225660435160711,0.276439225,4.522374809909358,0.35722893370370357,1,0,1,41,3920394,Tanzania,Group Stage
0.6123182300000001,4.0,0.0,105.0,87.0,30.0,4.0,25.0,63.0,2.0,2.0,0.8285714285714286,0.7333333333333333,0.04082121533333334,0.26666666666666666,1.6666666666666667,0.2857142857142857,1.0,54.20934419249088,1.565340393,9,-0.07099735448909072,50,0.011926915,2.0,0.0,94.0,75.0,28.0,1.0,24.0,60.0,0.0,0.0,0.7978723404255319,0.6666666666666666,0.0007951276666666666,0.13333333333333333,1.6,0.2978723404255319,,47.361518254761975,0.011926915,2,0.004750174773736071,0.6003913150000001,6.847825937728906,0.39909979438095244,1,0,1,40,3920394,Tanzania,Group Stage
0.573236884,3.0,0.0,99.0,81.0,30.0,3.0,26.0,60.0,2.0,2.0,0.8181818181818182,0.7333333333333333,0.038215792266666666,0.2,1.7333333333333334,0.30303030303030304,1.0,55.51934419249088,1.565340393,9,-0.08138696487870112,51,0.011926915,2.0,0.0,98.0,80.0,29.0,1.0,23.0,62.0,0.0,0.0,0.8163265306122449,0.6875,0.0007951276666666666,0.13333333333333333,1.5333333333333334,0.29591836734693877,,47.91307381031753,0.011926915,2,0.023204364960449086,0.561309969,7.606270382173349,0.47787163223030305,1,0,1,39,3920394,Tanzania,Group Stage
0.573236884,3.0,0.0,103.0,85.0,31.0,3.0,26.0,57.0,2.0,2.0,0.8252427184466019,0.7692307692307693,0.038215792266666666,0.2,1.7333333333333334,0.30097087378640774,1.0,54.41889170380309,1.565340393,9,-0.07432606461391744,52,0.011926915,2.0,0.0,101.0,83.0,30.0,1.0,21.0,61.0,0.0,0.0,0.8217821782178217,0.6875,0.0007951276666666666,0.13333333333333333,1.4,0.297029702970297,,48.6060896833334,0.011926915,2,0.028660012566025905,0.561309969,5.8128020204696895,0.5424788696530745,1,0,1,38,3920394,Tanzania,Group Stage
0.39758381400000004,2.0,0.0,96.0,79.0,29.0,2.0,24.0,52.0,1.0,1.0,0.8229166666666666,0.8333333333333334,0.0265055876,0.13333333333333333,1.6,0.3020833333333333,1.0,53.00333330653114,1.565340393,9,-0.07665211639385272,53,0.011926915,2.0,0.0,99.0,82.0,28.0,1.0,21.0,56.0,0.0,0.0,0.8282828282828283,0.6875,0.0007951276666666666,0.13333333333333333,1.4,0.2828282828282828,,50.6464559836997,0.011926915,2,0.03516066263103246,0.38565689900000005,2.356877322831437,0.4535042532,1,0,1,37,3920394,Tanzania,Group Stage
0.39758381400000004,2.0,0.0,84.0,69.0,27.0,2.0,23.0,46.0,1.0,1.0,0.8214285714285714,0.8,0.0265055876,0.13333333333333333,1.5333333333333334,0.32142857142857145,1.0,53.81484893981148,1.565340393,9,-0.07814021163194795,54,0.011926915,2.0,0.0,96.0,81.0,26.0,1.0,18.0,54.0,0.0,0.0,0.84375,0.7333333333333333,0.0007951276666666666,0.13333333333333333,1.2,0.2708333333333333,,50.05320923045295,0.011926915,2,0.05062783434820417,0.38565689900000005,3.7616397093585334,0.5395161579619049,1,0,1,36,3920394,Tanzania,Group Stage
0.39758381400000004,2.0,0.0,79.0,64.0,25.0,2.0,22.0,42.0,0.0,0.0,0.810126582278481,0.8,0.0265055876,0.13333333333333333,1.4666666666666666,0.31645569620253167,,52.750960050922586,1.565340393,9,-0.08944220078203835,55,0.011926915,2.0,0.0,94.0,77.0,30.0,1.0,18.0,49.0,0.0,0.0,0.8191489361702128,0.6153846153846154,0.0007951276666666666,0.13333333333333333,1.2,0.3191489361702128,,53.091089243934576,0.011926915,2,0.026026770518416953,0.38565689900000005,-0.34012919301198963,0.5012099494025316,1,0,1,35,3920394,Tanzania,Group Stage
0.39758381400000004,2.0,0.0,84.0,67.0,28.0,2.0,21.0,45.0,1.0,1.0,0.7976190476190477,0.8,0.0265055876,0.13333333333333333,1.4,0.3333333333333333,1.0,54.312921955684494,1.565340393,9,-0.10194973544147168,56,0.011926915,2.0,0.0,85.0,67.0,30.0,1.0,19.0,45.0,0.0,0.0,0.788235294117647,0.5833333333333334,0.0007951276666666666,0.13333333333333333,1.2666666666666666,0.35294117647058826,,53.45879294763828,0.011926915,2,-0.004886871534148796,0.38565689900000005,0.8541290080462147,0.45142091986666655,1,0,1,34,3920394,Tanzania,Group Stage
0.39758381400000004,2.0,0.0,79.0,62.0,28.0,2.0,22.0,45.0,1.0,1.0,0.7848101265822784,0.8,0.0265055876,0.13333333333333333,1.4666666666666666,0.35443037974683544,1.0,59.88125528901784,1.565340393,9,-0.1147586564782409,57,0.011926915,2.0,0.0,93.0,76.0,32.0,1.0,19.0,46.0,0.0,0.0,0.8172043010752689,0.5833333333333334,0.0007951276666666666,0.13333333333333333,1.2666666666666666,0.34408602150537637,,52.714031042876385,0.011926915,2,0.02408213542347304,0.38565689900000005,7.167224246141451,0.5058512996135021,1,0,1,33,3920394,Tanzania,Group Stage
0.39758381400000004,2.0,0.0,78.0,63.0,28.0,2.0,23.0,40.0,1.0,1.0,0.8076923076923077,0.7777777777777778,0.0265055876,0.13333333333333333,1.5333333333333334,0.358974358974359,1.0,56.24379608155862,1.565340393,9,-0.09187647536821164,58,0.011926915,2.0,0.0,100.0,81.0,34.0,1.0,15.0,49.0,0.0,0.0,0.81,0.6923076923076923,0.0007951276666666666,0.13333333333333333,1.0,0.34,,54.95358815243349,0.011926915,2,0.016877834348204224,0.38565689900000005,1.2902079291251312,0.6770619455076923,1,0,1,32,3920394,Tanzania,Group Stage
0.3682115,1.0,0.0,77.0,61.0,32.0,1.0,23.0,41.0,1.0,1.0,0.7922077922077922,0.7777777777777778,0.024547433333333334,0.06666666666666667,1.5333333333333334,0.4155844155844156,1.0,55.00288338314592,1.565340393,9,-0.1073609908527271,59,0.011926915,2.0,0.0,101.0,80.0,35.0,1.0,15.0,49.0,0.0,0.0,0.7920792079207921,0.6923076923076923,0.0007951276666666666,0.13333333333333333,1.0,0.3465346534653465,,56.08114370798905,0.011926915,2,-0.001042957731003713,0.35628458500000004,-1.0782603248431286,0.7297556935844156,1,0,1,31,3920394,Tanzania,Group Stage
0.3682115,1.0,0.0,77.0,62.0,31.0,1.0,16.0,41.0,1.0,1.0,0.8051948051948052,0.7777777777777778,0.024547433333333334,0.06666666666666667,1.0666666666666667,0.4025974025974026,1.0,56.66242883769137,1.565340393,9,-0.09437397786571411,60,0.0065039494,1.0,0.0,85.0,66.0,32.0,0.0,16.0,33.0,0.0,0.0,0.7764705882352941,0.5,0.0004335966266666667,0.06666666666666667,1.0666666666666667,0.3764705882352941,,54.98831182113595,0.011926915,2,-0.016651577416501695,0.36170755060000004,1.674117016555421,0.45082507601073607,1,0,1,30,3920394,Tanzania,Group Stage
0.3682115,1.0,0.0,67.0,52.0,29.0,1.0,21.0,36.0,1.0,1.0,0.7761194029850746,0.8571428571428571,0.024547433333333334,0.06666666666666667,1.4,0.43283582089552236,1.0,59.795317726580265,1.565340393,9,-0.1234493800754447,61,0.0065039494,1.0,0.0,92.0,74.0,34.0,0.0,14.0,41.0,0.0,0.0,0.8043478260869565,0.7,0.0004335966266666667,0.06666666666666667,0.9333333333333333,0.3695652173913043,,53.71159938787889,0.011926915,2,0.011225660435160711,0.36170755060000004,6.083718338701374,0.7143968276421889,1,0,1,29,3920394,Tanzania,Group Stage
0.3682115,1.0,0.0,51.0,39.0,24.0,1.0,19.0,30.0,1.0,1.0,0.7647058823529411,1.0,0.024547433333333334,0.06666666666666667,1.2666666666666666,0.47058823529411764,1.0,63.84793994880249,1.565340393,9,-0.13486290070757823,62,0.0,0.0,0.0,83.0,67.0,31.0,0.0,12.0,36.0,0.0,0.0,0.8072289156626506,0.7,0.0,0.0,0.8,0.37349397590361444,,49.846697427094576,0.011926915,2,0.014106750010854818,0.3682115,14.001242521707916,0.7530164352941177,1,0,1,28,3920394,Tanzania,Group Stage
0.3682115,1.0,0.0,51.0,39.0,24.0,1.0,19.0,30.0,1.0,1.0,0.7647058823529411,1.0,0.024547433333333334,0.06666666666666667,1.2666666666666666,0.47058823529411764,1.0,67.9005621710247,1.565340393,9,-0.13486290070757823,63,0.0,0.0,0.0,82.0,67.0,31.0,0.0,12.0,36.0,0.0,0.0,0.8170731707317073,0.7,0.0,0.0,0.8,0.3780487804878049,,43.01336409376124,0.011926915,2,0.023951005079911436,0.3682115,24.887198077263463,0.7530164352941177,1,0,1,27,3920394,Tanzania,Group Stage
0.3682115,1.0,0.0,53.0,41.0,26.0,1.0,17.0,32.0,2.0,1.0,0.7735849056603774,1.0,0.024547433333333334,0.06666666666666667,1.1333333333333333,0.49056603773584906,0.5,67.78133140179393,1.565340393,9,-0.12598387740014194,64,0.0,0.0,0.0,82.0,66.0,30.0,0.0,12.0,37.0,0.0,0.0,0.8048780487804879,0.7,0.0,0.0,0.8,0.36585365853658536,,41.900216436820486,0.011926915,2,0.011755883128692024,0.3682115,25.88111496497345,0.7063275710691824,1,0,1,26,3920394,Tanzania,Group Stage
0.008362407,1.0,0.0,57.0,46.0,28.0,1.0,18.0,33.0,2.0,1.0,0.8070175438596491,1.0,0.0005574938,0.06666666666666667,1.2,0.49122807017543857,0.5,67.32186337689298,1.5737028,10,-0.09255123920087027,65,0.0,0.0,0.0,91.0,75.0,31.0,0.0,13.0,39.0,0.0,0.0,0.8241758241758241,0.7272727272727273,0.0,0.0,0.8666666666666667,0.34065934065934067,,42.73627704288109,0.011926915,2,0.031053658524028305,0.008362407,24.585586334011886,0.6590097244421051,1,0,1,25,3920394,Tanzania,Group Stage
0.008362407,1.0,0.0,57.0,46.0,28.0,1.0,16.0,33.0,2.0,1.0,0.8070175438596491,1.0,0.0005574938,0.06666666666666667,1.0666666666666667,0.49122807017543857,0.5,65.46713219409727,1.5737028,10,-0.09255123920087027,66,0.0,0.0,0.0,90.0,75.0,31.0,0.0,13.0,35.0,0.0,0.0,0.8333333333333334,0.7777777777777778,0.0,0.0,0.8666666666666667,0.34444444444444444,,42.32400253307717,0.011926915,2,0.04021116768153754,0.008362407,23.143129661020104,0.5923430577754385,1,0,1,24,3920394,Tanzania,Group Stage
0.008362407,1.0,0.0,47.0,37.0,26.0,1.0,20.0,27.0,2.0,1.0,0.7872340425531915,1.0,0.0005574938,0.06666666666666667,1.3333333333333333,0.5531914893617021,0.5,67.0817727169731,1.5737028,10,-0.11233474050732783,67,0.0,0.0,0.0,92.0,76.0,33.0,0.0,11.0,41.0,0.0,0.0,0.8260869565217391,0.75,0.0,0.0,0.7333333333333333,0.358695652173913,,42.226340195414835,0.011926915,2,0.032964790869943306,0.008362407,24.85543252155827,0.8543064769617019,1,0,1,23,3920394,Tanzania,Group Stage
0.008362407,1.0,0.0,47.0,37.0,26.0,1.0,20.0,27.0,2.0,1.0,0.7872340425531915,1.0,0.0005574938,0.06666666666666667,1.3333333333333333,0.5531914893617021,0.5,68.69641323984891,1.5737028,10,-0.11233474050732783,68,0.0,0.0,0.0,92.0,76.0,33.0,0.0,11.0,41.0,0.0,0.0,0.8260869565217391,0.75,0.0,0.0,0.7333333333333333,0.358695652173913,,42.12867785775249,0.011926915,2,0.032964790869943306,0.008362407,26.567735382096416,0.8543064769617019,1,0,1,22,3920394,Tanzania,Group Stage
0.008362407,1.0,0.0,53.0,43.0,28.0,1.0,20.0,30.0,2.0,1.0,0.8113207547169812,1.0,0.0005574938,0.06666666666666667,1.3333333333333333,0.5283018867924528,0.5,67.16809079976176,1.5737028,10,-0.08824802834353818,69,0.0,0.0,0.0,92.0,76.0,33.0,0.0,12.0,41.0,0.0,0.0,0.8260869565217391,0.75,0.0,0.0,0.8,0.358695652173913,,42.68010642918106,0.011926915,2,0.032964790869943306,0.008362407,24.487984370580698,0.7960835410591195,1,0,1,21,3920394,Tanzania,Group Stage
0.008362407,1.0,0.0,52.0,42.0,27.0,1.0,18.0,30.0,2.0,1.0,0.8076923076923077,1.0,0.0005574938,0.06666666666666667,1.2,0.5192307692307693,0.5,66.27068339235436,1.5737028,10,-0.09187647536821164,70,0.0,0.0,0.0,78.0,64.0,28.0,0.0,12.0,39.0,0.0,0.0,0.8205128205128205,0.8181818181818182,0.0,0.0,0.8,0.358974358974359,,42.668168444684945,0.011926915,2,0.027390654861024655,0.008362407,23.602514947669412,0.7203457568307691,1,0,1,20,3920394,Tanzania,Group Stage
0.008362407,1.0,0.0,43.0,36.0,22.0,1.0,17.0,27.0,1.0,0.0,0.8372093023255814,1.0,0.0005574938,0.06666666666666667,1.1333333333333333,0.5116279069767442,0.0,62.92829820716917,1.5737028,10,-0.06235948073493791,71,0.0,0.0,0.0,76.0,64.0,26.0,0.0,11.0,37.0,0.0,0.0,0.8421052631578947,0.8181818181818182,0.0,0.0,0.7333333333333333,0.34210526315789475,,45.36446474098124,0.011926915,2,0.04898309750609886,0.008362407,17.56383346618793,0.7127428945767442,1,0,1,19,3920394,Tanzania,Group Stage
0.008362407,1.0,0.0,50.0,42.0,23.0,1.0,20.0,29.0,1.0,0.0,0.84,0.875,0.0005574938,0.06666666666666667,1.3333333333333333,0.46,0.0,59.96246487383584,1.5737028,10,-0.05956878306051938,72,0.0,0.0,0.0,65.0,53.0,23.0,0.0,12.0,43.0,0.0,0.0,0.8153846153846154,0.8461538461538461,0.0,0.0,0.8,0.35384615384615387,,46.123532201298694,0.011926915,2,0.022262449732819545,0.008362407,13.838932672537148,0.7277816542666667,1,0,1,18,3920394,Tanzania,Group Stage
0.008362407,1.0,0.0,52.0,43.0,21.0,1.0,24.0,39.0,1.0,0.0,0.8269230769230769,0.7272727272727273,0.0005574938,0.06666666666666667,1.6,0.40384615384615385,0.0,63.206248867619834,1.5737028,10,-0.07264570613744248,73,0.0,0.0,0.0,64.0,53.0,23.0,0.0,15.0,47.0,0.0,0.0,0.828125,0.75,0.0,0.0,1.0,0.359375,,44.10419154195804,0.011926915,2,0.03500283434820417,0.008362407,19.102057325661796,0.7049611414461538,1,0,1,17,3920394,Tanzania,Group Stage
0.008362407,1.0,0.0,46.0,39.0,16.0,1.0,27.0,36.0,1.0,0.0,0.8478260869565217,0.7272727272727273,0.0005574938,0.06666666666666667,1.8,0.34782608695652173,0.0,61.78510601047698,1.5737028,10,-0.05174269610399762,74,0.0,0.0,0.0,74.0,65.0,21.0,0.0,13.0,53.0,1.0,1.0,0.8783783783783784,0.7692307692307693,0.0,0.0,0.8666666666666667,0.28378378378378377,1.0,45.883723705700724,0.011926915,2,0.08525621272658257,0.008362407,15.901382304776256,0.8156077412231884,1,0,1,16,3920394,Tanzania,Group Stage
0.008362407,1.0,0.0,51.0,43.0,19.0,1.0,28.0,37.0,1.0,0.0,0.8431372549019608,0.75,0.0005574938,0.06666666666666667,1.8666666666666667,0.37254901960784315,0.0,61.44291302802084,1.5737028,10,-0.056431528158558564,75,0.0,0.0,0.0,71.0,62.0,21.0,0.0,13.0,57.0,1.0,1.0,0.8732394366197183,0.7142857142857143,0.0,0.0,0.8666666666666667,0.29577464788732394,1.0,47.35166488217131,0.011926915,2,0.08011727096792243,0.008362407,14.091248145849526,0.8736640072078432,1,0,1,15,3920394,Tanzania,Group Stage
0.10495861100000001,2.0,1.0,65.0,59.0,19.0,1.0,21.0,51.0,2.0,1.0,0.9076923076923077,0.8125,0.006997240733333334,0.13333333333333333,1.4,0.2923076923076923,0.5,61.46255747246528,1.6702990039999999,11,0.008123524631788337,76,0.0,0.0,0.0,58.0,50.0,17.0,0.0,17.0,43.0,1.0,1.0,0.8620689655172413,0.7,0.0,0.0,1.1333333333333333,0.29310344827586204,1.0,47.18915026228828,0.011926915,2,0.0689467998654455,0.10495861100000001,14.273407210176998,0.4396355071076923,2,0,2,14,3920394,Tanzania,Group Stage
0.10495861100000001,2.0,1.0,65.0,59.0,19.0,1.0,21.0,51.0,2.0,1.0,0.9076923076923077,0.8125,0.006997240733333334,0.13333333333333333,1.4,0.2923076923076923,0.5,61.48220191690972,1.6702990039999999,11,0.008123524631788337,77,0.0,0.0,0.0,57.0,49.0,16.0,0.0,17.0,43.0,1.0,1.0,0.8596491228070176,0.7,0.0,0.0,1.1333333333333333,0.2807017543859649,1.0,47.158039151177164,0.011926915,2,0.06652695715522172,0.10495861100000001,14.32416276573256,0.4396355071076923,2,0,2,13,3920394,Tanzania,Group Stage
0.10495861100000001,2.0,1.0,66.0,59.0,19.0,1.0,22.0,54.0,3.0,2.0,0.8939393939393939,0.8125,0.006997240733333334,0.13333333333333333,1.4666666666666666,0.2878787878787879,0.6666666666666666,62.00474159944941,1.6702990039999999,11,-0.005629389121125428,78,0.0,0.0,0.0,69.0,60.0,19.0,0.0,17.0,44.0,1.0,1.0,0.8695652173913043,0.7,0.0,0.0,1.1333333333333333,0.2753623188405797,1.0,48.09840952154753,0.011926915,2,0.0764430517395085,0.10495861100000001,13.90633207790188,0.4685399360121212,2,0,2,12,3920394,Tanzania,Group Stage
0.374423371,3.0,2.0,61.0,56.0,18.0,1.0,21.0,49.0,2.0,2.0,0.9180327868852459,0.7857142857142857,0.024961558066666667,0.2,1.4,0.29508196721311475,1.0,63.508517823225624,1.9397637639999998,12,0.01846400382472657,79,0.0,0.0,0.0,62.0,55.0,17.0,0.0,15.0,40.0,1.0,1.0,0.8870967741935484,0.6666666666666666,0.0,0.0,1.0,0.27419354838709675,1.0,47.36335205028317,0.011926915,2,0.09397460854175255,0.374423371,16.145165772942455,0.5450050833464481,3,0,3,11,3920394,Tanzania,Group Stage
0.36606096400000004,2.0,2.0,51.0,46.0,14.0,0.0,20.0,42.0,2.0,2.0,0.9019607843137255,0.7272727272727273,0.02440406426666667,0.13333333333333333,1.3333333333333333,0.27450980392156865,1.0,64.66779446056678,1.9397637639999998,12,0.002392001253206155,80,0.0,0.0,0.0,51.0,45.0,14.0,0.0,12.0,38.0,1.0,1.0,0.8823529411764706,0.625,0.0,0.0,0.8,0.27450980392156865,1.0,46.34729144422256,0.011926915,2,0.08923077552467473,0.36606096400000004,18.32050301634422,0.5899845991215685,3,0,3,10,3920394,Tanzania,Group Stage
0.36606096400000004,2.0,2.0,51.0,46.0,14.0,0.0,21.0,42.0,2.0,2.0,0.9019607843137255,0.7272727272727273,0.02440406426666667,0.13333333333333333,1.4,0.27450980392156865,1.0,66.26585897669582,1.9397637639999998,12,0.002392001253206155,81,0.0,0.0,0.0,49.0,43.0,13.0,0.0,12.0,40.0,1.0,1.0,0.8775510204081632,0.6666666666666666,0.0,0.0,0.8,0.2653061224489796,1.0,47.09756595402648,0.011926915,2,0.08442885475636741,0.36606096400000004,19.168293022669346,0.623317932454902,3,0,3,9,3920394,Tanzania,Group Stage
0.36606096400000004,2.0,2.0,65.0,59.0,19.0,0.0,17.0,47.0,3.0,3.0,0.9076923076923077,0.75,0.02440406426666667,0.13333333333333333,1.1333333333333333,0.2923076923076923,1.0,65.13170438732384,1.9397637639999998,12,0.008123524631788337,82,0.0,0.0,0.0,46.0,41.0,11.0,0.0,15.0,34.0,1.0,1.0,0.8913043478260869,0.6666666666666666,0.0,0.0,1.0,0.2391304347826087,1.0,45.07136274547033,0.011926915,2,0.09818218217429109,0.36606096400000004,20.060341641853505,0.4077824875076923,3,0,3,8,3920394,Tanzania,Group Stage
0.36606096400000004,2.0,2.0,68.0,60.0,19.0,0.0,17.0,47.0,3.0,3.0,0.8823529411764706,0.75,0.02440406426666667,0.13333333333333333,1.1333333333333333,0.27941176470588236,1.0,68.18475994287938,1.9397637639999998,12,-0.017215841884048788,83,0.0,0.0,0.0,46.0,41.0,11.0,0.0,15.0,36.0,1.0,1.0,0.8913043478260869,0.6666666666666666,0.0,0.0,1.0,0.2391304347826087,1.0,41.387120321227904,0.011926915,2,0.09818218217429109,0.36606096400000004,26.797639621651477,0.3948865599058824,3,0,3,7,3920394,Tanzania,Group Stage
0.36606096400000004,2.0,2.0,63.0,54.0,17.0,0.0,17.0,44.0,3.0,3.0,0.8571428571428571,0.75,0.02440406426666667,0.13333333333333333,1.1333333333333333,0.2698412698412698,1.0,74.88661179473124,1.9397637639999998,12,-0.042425925917662255,84,0.0,0.0,0.0,47.0,41.0,12.0,0.0,14.0,36.0,1.0,1.0,0.8723404255319149,0.6666666666666666,0.0,0.0,0.9333333333333333,0.2553191489361702,1.0,36.84045365456124,0.011926915,2,0.0792182598801191,0.36606096400000004,38.04615814017,0.41864939837460313,3,0,3,6,3920394,Tanzania,Group Stage
0.36606096400000004,2.0,2.0,77.0,65.0,21.0,0.0,17.0,46.0,3.0,3.0,0.8441558441558441,0.7692307692307693,0.02440406426666667,0.13333333333333333,1.1333333333333333,0.2727272727272727,1.0,78.80922555134501,1.9397637639999998,12,-0.055412938904675246,85,0.0,0.0,0.0,47.0,41.0,12.0,0.0,15.0,36.0,1.0,1.0,0.8723404255319149,0.6666666666666666,0.0,0.0,1.0,0.2553191489361702,1.0,34.61378698789458,0.011926915,2,0.0792182598801191,0.36606096400000004,44.19543856345043,0.38820206792727263,3,0,3,5,3920394,Tanzania,Group Stage
0.36606096400000004,2.0,2.0,87.0,74.0,24.0,0.0,17.0,51.0,3.0,3.0,0.8505747126436781,0.7692307692307693,0.02440406426666667,0.13333333333333333,1.1333333333333333,0.27586206896551724,1.0,82.45835013046958,1.9397637639999998,12,-0.04899407041684123,86,0.0,0.0,0.0,50.0,44.0,13.0,0.0,18.0,39.0,1.0,1.0,0.88,0.6666666666666666,0.0,0.0,1.2,0.26,1.0,32.224739368846954,0.011926915,2,0.08687783434820417,0.36606096400000004,50.23361076162263,0.2913368641655173,3,0,3,4,3920394,Tanzania,Group Stage
0.36606096400000004,2.0,2.0,82.0,70.0,24.0,0.0,17.0,53.0,4.0,4.0,0.8536585365853658,0.8333333333333334,0.02440406426666667,0.13333333333333333,1.1333333333333333,0.2926829268292683,1.0,82.23323108285054,1.9397637639999998,12,-0.045910246475153516,87,0.0,0.0,0.0,55.0,48.0,15.0,0.0,20.0,41.0,1.0,1.0,0.8727272727272727,0.5,0.0,0.0,1.3333333333333333,0.2727272727272727,1.0,32.72030309433715,0.011926915,2,0.07960510707547686,0.36606096400000004,49.51292798851339,0.24149105536260163,3,0,3,3,3920394,Tanzania,Group Stage
0.36606096400000004,2.0,2.0,74.0,63.0,23.0,0.0,15.0,40.0,4.0,4.0,0.8513513513513513,1.0,0.02440406426666667,0.13333333333333333,1.0,0.3108108108108108,1.0,80.8479319375514,1.9397637639999998,12,-0.048217431709168035,88,0.0,0.0,0.0,66.0,61.0,18.0,0.0,16.0,41.0,2.0,2.0,0.9242424242424242,0.6666666666666666,0.0,0.0,1.0666666666666667,0.2727272727272727,1.0,33.4951318328501,0.011926915,2,0.13112025859062837,0.36606096400000004,47.352800104701295,0.3262856060108108,3,0,3,2,3920394,Tanzania,Group Stage
0.36606096400000004,2.0,2.0,77.0,65.0,25.0,0.0,14.0,44.0,5.0,5.0,0.8441558441558441,1.0,0.02440406426666667,0.13333333333333333,0.9333333333333333,0.3246753246753247,1.0,80.2619319375514,1.9397637639999998,12,-0.055412938904675246,89,0.0,0.0,0.0,72.0,66.0,19.0,0.0,18.0,38.0,1.0,1.0,0.9166666666666666,0.7142857142857143,0.0,0.0,1.2,0.2638888888888889,1.0,33.087587973200975,0.011926915,2,0.1235445010148708,0.36606096400000004,47.17434396435042,0.24015011987532475,3,0,3,1,3920394,Tanzania,Group Stage
0.678537384,4.0,2.0,85.0,73.0,26.0,1.0,13.0,48.0,5.0,5.0,0.8588235294117647,0.8888888888888888,0.045235825599999994,0.26666666666666666,0.8666666666666667,0.3058823529411765,1.0,80.5887847839531,2.2522401839999997,14,-0.0407452536487547,90,0.0,0.0,0.0,72.0,66.0,18.0,0.0,20.0,34.0,1.0,1.0,0.9166666666666666,0.8333333333333334,0.0,0.0,1.3333333333333333,0.25,1.0,32.24992130653431,0.011926915,2,0.1235445010148708,0.678537384,48.33886347741879,0.16302067080784322,3,0,3,0,3920394,Tanzania,Group Stage
0.5819411800000001,3.0,1.0,70.0,57.0,23.0,1.0,14.0,35.0,4.0,4.0,0.8142857142857143,0.6666666666666666,0.03879607866666667,0.2,0.9333333333333333,0.32857142857142857,1.0,81.17136256173089,2.2522401839999997,14,-0.08528306877480507,91,0.0,0.0,0.0,72.0,66.0,18.0,0.0,16.0,35.0,1.0,1.0,0.9166666666666666,0.8333333333333334,0.0,0.0,1.0666666666666667,0.25,1.0,32.33303241764542,0.011926915,2,0.1235445010148708,0.5819411800000001,48.83833014408547,0.33949691923809533,3,0,3,0,3920394,Tanzania,Group Stage
0.5819411800000001,3.0,1.0,82.0,69.0,26.0,1.0,14.0,35.0,4.0,4.0,0.8414634146341463,0.6666666666666666,0.03879607866666667,0.2,0.9333333333333333,0.3170731707317073,1.0,77.41241256173089,2.2522401839999997,14,-0.05810536842637304,92,0.0,0.0,0.0,76.0,69.0,19.0,0.0,16.0,35.0,1.0,1.0,0.9078947368421053,0.8333333333333334,0.0,0.0,1.0666666666666667,0.25,1.0,34.61868898330199,0.011926915,2,0.11477257119030948,0.5819411800000001,42.793723578428896,0.32799866139837397,3,0,3,0,3920394,Tanzania,Group Stage
0.5819411800000001,3.0,1.0,85.0,73.0,29.0,1.0,13.0,34.0,3.0,3.0,0.8588235294117647,0.6666666666666666,0.03879607866666667,0.2,0.8666666666666667,0.3411764705882353,1.0,75.74098399030231,2.2522401839999997,14,-0.0407452536487547,93,0.0,0.0,0.0,64.0,58.0,16.0,0.0,17.0,35.0,1.0,1.0,0.90625,0.8333333333333334,0.0,0.0,1.1333333333333333,0.25,1.0,33.01165194626495,0.011926915,2,0.11312783434820417,0.5819411800000001,42.72933204403736,0.28543529458823536,3,0,3,0,3920394,Tanzania,Group Stage
0.31247642000000003,2.0,0.0,97.0,84.0,29.0,1.0,14.0,37.0,3.0,3.0,0.865979381443299,0.6666666666666666,0.020831761333333334,0.13333333333333333,0.9333333333333333,0.29896907216494845,1.0,76.19201993110569,2.2522401839999997,14,-0.03358940161722035,94,0.0,0.0,0.0,66.0,59.0,17.0,0.0,19.0,36.0,1.0,1.0,0.8939393939393939,0.8333333333333334,0.0,0.0,1.2666666666666666,0.25757575757575757,1.0,32.21765194626495,0.011926915,2,0.10081722828759809,0.31247642000000003,43.97436798484074,0.1739659281649485,3,0,3,0,3920394,Tanzania,Group Stage
0.31247642000000003,2.0,0.0,97.0,84.0,29.0,1.0,14.0,37.0,3.0,3.0,0.865979381443299,0.6666666666666666,0.020831761333333334,0.13333333333333333,0.9333333333333333,0.29896907216494845,1.0,76.64305587190908,2.2522401839999997,14,-0.03358940161722035,95,0.0,0.0,0.0,66.0,59.0,17.0,0.0,19.0,36.0,1.0,1.0,0.8939393939393939,0.8333333333333334,0.0,0.0,1.2666666666666666,0.25757575757575757,1.0,31.42365194626495,0.011926915,2,0.10081722828759809,0.31247642000000003,45.21940392564413,0.1739659281649485,3,0,3,0,3920394,Tanzania,Group Stage
0.36051758500000003,3.0,0.0,98.0,85.0,29.0,2.0,13.0,37.0,3.0,3.0,0.8673469387755102,0.6666666666666666,0.024034505666666667,0.2,0.8666666666666667,0.29591836734693877,1.0,78.52305587190908,2.3002813489999996,15,-0.03222184428500918,96,0.0,0.0,0.0,62.0,55.0,16.0,0.0,19.0,33.0,1.0,1.0,0.8870967741935484,0.8,0.0,0.0,1.2666666666666666,0.25806451612903225,1.0,28.49298527959828,0.011926915,2,0.09397460854175255,0.36051758500000003,50.0300705923108,0.14398737868027212,3,0,3,0,3920394,Tanzania,Group Stage
0.36051758500000003,3.0,0.0,82.0,70.0,23.0,2.0,13.0,30.0,2.0,2.0,0.8536585365853658,0.5,0.024034505666666667,0.2,0.8666666666666667,0.2804878048780488,1.0,82.88276601683661,2.3002813489999996,15,-0.045910246475153516,97,0.0,0.0,0.0,58.0,52.0,14.0,0.0,15.0,33.0,1.0,1.0,0.896551724137931,0.8,0.0,0.0,1.0,0.2413793103448276,1.0,26.25494606391201,0.011926915,2,0.10342955848613522,0.36051758500000003,56.627819952924604,0.26189014954471546,3,0,3,0,3920394,Tanzania,Group Stage
0.0,0.0,0.0,20.0,19.0,6.0,0.0,1.0,4.0,0.0,0.0,0.95,1.0,0.0,0.0,0.06666666666666667,0.3,,42.291525423728814,0.0,0,0.051163679872928136,0,0.0,0.0,0.0,1.0,1.0,1.0,0.0,2.0,1.0,0.0,0.0,1.0,,0.0,0.0,0.13333333333333333,1.0,,63.6,0.0,0,0.17235739407802708,0.0,-21.308474576271188,0.26666666666666666,0,0,0,90,3920405,Congo DR,Group Stage
0.13629709,1.0,0.0,23.0,22.0,8.0,1.0,1.0,8.0,0.0,0.0,0.9565217391304348,1.0,0.009086472666666668,0.06666666666666667,0.06666666666666667,0.34782608695652173,,72.15131826741997,0.13629709,1,0.05768541900336299,1,0.0,0.0,0.0,1.0,1.0,1.0,0.0,3.0,2.0,0.0,0.0,1.0,,0.0,0.0,0.2,1.0,,35.63333333333333,0.0,0,0.17235739407802708,0.13629709,36.517984934086634,0.29933236562318843,0,0,0,89,3920405,Congo DR,Group Stage
0.13629709,1.0,0.0,23.0,22.0,8.0,1.0,1.0,8.0,0.0,0.0,0.9565217391304348,1.0,0.009086472666666668,0.06666666666666667,0.06666666666666667,0.34782608695652173,,82.10458254865036,0.13629709,1,0.05768541900336299,2,0.0,0.0,0.0,1.0,1.0,1.0,0.0,3.0,2.0,0.0,0.0,1.0,,0.0,0.0,0.2,1.0,,26.311111111111114,0.0,0,0.17235739407802708,0.13629709,55.79347143753924,0.29933236562318843,0,0,0,88,3920405,Congo DR,Group Stage
0.13629709,1.0,0.0,23.0,22.0,8.0,1.0,1.0,8.0,0.0,0.0,0.9565217391304348,1.0,0.009086472666666668,0.06666666666666667,0.06666666666666667,0.34782608695652173,,87.08121468926555,0.13629709,1,0.05768541900336299,3,0.0,0.0,0.0,1.0,1.0,1.0,0.0,3.0,2.0,0.0,0.0,1.0,,0.0,0.0,0.2,1.0,,21.650000000000002,0.0,0,0.17235739407802708,0.13629709,65.43121468926554,0.29933236562318843,0,0,0,87,3920405,Congo DR,Group Stage
0.13629709,1.0,0.0,23.0,22.0,8.0,1.0,1.0,8.0,0.0,0.0,0.9565217391304348,1.0,0.009086472666666668,0.06666666666666667,0.06666666666666667,0.34782608695652173,,90.06719397363466,0.13629709,1,0.05768541900336299,4,0.0,0.0,0.0,1.0,1.0,1.0,0.0,3.0,2.0,0.0,0.0,1.0,,0.0,0.0,0.2,1.0,,18.85333333333333,0.0,0,0.17235739407802708,0.13629709,71.21386064030133,0.29933236562318843,0,0,0,86,3920405,Congo DR,Group Stage
0.217298185,2.0,1.0,24.0,23.0,8.0,1.0,1.0,8.0,0.0,0.0,0.9583333333333334,1.0,0.014486545666666666,0.13333333333333333,0.06666666666666667,0.3333333333333333,,93.8893283113622,0.217298185,2,0.05949701320626155,5,0.0,0.0,0.0,1.0,1.0,1.0,0.0,3.0,2.0,0.0,0.0,1.0,,0.0,0.0,0.2,1.0,,15.877777777777778,0.0,0,0.17235739407802708,0.217298185,78.01155053358443,0.295639758,1,0,1,85,3920405,Congo DR,Group Stage
0.217298185,2.0,1.0,24.0,23.0,8.0,1.0,1.0,8.0,0.0,0.0,0.9583333333333334,1.0,0.014486545666666666,0.13333333333333333,0.06666666666666667,0.3333333333333333,,96.6194242668819,0.217298185,2,0.05949701320626155,6,0.0,0.0,0.0,3.0,2.0,2.0,0.0,3.0,2.0,0.0,0.0,0.6666666666666666,,0.0,0.0,0.2,0.6666666666666666,,21.73095238095238,0.0,0,-0.1609759392553063,0.217298185,74.8884718859295,0.295639758,1,0,1,84,3920405,Congo DR,Group Stage
0.217298185,2.0,1.0,27.0,24.0,10.0,1.0,2.0,9.0,0.0,0.0,0.8888888888888888,1.0,0.014486545666666666,0.13333333333333333,0.13333333333333333,0.37037037037037035,,90.38199623352166,0.217298185,2,-0.00994743123818298,7,0.0,0.0,0.0,14.0,12.0,4.0,0.0,4.0,3.0,0.0,0.0,0.8571428571428571,,0.0,0.0,0.26666666666666666,0.2857142857142857,,26.13700980392157,0.0,0,0.029500251220884177,0.217298185,64.24498642960009,0.33267679503703695,1,0,1,83,3920405,Congo DR,Group Stage
0.217298185,2.0,1.0,27.0,24.0,10.0,1.0,2.0,10.0,0.0,0.0,0.8888888888888888,1.0,0.014486545666666666,0.13333333333333333,0.13333333333333333,0.37037037037037035,,81.07288554090815,0.217298185,2,-0.00994743123818298,8,0.03478279,1.0,0.0,15.0,12.0,4.0,0.0,4.0,4.0,0.0,0.0,0.8,,0.002318852666666667,0.06666666666666667,0.26666666666666666,0.26666666666666666,,34.77734204793028,0.03478279,1,-0.027642605921972874,0.182515395,46.29554349297786,0.32803908970370366,1,0,1,82,3920405,Congo DR,Group Stage
0.217298185,2.0,1.0,37.0,32.0,16.0,1.0,4.0,20.0,0.0,0.0,0.8648648648648649,1.0,0.014486545666666666,0.13333333333333333,0.26666666666666666,0.43243243243243246,,78.35403448681733,0.217298185,2,-0.03397145526220691,9,0.03478279,1.0,0.0,18.0,13.0,6.0,0.0,9.0,10.0,0.0,0.0,0.7222222222222222,1.0,0.002318852666666667,0.06666666666666667,0.6,0.3333333333333333,,36.213496732026144,0.03478279,1,-0.10542038369975071,0.182515395,42.14053775479118,0.29010115176576584,1,0,1,81,3920405,Congo DR,Group Stage
0.245237654,3.0,1.0,40.0,35.0,18.0,2.0,7.0,24.0,0.0,0.0,0.875,1.0,0.016349176933333334,0.2,0.4666666666666667,0.45,,76.90171966334043,0.245237654,3,-0.02383632012707182,10,0.03478279,1.0,0.0,23.0,18.0,7.0,0.0,10.0,12.0,1.0,0.0,0.782608695652174,1.0,0.002318852666666667,0.06666666666666667,0.6666666666666666,0.30434782608695654,0.0,36.50829248366013,0.03478279,1,-0.04503391026979897,0.210454864,40.3934271796803,0.3780606485333335,1,0,1,80,3920405,Congo DR,Group Stage
0.245237654,3.0,1.0,40.0,35.0,18.0,2.0,10.0,25.0,0.0,0.0,0.875,1.0,0.016349176933333334,0.2,0.6666666666666666,0.45,,71.35276683425253,0.245237654,3,-0.02383632012707182,11,0.33276343999999997,3.0,0.0,29.0,24.0,7.0,2.0,10.0,15.0,1.0,0.0,0.8275862068965517,1.0,0.02218422933333333,0.2,0.6666666666666666,0.2413793103448276,0.0,42.279170070806096,0.33276343999999997,3,-5.639902542120545e-05,-0.08752578599999997,29.07359676344644,0.43832989520000004,1,0,1,79,3920405,Congo DR,Group Stage
0.245237654,3.0,1.0,42.0,36.0,19.0,2.0,12.0,28.0,0.0,0.0,0.8571428571428571,1.0,0.016349176933333334,0.2,0.8,0.4523809523809524,,69.11345143674593,0.245237654,3,-0.041693462984214724,12,0.33276343999999997,3.0,0.0,32.0,25.0,8.0,2.0,11.0,20.0,1.0,0.0,0.78125,0.6,0.02218422933333333,0.2,0.7333333333333333,0.25,0.0,44.616436708716115,0.33276343999999997,3,-0.04639260592197292,-0.08752578599999997,24.497014728029818,0.47404418091428585,1,0,1,78,3920405,Congo DR,Group Stage
0.245237654,3.0,1.0,50.0,43.0,23.0,2.0,12.0,31.0,0.0,0.0,0.86,1.0,0.016349176933333334,0.2,0.8,0.46,,68.34450120184609,0.245237654,3,-0.03883632012707183,13,0.33276343999999997,3.0,0.0,33.0,25.0,8.0,2.0,12.0,21.0,1.0,0.0,0.7575757575757576,0.6,0.02218422933333333,0.2,0.8,0.24242424242424243,0.0,42.80607898462415,0.33276343999999997,3,-0.07006684834621535,-0.08752578599999997,25.538422217221935,0.4483298952000001,1,0,1,77,3920405,Congo DR,Group Stage
0.245237654,3.0,1.0,51.0,43.0,23.0,2.0,13.0,32.0,0.0,0.0,0.8431372549019608,1.0,0.016349176933333334,0.2,0.8666666666666667,0.45098039215686275,,69.75886778838968,0.245237654,3,-0.05569906522511103,14,0.33276343999999997,3.0,0.0,39.0,31.0,8.0,2.0,13.0,25.0,1.0,0.0,0.7948717948717948,0.6,0.02218422933333333,0.2,0.8666666666666667,0.20512820512820512,0.0,42.682710756019574,0.33276343999999997,3,-0.032770811050178095,-0.08752578599999997,27.076157032370105,0.43931028735686284,1,0,1,76,3920405,Congo DR,Group Stage
0.245237654,3.0,1.0,37.0,28.0,19.0,2.0,18.0,35.0,0.0,0.0,0.7567567567567568,1.0,0.016349176933333334,0.2,1.2,0.5135135135135135,,69.35046724289971,0.245237654,3,-0.14207956337031502,15,0.33276343999999997,3.0,0.0,48.0,38.0,12.0,2.0,14.0,32.0,2.0,0.0,0.7916666666666666,0.7142857142857143,0.02218422933333333,0.2,0.9333333333333333,0.25,0.0,42.79251467758821,0.33276343999999997,3,-0.03597593925530629,-0.08752578599999997,26.557952565311503,0.6351767420468469,1,0,1,75,3920405,Congo DR,Group Stage
0.186232024,3.0,1.0,44.0,35.0,20.0,2.0,18.0,36.0,0.0,0.0,0.7954545454545454,1.0,0.012415468266666667,0.2,1.2,0.45454545454545453,,65.76617094660341,0.322529114,4,-0.1033817746725264,16,0.33276343999999997,3.0,0.0,51.0,41.0,14.0,2.0,15.0,32.0,2.0,0.0,0.803921568627451,0.7142857142857143,0.02218422933333333,0.2,1.0,0.27450980392156865,0.0,43.979352284425815,0.33276343999999997,3,-0.023721037294521907,-0.14653141599999997,21.786818662177595,0.5350079324121213,1,0,1,74,3920405,Congo DR,Group Stage
0.186232024,3.0,1.0,47.0,37.0,21.0,2.0,19.0,41.0,0.0,0.0,0.7872340425531915,0.8888888888888888,0.012415468266666667,0.2,1.2666666666666666,0.44680851063829785,,61.541430205862675,0.322529114,4,-0.1116022775738803,17,0.33276343999999997,3.0,0.0,58.0,46.0,15.0,2.0,17.0,35.0,2.0,0.0,0.7931034482758621,0.625,0.02218422933333333,0.2,1.1333333333333333,0.25862068965517243,0.0,47.575974506648045,0.33276343999999997,3,-0.03453915764611082,-0.14653141599999997,13.96545569921463,0.49393765517163124,1,0,1,73,3920405,Congo DR,Group Stage
0.186232024,3.0,1.0,56.0,46.0,23.0,2.0,20.0,46.0,0.0,0.0,0.8214285714285714,0.9090909090909091,0.012415468266666667,0.2,1.3333333333333333,0.4107142857142857,,58.411442153293976,0.322529114,4,-0.07740774869850042,18,0.33276343999999997,3.0,0.0,66.0,53.0,16.0,2.0,19.0,39.0,3.0,1.0,0.803030303030303,0.625,0.02218422933333333,0.2,1.2666666666666666,0.24242424242424243,0.3333333333333333,49.743713970249566,0.33276343999999997,3,-0.024612302891669935,-0.14653141599999997,8.66772818304441,0.4245100969142859,1,0,1,72,3920405,Congo DR,Group Stage
0.186232024,3.0,1.0,73.0,63.0,28.0,2.0,21.0,57.0,1.0,1.0,0.863013698630137,0.9230769230769231,0.012415468266666667,0.2,1.4,0.3835616438356164,1.0,56.53081837161756,0.322529114,4,-0.035822621496934826,19,0.33276343999999997,3.0,0.0,67.0,53.0,17.0,2.0,25.0,42.0,3.0,1.0,0.7910447761194029,0.5555555555555556,0.02218422933333333,0.2,1.6666666666666667,0.2537313432835821,0.3333333333333333,50.54411801065361,0.33276343999999997,3,-0.03659782980256998,-0.14653141599999997,5.986700360963951,0.23069078836894963,1,0,1,71,3920405,Congo DR,Group Stage
0.105230929,2.0,0.0,82.0,72.0,31.0,2.0,21.0,65.0,1.0,1.0,0.8780487804878049,0.9375,0.007015395266666667,0.13333333333333333,1.4,0.3780487804878049,1.0,54.53726281606201,0.322529114,4,-0.02078753963926694,20,0.33276343999999997,3.0,0.0,71.0,57.0,18.0,2.0,28.0,43.0,3.0,1.0,0.8028169014084507,0.5555555555555556,0.02218422933333333,0.2,1.8666666666666667,0.2535211267605634,0.3333333333333333,52.765784677320276,0.33276343999999997,3,-0.024825704513522173,-0.22753251099999997,1.7714781387417347,0.11437777902113822,1,0,1,70,3920405,Congo DR,Group Stage
0.111795797,3.0,0.0,97.0,87.0,33.0,3.0,21.0,69.0,1.0,1.0,0.8969072164948454,0.9444444444444444,0.007453053133333333,0.2,1.4,0.3402061855670103,1.0,50.24009969549464,0.329093982,5,-0.0019291036322264254,21,0.33276343999999997,3.0,0.0,72.0,58.0,18.0,2.0,32.0,44.0,3.0,1.0,0.8055555555555556,0.5555555555555556,0.02218422933333333,0.2,2.1333333333333333,0.25,0.3333333333333333,52.36790588944148,0.33276343999999997,3,-0.022087050366417338,-0.22096764299999996,-2.1278061939468387,-0.05592283349965621,1,0,1,69,3920405,Congo DR,Group Stage
0.111795797,3.0,0.0,100.0,92.0,32.0,3.0,20.0,68.0,1.0,1.0,0.92,0.9444444444444444,0.007453053133333333,0.2,1.3333333333333333,0.32,1.0,49.52033498961228,0.329093982,5,0.02116367987292822,22,0.33276343999999997,3.0,0.0,65.0,51.0,17.0,2.0,31.0,43.0,3.0,1.0,0.7846153846153846,0.5555555555555556,0.02218422933333333,0.2,2.066666666666667,0.26153846153846155,0.3333333333333333,51.26671433589699,0.33276343999999997,3,-0.043027221306588315,-0.22096764299999996,-1.7463793462847121,-0.0761290190666668,1,0,1,68,3920405,Congo DR,Group Stage
0.111795797,3.0,0.0,102.0,94.0,33.0,3.0,24.0,74.0,1.0,1.0,0.9215686274509803,0.9473684210526315,0.007453053133333333,0.2,1.6,0.3235294117647059,1.0,52.39879652807382,0.329093982,5,0.02273230732390852,23,0.29798064999999996,2.0,0.0,67.0,54.0,17.0,2.0,33.0,50.0,3.0,1.0,0.8059701492537313,0.6,0.019865376666666663,0.13333333333333333,2.2,0.2537313432835821,0.3333333333333333,48.51826989145255,0.33276343999999997,3,-0.02167245666824158,-0.18618485299999996,3.880526636621269,-0.001295235301960851,1,0,1,67,3920405,Congo DR,Group Stage
0.111795797,3.0,0.0,92.0,86.0,27.0,3.0,22.0,64.0,1.0,1.0,0.9347826086956522,0.9411764705882353,0.007453053133333333,0.2,1.4666666666666666,0.29347826086956524,1.0,52.12496639986869,0.329093982,5,0.0359462885685804,24,0.29798064999999996,2.0,0.0,64.0,53.0,15.0,2.0,28.0,44.0,3.0,1.0,0.828125,0.5555555555555556,0.019865376666666663,0.13333333333333333,1.8666666666666667,0.234375,0.3333333333333333,49.42056618774884,0.33276343999999997,3,0.0004823940780270819,-0.18618485299999996,2.7044002121198503,0.06865361380289858,1,0,1,66,3920405,Congo DR,Group Stage
0.08385632800000001,2.0,0.0,89.0,83.0,25.0,2.0,19.0,60.0,1.0,1.0,0.9325842696629213,0.9375,0.005590421866666667,0.13333333333333333,1.2666666666666666,0.2808988764044944,1.0,51.284856509758804,0.329093982,5,0.033747949535849475,25,0.29798064999999996,2.0,0.0,60.0,48.0,15.0,2.0,27.0,42.0,2.0,1.0,0.8,0.5555555555555556,0.019865376666666663,0.13333333333333333,1.8,0.25,0.5,52.29014952108218,0.33276343999999997,3,-0.027642605921972874,-0.21412432199999995,-1.0052930113233742,-0.01431769986217224,1,0,1,65,3920405,Congo DR,Group Stage
0.08385632800000001,2.0,0.0,89.0,83.0,25.0,2.0,16.0,59.0,1.0,1.0,0.9325842696629213,0.9375,0.005590421866666667,0.13333333333333333,1.0666666666666667,0.2808988764044944,1.0,53.91569900060129,0.329093982,5,0.033747949535849475,26,0.0,0.0,0.0,54.0,42.0,15.0,0.0,27.0,39.0,2.0,1.0,0.7777777777777778,0.42857142857142855,0.0,0.0,1.8,0.2777777777777778,0.5,50.739561285788064,0.33276343999999997,3,-0.04986482814419513,0.08385632800000001,3.1761377148132297,-0.07458694652883902,1,0,1,64,3920405,Congo DR,Group Stage
0.08385632800000001,2.0,0.0,91.0,85.0,27.0,2.0,15.0,58.0,2.0,1.0,0.9340659340659341,0.9411764705882353,0.005590421866666667,0.13333333333333333,1.0,0.2967032967032967,0.5,55.622012131914424,0.329093982,5,0.03522961393886226,27,0.0,0.0,0.0,53.0,42.0,14.0,0.0,27.0,38.0,2.0,1.0,0.7924528301886793,0.5,0.0,0.0,1.8,0.2641509433962264,0.5,48.702818861545644,0.33276343999999997,3,-0.03518977573329363,0.08385632800000001,6.91919327036878,-0.09211585956336998,1,0,1,63,3920405,Congo DR,Group Stage
0.08385632800000001,2.0,0.0,90.0,84.0,25.0,2.0,17.0,60.0,2.0,1.0,0.9333333333333333,0.9411764705882353,0.005590421866666667,0.13333333333333333,1.1333333333333333,0.2777777777777778,0.5,56.1101911442601,0.329093982,5,0.03449701320626153,28,0.0,0.0,0.0,55.0,43.0,16.0,0.0,28.0,39.0,2.0,1.0,0.7818181818181819,0.5,0.0,0.0,1.8666666666666667,0.2909090909090909,0.5,51.721390290117064,0.33276343999999997,3,-0.04582442410379106,0.08385632800000001,4.388800854143035,-0.07770804515555563,1,0,1,62,3920405,Congo DR,Group Stage
0.08385632800000001,2.0,0.0,89.0,84.0,25.0,2.0,16.0,60.0,2.0,1.0,0.9438202247191011,0.9411764705882353,0.005590421866666667,0.13333333333333333,1.0666666666666667,0.2808988764044944,0.5,50.56396892203788,0.329093982,5,0.04498390459202928,29,0.043568656,1.0,0.0,51.0,38.0,17.0,1.0,27.0,36.0,2.0,1.0,0.7450980392156863,0.5,0.0029045770666666663,0.06666666666666667,1.8,0.3333333333333333,0.5,56.11768658641336,0.37633209599999995,4,-0.08254456670628663,0.04028767200000001,-5.553717664375483,-0.0803961006621724,1,0,1,61,3920405,Congo DR,Group Stage
0.08385632800000001,2.0,0.0,90.0,87.0,26.0,2.0,10.0,63.0,2.0,1.0,0.9666666666666667,0.9444444444444444,0.005590421866666667,0.13333333333333333,0.6666666666666666,0.28888888888888886,0.5,51.030267772612596,0.329093982,5,0.06783034653959485,30,0.043568656,1.0,0.0,50.0,38.0,12.0,1.0,28.0,29.0,1.0,1.0,0.76,0.25,0.0029045770666666663,0.06666666666666667,1.8666666666666667,0.24,1.0,56.07411922398452,0.37633209599999995,4,-0.06764260592197291,0.04028767200000001,-5.043851451371921,-0.3057394215111112,1,0,1,60,3920405,Congo DR,Group Stage
0.006564868,1.0,0.0,80.0,77.0,23.0,1.0,13.0,59.0,2.0,1.0,0.9625,0.9411764705882353,0.00043765786666666664,0.06666666666666667,0.8666666666666667,0.2875,0.5,50.18448999483482,0.329093982,5,0.0636636798729282,31,0.043568656,1.0,0.0,51.0,39.0,13.0,1.0,26.0,35.0,1.0,1.0,0.7647058823529411,0.4,0.0029045770666666663,0.06666666666666667,1.7333333333333334,0.2549019607843137,1.0,59.094119223984514,0.37633209599999995,4,-0.0629367235690318,-0.037003787999999996,-8.909629229149694,-0.15076717173333343,1,0,1,59,3920405,Congo DR,Group Stage
0.006564868,1.0,0.0,77.0,75.0,22.0,1.0,12.0,54.0,2.0,1.0,0.974025974025974,1.0,0.00043765786666666664,0.06666666666666667,0.8,0.2857142857142857,0.5,47.981823328168154,0.329093982,5,0.0751896538989022,32,0.043568656,1.0,0.0,45.0,34.0,12.0,1.0,24.0,33.0,1.0,1.0,0.7555555555555555,0.5,0.0029045770666666663,0.06666666666666667,1.6,0.26666666666666666,1.0,62.50638589065118,0.37633209599999995,4,-0.07208705036641738,-0.037003787999999996,-14.524562562483027,-0.11921955268571438,1,0,1,58,3920405,Congo DR,Group Stage
0.006564868,1.0,0.0,68.0,66.0,20.0,1.0,11.0,49.0,2.0,1.0,0.9705882352941176,1.0,0.00043765786666666664,0.06666666666666667,0.7333333333333333,0.29411764705882354,0.5,44.684403973329445,0.329093982,5,0.07175191516704582,33,0.043568656,1.0,0.0,37.0,27.0,11.0,1.0,22.0,29.0,0.0,0.0,0.7297297297297297,0.5,0.0029045770666666663,0.06666666666666667,1.4666666666666666,0.2972972972972973,,67.34753531593854,0.37633209599999995,4,-0.0979128761922432,-0.037003787999999996,-22.6631313426091,-0.07748285800784316,1,0,1,57,3920405,Congo DR,Group Stage
0.006564868,1.0,0.0,51.0,49.0,15.0,1.0,10.0,38.0,1.0,0.0,0.9607843137254902,1.0,0.00043765786666666664,0.06666666666666667,0.6666666666666666,0.29411764705882354,0.0,40.13762034759845,0.329093982,5,0.061947993598418405,34,0.043568656,1.0,0.0,36.0,27.0,10.0,1.0,16.0,26.0,0.0,0.0,0.75,0.6666666666666666,0.0029045770666666663,0.06666666666666667,1.0666666666666667,0.2777777777777778,,73.55602016442339,0.37633209599999995,4,-0.07764260592197292,-0.037003787999999996,-33.41839981682494,0.08918380865882347,1,0,1,56,3920405,Congo DR,Group Stage
0.006564868,1.0,0.0,41.0,39.0,12.0,1.0,10.0,30.0,1.0,0.0,0.9512195121951219,1.0,0.00043765786666666664,0.06666666666666667,0.6666666666666666,0.2926829268292683,0.0,34.971175903154,0.329093982,5,0.05238319206805009,35,0.043568656,1.0,0.0,32.0,23.0,9.0,1.0,13.0,25.0,0.0,0.0,0.71875,0.6666666666666666,0.0029045770666666663,0.06666666666666667,0.8666666666666667,0.28125,,78.78768683109004,0.37633209599999995,4,-0.10889260592197292,-0.037003787999999996,-43.816510927936044,0.18774908842926818,1,0,1,55,3920405,Congo DR,Group Stage
0.0,0.0,0.0,26.0,24.0,10.0,0.0,10.0,26.0,1.0,0.0,0.9230769230769231,1.0,0.0,0.0,0.6666666666666666,0.38461538461538464,0.0,32.10833902372138,0.329093982,5,0.02424060294985131,36,0.043568656,1.0,0.0,29.0,21.0,8.0,1.0,9.0,24.0,0.0,0.0,0.7241379310344828,0.6666666666666666,0.0029045770666666663,0.06666666666666667,0.6,0.27586206896551724,,82.91556561896886,0.37633209599999995,4,-0.10350467488749016,-0.043568656,-50.80722659524748,0.4121395638153846,1,0,1,54,3920405,Congo DR,Group Stage
0.0,0.0,0.0,20.0,18.0,9.0,0.0,10.0,26.0,1.0,0.0,0.9,1.0,0.0,0.0,0.6666666666666666,0.45,0.0,30.0867703962704,0.329093982,5,0.0011636798729282027,37,0.043568656,1.0,0.0,25.0,18.0,7.0,1.0,9.0,24.0,0.0,0.0,0.72,0.6666666666666666,0.0029045770666666663,0.06666666666666667,0.6,0.28,,87.73812972153294,0.37633209599999995,4,-0.10764260592197294,-0.043568656,-57.65135932526255,0.47752417919999995,1,0,1,53,3920405,Congo DR,Group Stage
0.0,0.0,0.0,18.0,16.0,8.0,0.0,6.0,19.0,1.0,0.0,0.8888888888888888,1.0,0.0,0.0,0.4,0.4444444444444444,0.0,27.14164219114219,0.329093982,5,-0.00994743123818298,38,0.043568656,1.0,0.0,22.0,15.0,7.0,1.0,7.0,16.0,0.0,0.0,0.6818181818181818,0.5,0.0029045770666666663,0.06666666666666667,0.4666666666666667,0.3181818181818182,,91.07990749931074,0.37633209599999995,4,-0.14582442410379115,-0.043568656,-63.938265308168546,0.40530195697777766,1,0,1,52,3920405,Congo DR,Group Stage
0.0,0.0,0.0,18.0,16.0,8.0,0.0,6.0,19.0,1.0,0.0,0.8888888888888888,1.0,0.0,0.0,0.4,0.4444444444444444,0.0,24.196513986013986,0.329093982,5,-0.00994743123818298,39,0.043568656,1.0,0.0,22.0,15.0,7.0,1.0,7.0,16.0,0.0,0.0,0.6818181818181818,0.5,0.0029045770666666663,0.06666666666666667,0.4666666666666667,0.3181818181818182,,94.4216852770885,0.37633209599999995,4,-0.14582442410379115,-0.043568656,-70.22517129107452,0.40530195697777766,1,0,1,51,3920405,Congo DR,Group Stage
0.0,0.0,0.0,18.0,16.0,8.0,0.0,6.0,19.0,1.0,0.0,0.8888888888888888,1.0,0.0,0.0,0.4,0.4444444444444444,0.0,21.251385780885776,0.329093982,5,-0.00994743123818298,40,0.043568656,1.0,0.0,21.0,15.0,6.0,1.0,7.0,16.0,0.0,0.0,0.7142857142857143,0.5,0.0029045770666666663,0.06666666666666667,0.4666666666666667,0.2857142857142857,,96.4416852770885,0.37633209599999995,4,-0.11335689163625862,-0.043568656,-75.19029949620273,0.40530195697777766,1,0,1,50,3920405,Congo DR,Group Stage
0.0,0.0,0.0,18.0,16.0,8.0,0.0,6.0,19.0,1.0,0.0,0.8888888888888888,1.0,0.0,0.0,0.4,0.4444444444444444,0.0,17.99959090909091,0.329093982,5,-0.00994743123818298,41,0.827068656,2.0,0.0,21.0,15.0,6.0,1.0,7.0,16.0,0.0,0.0,0.7142857142857143,0.5,0.055137910400000004,0.13333333333333333,0.4666666666666667,0.2857142857142857,,98.14835194375517,1.159832096,5,-0.11335689163625862,-0.827068656,-80.14876103466426,0.30083529031111106,1,0,1,49,3920405,Congo DR,Group Stage
0.0,0.0,0.0,16.0,13.0,6.0,0.0,7.0,23.0,1.0,0.0,0.8125,0.8,0.0,0.0,0.4666666666666667,0.375,0.0,17.323833333333333,0.329093982,5,-0.08633632012707182,42,0.827068656,2.0,0.0,21.0,16.0,6.0,1.0,8.0,17.0,0.0,0.0,0.7619047619047619,1.0,0.055137910400000004,0.13333333333333333,0.5333333333333333,0.2857142857142857,,99.10691254981579,1.159832096,5,-0.06573784401721106,-0.827068656,-81.78307921648246,0.23139084586666675,1,0,1,48,3920405,Congo DR,Group Stage
0.0,0.0,0.0,12.0,9.0,4.0,0.0,8.0,26.0,1.0,0.0,0.75,0.6666666666666666,0.0,0.0,0.5333333333333333,0.3333333333333333,0.0,17.57536111111111,0.329093982,5,-0.14883632012707182,43,0.827068656,2.0,0.0,21.0,17.0,5.0,1.0,10.0,20.0,1.0,1.0,0.8095238095238095,1.0,0.055137910400000004,0.13333333333333333,0.6666666666666666,0.23809523809523808,1.0,99.10172736463058,1.159832096,5,-0.018118796398163384,-0.827068656,-81.52636625351947,0.15639084586666668,1,0,1,47,3920405,Congo DR,Group Stage
0.0,0.0,0.0,13.0,10.0,5.0,0.0,9.0,33.0,1.0,0.0,0.7692307692307693,0.6666666666666666,0.0,0.0,0.6,0.38461538461538464,0.0,21.784805555555554,0.329093982,5,-0.12960555089630255,44,0.7835,1.0,0.0,21.0,16.0,6.0,0.0,13.0,23.0,1.0,1.0,0.7619047619047619,1.0,0.05223333333333333,0.06666666666666667,0.8666666666666667,0.2857142857142857,1.0,95.89450514240838,1.159832096,5,-0.06573784401721106,-0.7835,-74.10969958685283,0.14681538461538457,1,0,1,46,3920405,Congo DR,Group Stage
0.0,0.0,0.0,9.0,4.0,4.0,0.0,14.0,27.0,1.0,0.0,0.4444444444444444,0.25,0.0,0.0,0.9333333333333333,0.4444444444444444,0.0,22.631757936507938,0.329093982,5,-0.4543918756826274,45,0.7835,1.0,0.0,24.0,18.0,9.0,0.0,10.0,31.0,1.0,1.0,0.75,0.75,0.05223333333333333,0.06666666666666667,0.6666666666666666,0.375,1.0,95.30262755762756,1.159832096,5,-0.07764260592197292,-0.7835,-72.67086962111962,0.47331111111111107,1,0,1,45,3920405,Congo DR,Group Stage
0.0,0.0,0.0,17.0,10.0,7.0,0.0,14.0,38.0,1.0,0.0,0.5882352941176471,0.5,0.0,0.0,0.9333333333333333,0.4117647058823529,0.0,25.517865463389658,0.329093982,5,-0.31060102600942474,46,0.83099857,2.0,0.0,31.0,23.0,9.0,1.0,15.0,30.0,1.0,1.0,0.7419354838709677,0.75,0.055399904666666666,0.13333333333333333,1.0,0.2903225806451613,1.0,93.69898778276826,1.2073306659999998,6,-0.08570712205100517,-0.83099857,-68.1811223193786,0.26763156321568626,1,0,1,44,3920405,Congo DR,Group Stage
0.0,0.0,0.0,22.0,13.0,9.0,0.0,15.0,40.0,1.0,0.0,0.5909090909090909,0.4444444444444444,0.0,0.0,1.0,0.4090909090909091,0.0,27.611198796722988,0.329093982,5,-0.3079272292179809,47,0.83099857,2.0,0.0,38.0,29.0,11.0,1.0,16.0,33.0,1.0,1.0,0.7631578947368421,0.8,0.055399904666666666,0.13333333333333333,1.0666666666666667,0.2894736842105263,1.0,89.26935815313864,1.2073306659999998,6,-0.06448471118513077,-0.83099857,-61.65815935641565,0.2649577664242425,1,0,1,43,3920405,Congo DR,Group Stage
0.0,0.0,0.0,40.0,29.0,14.0,0.0,21.0,54.0,3.0,2.0,0.725,0.4444444444444444,0.0,0.0,1.4,0.35,0.6666666666666666,30.441968027492223,0.329093982,5,-0.17383632012707184,48,0.83099857,2.0,0.0,48.0,36.0,13.0,1.0,22.0,41.0,1.0,1.0,0.75,0.7142857142857143,0.055399904666666666,0.13333333333333333,1.4666666666666666,0.2708333333333333,1.0,86.25209319587368,1.2073306659999998,6,-0.07764260592197292,-0.83099857,-55.81012516838146,0.2058668573333332,1,0,1,42,3920405,Congo DR,Group Stage
0.0,0.0,0.0,49.0,37.0,17.0,0.0,22.0,59.0,3.0,2.0,0.7551020408163265,0.5,0.0,0.0,1.4666666666666666,0.3469387755102041,0.6666666666666666,32.878009694158884,0.329093982,5,-0.14373427931074534,49,0.83099857,2.0,0.0,59.0,44.0,16.0,1.0,25.0,42.0,1.0,1.0,0.7457627118644068,0.7142857142857143,0.055399904666666666,0.13333333333333333,1.6666666666666667,0.2711864406779661,1.0,82.85746356624405,1.2073306659999998,6,-0.08187989405756613,-0.83099857,-49.979453872085166,0.1361389661768707,1,0,1,41,3920405,Congo DR,Group Stage
0.0,0.0,0.0,68.0,53.0,24.0,0.0,26.0,74.0,4.0,2.0,0.7794117647058824,0.5833333333333334,0.0,0.0,1.7333333333333334,0.35294117647058826,0.5,36.747697194158896,0.329093982,5,-0.11942455542118946,50,0.83099857,2.0,0.0,65.0,47.0,18.0,1.0,31.0,52.0,1.0,1.0,0.7230769230769231,0.5555555555555556,0.055399904666666666,0.13333333333333333,2.066666666666667,0.27692307692307694,1.0,78.75028407906457,1.2073306659999998,6,-0.10456568284504986,-0.83099857,-42.002586884905675,0.07547470047058824,1,0,1,40,3920405,Congo DR,Group Stage
0.15618598,1.0,0.0,75.0,58.0,28.0,1.0,28.0,75.0,4.0,2.0,0.7733333333333333,0.5384615384615384,0.010412398666666666,0.06666666666666667,1.8666666666666667,0.37333333333333335,0.5,41.30012143658313,0.485279962,6,-0.1255029867937385,51,0.83099857,2.0,0.0,72.0,52.0,21.0,1.0,31.0,58.0,1.0,1.0,0.7222222222222222,0.6,0.055399904666666666,0.13333333333333333,2.066666666666667,0.2916666666666667,1.0,74.3057226755558,1.2073306659999998,6,-0.10542038369975071,-0.6748125899999999,-33.005601238972666,0.18335832133333319,1,0,1,39,3920405,Congo DR,Group Stage
0.15618598,1.0,0.0,86.0,68.0,33.0,1.0,31.0,86.0,5.0,2.0,0.7906976744186046,0.625,0.010412398666666666,0.06666666666666667,2.066666666666667,0.38372093023255816,0.4,44.80523771565289,0.485279962,6,-0.10813864570846721,52,0.83099857,2.0,0.0,84.0,62.0,24.0,1.0,36.0,67.0,1.0,1.0,0.7380952380952381,0.5454545454545454,0.055399904666666666,0.13333333333333333,2.4,0.2857142857142857,1.0,70.33932267555579,1.2073306659999998,6,-0.08954736782673478,-0.6748125899999999,-25.5340849599029,0.12707925156589162,1,0,1,38,3920405,Congo DR,Group Stage
0.243451956,2.0,0.0,88.0,70.0,33.0,2.0,32.0,89.0,6.0,3.0,0.7954545454545454,0.625,0.0162301304,0.13333333333333333,2.1333333333333333,0.375,0.5,49.27857104898623,0.572545938,7,-0.1033817746725264,53,0.83099857,2.0,0.0,93.0,70.0,31.0,1.0,37.0,69.0,1.0,1.0,0.7526881720430108,0.5454545454545454,0.055399904666666666,0.13333333333333333,2.466666666666667,0.3333333333333333,1.0,67.02932267555579,1.2073306659999998,6,-0.07495443387896217,-0.587546614,-17.75075162656956,0.1299937847999999,1,0,1,37,3920405,Congo DR,Group Stage
0.243451956,2.0,0.0,101.0,81.0,38.0,2.0,36.0,97.0,6.0,3.0,0.801980198019802,0.6842105263157895,0.0162301304,0.13333333333333333,2.4,0.37623762376237624,0.5,53.57063454104972,0.572545938,7,-0.0968561221072698,54,0.83099857,2.0,0.0,95.0,71.0,32.0,1.0,40.0,76.0,1.0,1.0,0.7473684210526316,0.5833333333333334,0.055399904666666666,0.13333333333333333,2.6666666666666665,0.3368421052631579,1.0,62.53421156444469,1.2073306659999998,6,-0.08027418486934135,-0.587546614,-8.963577023394969,0.16456474189570947,1,0,1,36,3920405,Congo DR,Group Stage
0.243451956,2.0,0.0,103.0,81.0,40.0,2.0,41.0,101.0,6.0,3.0,0.7864077669902912,0.65,0.0162301304,0.13333333333333333,2.7333333333333334,0.3883495145631068,0.5,56.03832684874203,0.572545938,7,-0.11242855313678057,55,0.854336364,3.0,0.0,106.0,78.0,37.0,2.0,41.0,83.0,1.0,1.0,0.7358490566037735,0.5714285714285714,0.056955757600000004,0.2,2.7333333333333334,0.3490566037735849,1.0,59.67754489777801,1.2306684599999997,7,-0.09179354931819939,-0.610884408,-3.639218049035982,0.30689826016310673,1,0,1,35,3920405,Congo DR,Group Stage
0.243451956,2.0,0.0,107.0,83.0,43.0,2.0,42.0,104.0,6.0,3.0,0.7757009345794392,0.65,0.0162301304,0.13333333333333333,2.8,0.40186915887850466,0.5,57.235762746177926,0.572545938,7,-0.12313538554763259,56,0.070836364,2.0,0.0,111.0,82.0,39.0,2.0,42.0,86.0,1.0,1.0,0.7387387387387387,0.6,0.004722424266666666,0.13333333333333333,2.8,0.35135135135135137,1.0,57.09046156444468,1.2306684599999997,7,-0.08890386718323418,0.17261559199999998,0.14530118173324524,0.4248845711451714,1,0,1,34,3920405,Congo DR,Group Stage
0.243451956,2.0,0.0,111.0,88.0,45.0,2.0,40.0,99.0,5.0,3.0,0.7927927927927928,0.6842105263157895,0.0162301304,0.13333333333333333,2.6666666666666665,0.40540540540540543,0.6,57.086873857289035,0.572545938,7,-0.10604352733427902,57,0.070836364,2.0,0.0,114.0,85.0,40.0,2.0,42.0,82.0,1.0,1.0,0.7456140350877193,0.5714285714285714,0.004722424266666666,0.13333333333333333,2.8,0.3508771929824561,1.0,56.85366021764334,1.2306684599999997,7,-0.08202857083425363,0.17261559199999998,0.2332136396456974,0.3617541510054054,1,0,1,33,3920405,Congo DR,Group Stage
0.243451956,2.0,0.0,118.0,94.0,48.0,2.0,37.0,91.0,5.0,3.0,0.7966101694915254,0.7058823529411765,0.0162301304,0.13333333333333333,2.466666666666667,0.4067796610169492,0.6,56.89482138815324,0.572545938,7,-0.10222615063554641,58,0.070836364,2.0,0.0,114.0,85.0,42.0,2.0,38.0,77.0,0.0,0.0,0.7456140350877193,0.5714285714285714,0.004722424266666666,0.13333333333333333,2.533333333333333,0.3684210526315789,,55.01248176646489,1.2306684599999997,7,-0.08202857083425363,0.17261559199999998,1.8823396216883523,0.39646173995028255,1,0,1,32,3920405,Congo DR,Group Stage
0.243451956,2.0,0.0,130.0,105.0,51.0,2.0,37.0,85.0,5.0,3.0,0.8076923076923077,0.6666666666666666,0.0162301304,0.13333333333333333,2.466666666666667,0.3923076923076923,0.6,54.97654653435207,0.572545938,7,-0.09114401243476411,59,0.070836364,2.0,0.0,118.0,91.0,42.0,2.0,36.0,74.0,0.0,0.0,0.7711864406779662,0.5714285714285714,0.004722424266666666,0.13333333333333333,2.4,0.3559322033898305,,54.78337065535378,1.2306684599999997,7,-0.05645616524400676,0.17261559199999998,0.19317587899828936,0.4486564379076925,1,0,1,31,3920405,Congo DR,Group Stage
0.243451956,2.0,0.0,130.0,106.0,51.0,2.0,32.0,83.0,5.0,3.0,0.8153846153846154,0.7222222222222222,0.0162301304,0.13333333333333333,2.1333333333333333,0.3923076923076923,0.6,52.11781637562191,0.572545938,7,-0.08345170474245645,60,0.070836364,2.0,0.0,113.0,86.0,43.0,2.0,35.0,66.0,0.0,0.0,0.7610619469026548,0.5833333333333334,0.004722424266666666,0.13333333333333333,2.3333333333333335,0.3805309734513274,,55.95848536520533,1.2306684599999997,7,-0.06658065901931809,0.17261559199999998,-3.8406689895834134,0.31532310457435875,1,0,1,30,3920405,Congo DR,Group Stage
0.243451956,2.0,0.0,138.0,115.0,54.0,2.0,31.0,75.0,5.0,3.0,0.8333333333333334,0.6666666666666666,0.0162301304,0.13333333333333333,2.066666666666667,0.391304347826087,0.6,50.74224218207352,0.572545938,7,-0.06550298679373845,61,0.023337794,1.0,0.0,103.0,78.0,41.0,1.0,32.0,65.0,0.0,0.0,0.7572815533980582,0.5833333333333334,0.0015558529333333333,0.06666666666666667,2.1333333333333333,0.39805825242718446,,56.10047271841219,1.2306684599999997,7,-0.07036105252391467,0.220114162,-5.358230536338674,0.3873195694260869,1,0,1,29,3920405,Congo DR,Group Stage
0.243451956,2.0,0.0,136.0,115.0,53.0,2.0,30.0,78.0,5.0,3.0,0.8455882352941176,0.7333333333333333,0.0162301304,0.13333333333333333,2.0,0.3897058823529412,0.6,53.41224218207353,0.572545938,7,-0.05324808483295418,62,0.023337794,1.0,0.0,95.0,72.0,39.0,1.0,33.0,61.0,0.0,0.0,0.7578947368421053,0.5454545454545454,0.0015558529333333333,0.06666666666666667,2.2,0.4105263157894737,,55.71454679248627,1.2306684599999997,7,-0.06974786907986763,0.220114162,-2.3023046104127403,0.3190544372862745,1,0,1,28,3920405,Congo DR,Group Stage
0.243451956,2.0,0.0,118.0,99.0,48.0,2.0,24.0,64.0,3.0,1.0,0.8389830508474576,0.7333333333333333,0.0162301304,0.13333333333333333,1.6,0.4067796610169492,0.3333333333333333,55.34480628463762,0.572545938,7,-0.05985326927961421,63,0.023337794,1.0,0.0,85.0,65.0,37.0,1.0,27.0,53.0,0.0,0.0,0.7647058823529411,0.5555555555555556,0.0015558529333333333,0.06666666666666667,1.8,0.43529411764705883,,53.91625619419567,1.2306684599999997,7,-0.0629367235690318,0.220114162,1.4285500904419521,0.3361282159502824,1,0,1,27,3920405,Congo DR,Group Stage
0.2489971167,3.0,0.0,111.0,93.0,45.0,2.0,26.0,62.0,3.0,1.0,0.8378378378378378,0.7142857142857143,0.01659980778,0.2,1.7333333333333334,0.40540540540540543,0.3333333333333333,55.27409795130429,0.5780910987,8,-0.06099848228923399,64,0.285540624,2.0,0.0,86.0,68.0,38.0,2.0,26.0,54.0,0.0,0.0,0.7906976744186046,0.5555555555555556,0.0190360416,0.13333333333333333,1.7333333333333334,0.4418604651162791,,53.92457003435161,1.4928712899999996,8,-0.036944931503368306,-0.03654350730000003,1.349527916952681,0.4005329377654052,1,0,1,26,3920405,Congo DR,Group Stage
0.2489971167,3.0,0.0,95.0,79.0,39.0,2.0,24.0,49.0,2.0,1.0,0.8315789473684211,0.6666666666666666,0.01659980778,0.2,1.6,0.4105263157894737,0.5,52.85107711797095,0.5780910987,8,-0.06725737275865074,65,0.285540624,2.0,0.0,84.0,68.0,38.0,2.0,20.0,51.0,1.0,1.0,0.8095238095238095,0.7142857142857143,0.0190360416,0.13333333333333333,1.3333333333333333,0.4523809523809524,1.0,54.78753899521531,1.4928712899999996,8,-0.018118796398163384,-0.03654350730000003,-1.936461877244355,0.538987181482807,1,0,1,25,3920405,Congo DR,Group Stage
0.09281113669999999,2.0,0.0,91.0,76.0,38.0,1.0,23.0,48.0,2.0,1.0,0.8351648351648352,0.7272727272727273,0.006187409113333333,0.13333333333333333,1.5333333333333334,0.4175824175824176,0.5,51.81531954221338,0.5780910987,8,-0.06367148496223662,66,0.285540624,2.0,0.0,80.0,66.0,37.0,2.0,20.0,47.0,1.0,1.0,0.825,0.6666666666666666,0.0190360416,0.13333333333333333,1.3333333333333333,0.4625,1.0,54.906100398724085,1.4928712899999996,8,-0.0026426059219729625,-0.19272948730000003,-3.0907808565107047,0.4918851526090843,1,0,1,24,3920405,Congo DR,Group Stage
0.09281113669999999,2.0,0.0,81.0,66.0,34.0,1.0,21.0,37.0,1.0,1.0,0.8148148148148148,0.625,0.006187409113333333,0.13333333333333333,1.4,0.41975308641975306,1.0,52.22353659647695,0.5780910987,8,-0.08402150531225705,67,0.285540624,2.0,0.0,70.0,57.0,35.0,2.0,15.0,40.0,1.0,1.0,0.8142857142857143,0.6666666666666666,0.0190360416,0.13333333333333333,1.0,0.5,1.0,54.43805595427963,1.4928712899999996,8,-0.013356891636258639,-0.19272948730000003,-2.2145193578026863,0.5940558214464196,1,0,1,23,3920405,Congo DR,Group Stage
0.0055451607,1.0,0.0,89.0,72.0,37.0,0.0,23.0,47.0,0.0,0.0,0.8089887640449438,0.5454545454545454,0.00036967738,0.06666666666666667,1.5333333333333334,0.4157303370786517,,50.696108025048375,0.5780910987,8,-0.08984755608212802,68,0.285540624,2.0,0.0,66.0,53.0,30.0,2.0,20.0,46.0,1.0,1.0,0.803030303030303,0.75,0.0190360416,0.13333333333333333,1.3333333333333333,0.45454545454545453,1.0,54.20395339017707,1.4928712899999996,8,-0.024612302891669935,-0.2799954633,-3.507845365128695,0.4783976086386518,1,0,1,22,3920405,Congo DR,Group Stage
0.0055451607,1.0,0.0,76.0,61.0,32.0,0.0,19.0,39.0,0.0,0.0,0.8026315789473685,0.375,0.00036967738,0.06666666666666667,1.2666666666666666,0.42105263157894735,,49.34994929488965,0.5780910987,8,-0.09620474117970335,69,0.285540624,2.0,0.0,64.0,52.0,29.0,2.0,17.0,39.0,1.0,1.0,0.8125,0.7142857142857143,0.0190360416,0.13333333333333333,1.1333333333333333,0.453125,1.0,55.15496193718562,1.4928712899999996,8,-0.015142605921972918,-0.2799954633,-5.805012642295971,0.45038656980561376,1,0,1,21,3920405,Congo DR,Group Stage
0.0055451607,1.0,0.0,74.0,61.0,30.0,0.0,14.0,35.0,0.0,0.0,0.8243243243243243,0.42857142857142855,0.00036967738,0.06666666666666667,0.9333333333333333,0.40540540540540543,,49.8281617491021,0.5780910987,8,-0.07451199580274748,70,0.26220283,1.0,0.0,53.0,45.0,24.0,1.0,16.0,32.0,1.0,1.0,0.8490566037735849,0.8,0.017480188666666667,0.06666666666666667,1.0666666666666667,0.4528301886792453,1.0,54.46752603974973,1.4928712899999996,8,0.02141399785161202,-0.2566576693,-4.639364290647627,0.30451771616540546,1,0,1,20,3920405,Congo DR,Group Stage
0.0055451607,1.0,0.0,72.0,59.0,29.0,0.0,13.0,33.0,0.0,0.0,0.8194444444444444,0.42857142857142855,0.00036967738,0.06666666666666667,0.8666666666666667,0.4027777777777778,,53.7096147405551,0.5780910987,8,-0.0793918756826274,71,0.26220283,1.0,0.0,51.0,42.0,25.0,1.0,15.0,31.0,1.0,1.0,0.8235294117647058,0.8,0.017480188666666667,0.06666666666666667,1.0,0.49019607843137253,1.0,52.480323658797346,1.4928712899999996,8,-0.004113194157267075,-0.2566576693,1.2292910817577507,0.30189008853777777,1,0,1,19,3920405,Congo DR,Group Stage
0.0055451607,1.0,0.0,66.0,54.0,26.0,0.0,14.0,32.0,0.0,0.0,0.8181818181818182,0.42857142857142855,0.00036967738,0.06666666666666667,0.9333333333333333,0.3939393939393939,,52.86517029611064,0.5780910987,8,-0.08065450194525359,72,0.26220283,1.0,0.0,55.0,46.0,26.0,1.0,13.0,31.0,1.0,1.0,0.8363636363636363,0.8,0.017480188666666667,0.06666666666666667,0.8666666666666667,0.4727272727272727,1.0,53.10134217731586,1.4928712899999996,8,0.008721030441663391,-0.2566576693,-0.23617188120521604,0.3930517046993939,1,0,1,18,3920405,Congo DR,Group Stage
0.0055451607,1.0,0.0,56.0,46.0,23.0,0.0,16.0,33.0,0.0,0.0,0.8214285714285714,0.42857142857142855,0.00036967738,0.06666666666666667,1.0666666666666667,0.4107142857142857,,48.99763943191312,0.5780910987,8,-0.07740774869850042,73,0.26220283,1.0,0.0,55.0,45.0,23.0,1.0,13.0,33.0,1.0,1.0,0.8181818181818182,0.6666666666666666,0.017480188666666667,0.06666666666666667,0.8666666666666667,0.41818181818181815,1.0,58.177705813679495,1.4928712899999996,8,-0.009460787740154686,-0.2566576693,-9.180066381766373,0.4764932631409523,1,0,1,17,3920405,Congo DR,Group Stage
0.0055451607,1.0,0.0,45.0,34.0,20.0,0.0,17.0,33.0,0.0,0.0,0.7555555555555555,0.5,0.00036967738,0.06666666666666667,1.1333333333333333,0.4444444444444444,,49.72869206349206,0.5780910987,8,-0.14328076457151628,74,0.26220283,1.0,0.0,51.0,39.0,22.0,1.0,13.0,35.0,1.0,1.0,0.7647058823529411,0.5714285714285714,0.017480188666666667,0.06666666666666667,0.8666666666666667,0.43137254901960786,1.0,58.40987248034616,1.4928712899999996,8,-0.0629367235690318,-0.2566576693,-8.681180416854097,0.5435567552044442,1,0,1,16,3920405,Congo DR,Group Stage
0.0055451607,1.0,0.0,43.0,32.0,19.0,0.0,19.0,32.0,0.0,0.0,0.7441860465116279,0.4,0.00036967738,0.06666666666666667,1.2666666666666666,0.4418604651162791,,52.765993650793654,0.5780910987,8,-0.15465027361544392,75,0.5948987299999999,2.0,1.0,52.0,41.0,20.0,1.0,13.0,39.0,1.0,1.0,0.7884615384615384,0.5,0.03965991533333333,0.13333333333333333,0.8666666666666667,0.38461538461538464,1.0,57.75234324058009,1.8255671899999997,9,-0.03918106746043448,-0.5893535692999999,-4.986349589786435,0.5632799892096123,1,1,0,15,3920405,Congo DR,Group Stage
0.0055451607,1.0,0.0,27.0,17.0,13.0,0.0,17.0,28.0,0.0,0.0,0.6296296296296297,0.5,0.00036967738,0.06666666666666667,1.1333333333333333,0.48148148148148145,,52.78765079365079,0.5780910987,8,-0.26920669049744217,76,0.5948987299999999,2.0,1.0,51.0,40.0,19.0,1.0,11.0,34.0,1.0,1.0,0.7843137254901961,0.42857142857142855,0.03965991533333333,0.13333333333333333,0.7333333333333333,0.37254901960784315,1.0,58.72799138872823,1.8255671899999997,9,-0.04332888043177685,-0.5893535692999999,-5.940340595077437,0.6029010055748147,1,1,0,14,3920405,Congo DR,Group Stage
0.0055451607,1.0,0.0,41.0,30.0,13.0,0.0,17.0,27.0,1.0,0.0,0.7317073170731707,0.5,0.00036967738,0.06666666666666667,1.1333333333333333,0.3170731707317073,0.0,51.9329072039072,0.5780910987,8,-0.1671290030539011,77,0.5948987299999999,2.0,1.0,52.0,41.0,20.0,1.0,11.0,35.0,1.0,1.0,0.7884615384615384,0.42857142857142855,0.03965991533333333,0.13333333333333333,0.7333333333333333,0.38461538461538464,1.0,57.66688027761712,1.8255671899999997,9,-0.03918106746043448,-0.5893535692999999,-5.733973073709919,0.43849269482504055,1,1,0,13,3920405,Congo DR,Group Stage
0.0055451607,1.0,0.0,41.0,30.0,13.0,0.0,19.0,29.0,1.0,0.0,0.7317073170731707,0.5,0.00036967738,0.06666666666666667,1.2666666666666666,0.3170731707317073,0.0,49.580240537240535,0.5780910987,8,-0.1671290030539011,78,1.03252971,3.0,1.0,57.0,46.0,22.0,2.0,11.0,39.0,2.0,1.0,0.8070175438596491,0.5,0.068835314,0.2,0.7333333333333333,0.38596491228070173,0.5,59.75261127176916,2.26319817,10,-0.02062506206232384,-1.0269845492999998,-10.172370734528627,0.44680856415837394,1,1,0,12,3920405,Congo DR,Group Stage
0.0,0.0,0.0,41.0,29.0,14.0,0.0,18.0,33.0,1.0,0.0,0.7073170731707317,0.5,0.0,0.0,1.2,0.34146341463414637,0.0,47.6629072039072,0.5780910987,8,-0.19151924695634015,79,0.77032688,2.0,1.0,48.0,38.0,19.0,1.0,11.0,43.0,2.0,1.0,0.7916666666666666,0.5,0.051355125333333335,0.13333333333333333,0.7333333333333333,0.3958333333333333,0.5,62.340139182454976,2.26319817,10,-0.03597593925530629,-0.77032688,-14.677231978547773,0.47208649730081303,1,1,0,11,3920405,Congo DR,Group Stage
0.0,0.0,0.0,40.0,28.0,15.0,0.0,18.0,34.0,1.0,0.0,0.7,0.5,0.0,0.0,1.2,0.375,0.0,48.1609072039072,0.5780910987,8,-0.19883632012707186,80,0.77032688,2.0,1.0,51.0,40.0,19.0,1.0,12.0,41.0,1.0,0.0,0.7843137254901961,0.5,0.051355125333333335,0.13333333333333333,0.8,0.37254901960784315,0.0,63.04087144790119,2.26319817,10,-0.04332888043177685,-0.77032688,-14.879964243993989,0.47228974933333323,1,1,0,10,3920405,Congo DR,Group Stage
0.0,0.0,0.0,47.0,33.0,15.0,0.0,18.0,42.0,1.0,0.0,0.7021276595744681,0.5555555555555556,0.0,0.0,1.2,0.3191489361702128,0.0,47.681740537240536,0.5780910987,8,-0.19670866055260372,81,0.77032688,2.0,1.0,50.0,39.0,18.0,1.0,15.0,42.0,1.0,0.0,0.78,0.5,0.051355125333333335,0.13333333333333333,1.0,0.36,0.0,64.56020478123453,2.26319817,10,-0.04764260592197289,-0.77032688,-16.878464243993996,0.31643868550354615,1,1,0,9,3920405,Congo DR,Group Stage
0.0,0.0,0.0,50.0,35.0,16.0,0.0,19.0,43.0,1.0,0.0,0.7,0.5555555555555556,0.0,0.0,1.2666666666666666,0.32,0.0,46.62316910866911,0.5780910987,8,-0.19883632012707186,82,0.77032688,2.0,1.0,52.0,40.0,19.0,1.0,15.0,43.0,1.0,0.0,0.7692307692307693,0.5555555555555556,0.051355125333333335,0.13333333333333333,1.0,0.36538461538461536,0.0,64.53926461029435,2.26319817,10,-0.058411836691203645,-0.77032688,-17.916095501625243,0.35062308266666675,1,1,0,8,3920405,Congo DR,Group Stage
0.0,0.0,0.0,40.0,27.0,13.0,0.0,16.0,30.0,1.0,0.0,0.675,0.6666666666666666,0.0,0.0,1.0666666666666667,0.325,0.0,46.532026251526254,0.5780910987,8,-0.22383632012707178,83,0.77032688,2.0,1.0,47.0,36.0,17.0,1.0,9.0,35.0,1.0,0.0,0.7659574468085106,0.42857142857142855,0.051355125333333335,0.13333333333333333,0.6,0.3617021276595745,0.0,63.6279825590123,2.26319817,10,-0.061685159113462285,-0.77032688,-17.09595630748605,0.4556230826666668,1,1,0,7,3920405,Congo DR,Group Stage
0.0,0.0,0.0,46.0,32.0,17.0,0.0,16.0,32.0,1.0,0.0,0.6956521739130435,0.7142857142857143,0.0,0.0,1.0666666666666667,0.3695652173913043,0.0,47.71805131418289,0.5780910987,8,-0.20318414621402836,84,0.77032688,2.0,1.0,47.0,36.0,17.0,1.0,10.0,35.0,1.0,0.0,0.7659574468085106,0.42857142857142855,0.051355125333333335,0.13333333333333333,0.6666666666666666,0.3617021276595745,0.0,64.24875178978154,2.26319817,10,-0.061685159113462285,-0.77032688,-16.53070047559865,0.4668549667246377,1,1,0,6,3920405,Congo DR,Group Stage
0.0,0.0,0.0,57.0,42.0,20.0,0.0,18.0,38.0,2.0,1.0,0.7368421052631579,0.75,0.0,0.0,1.2,0.3508771929824561,0.5,48.694183589315166,0.5780910987,8,-0.16199421486391397,85,0.77032688,2.0,1.0,50.0,38.0,18.0,1.0,13.0,37.0,1.0,0.0,0.76,0.375,0.051355125333333335,0.13333333333333333,0.8666666666666667,0.36,0.0,64.31029025132,2.26319817,10,-0.06764260592197291,-0.77032688,-15.616106662004832,0.414833608982456,1,1,0,5,3920405,Congo DR,Group Stage
0.0,0.0,0.0,55.0,42.0,18.0,0.0,19.0,39.0,3.0,1.0,0.7636363636363637,0.75,0.0,0.0,1.2666666666666666,0.32727272727272727,0.3333333333333333,50.27529470042627,0.5780910987,8,-0.13519995649070815,86,0.77032688,2.0,1.0,47.0,37.0,15.0,1.0,15.0,38.0,1.0,0.0,0.7872340425531915,0.2857142857142857,0.051355125333333335,0.13333333333333333,1.0,0.3191489361702128,0.0,63.067242632272375,2.26319817,10,-0.0404085633687814,-0.77032688,-12.791947931846103,0.35789580993939385,1,1,0,4,3920405,Congo DR,Group Stage
0.0,0.0,0.0,55.0,42.0,18.0,0.0,18.0,39.0,3.0,1.0,0.7636363636363637,0.75,0.0,0.0,1.2,0.32727272727272727,0.3333333333333333,54.148628033759614,0.5780910987,8,-0.13519995649070815,87,0.77032688,2.0,1.0,38.0,28.0,13.0,1.0,15.0,37.0,1.0,0.0,0.7368421052631579,0.2857142857142857,0.051355125333333335,0.13333333333333333,1.0,0.34210526315789475,0.0,60.306298187827934,2.26319817,10,-0.09080050065881506,-0.77032688,-6.15767015406832,0.32456247660606063,1,1,0,3,3920405,Congo DR,Group Stage
0.0,0.0,0.0,55.0,42.0,18.0,0.0,16.0,38.0,3.0,1.0,0.7636363636363637,0.75,0.0,0.0,1.0666666666666667,0.32727272727272727,0.3333333333333333,60.30529470042628,0.5780910987,8,-0.13519995649070815,88,0.77032688,2.0,1.0,35.0,27.0,13.0,1.0,15.0,35.0,1.0,0.0,0.7714285714285715,0.3333333333333333,0.051355125333333335,0.13333333333333333,1.0,0.37142857142857144,0.0,54.162298187827936,2.26319817,10,-0.056214034493401455,-0.77032688,6.142996512598344,0.257895809939394,1,1,0,2,3920405,Congo DR,Group Stage
0.0,0.0,0.0,54.0,42.0,18.0,0.0,16.0,37.0,3.0,1.0,0.7777777777777778,0.75,0.0,0.0,1.0666666666666667,0.3333333333333333,0.3333333333333333,58.94455395968554,0.5780910987,8,-0.12105854234929403,89,0.81736542,3.0,1.0,37.0,30.0,13.0,1.0,14.0,37.0,2.0,0.0,0.8108108108108109,0.4,0.054491028000000004,0.2,0.9333333333333333,0.35135135135135137,0.0,53.86254328586715,2.31023671,11,-0.016831795111162062,-0.81736542,5.082010673818395,0.29101794400000003,1,1,0,1,3920405,Congo DR,Group Stage
0.0,0.0,0.0,57.0,45.0,19.0,0.0,14.0,44.0,4.0,2.0,0.7894736842105263,0.8,0.0,0.0,0.9333333333333333,0.3333333333333333,0.5,59.67503015016173,0.5780910987,8,-0.10936263591654549,90,0.48466952,2.0,0.0,31.0,23.0,11.0,1.0,17.0,33.0,2.0,0.0,0.7419354838709677,0.4,0.032311301333333334,0.13333333333333333,1.1333333333333333,0.3548387096774194,0.0,52.61504328586715,2.31023671,11,-0.08570712205100517,-0.48466952,7.059986864294579,0.16871073066666675,1,1,0,0,3920405,Congo DR,Group Stage
0.0,0.0,0.0,61.0,49.0,21.0,0.0,17.0,45.0,4.0,2.0,0.8032786885245902,0.8,0.0,0.0,1.1333333333333333,0.3442622950819672,0.5,57.62129581432213,0.5780910987,8,-0.09555763160248165,91,0.48466952,2.0,0.0,36.0,27.0,13.0,1.0,17.0,38.0,3.0,1.0,0.75,0.5714285714285714,0.032311301333333334,0.13333333333333333,1.1333333333333333,0.3611111111111111,0.3333333333333333,53.25820995253382,2.31023671,11,-0.07764260592197292,-0.48466952,4.3630858617883135,0.2796396924153005,1,1,0,0,3920405,Congo DR,Group Stage
0.42459467,1.0,0.0,52.0,40.0,23.0,1.0,17.0,44.0,3.0,2.0,0.7692307692307693,0.8,0.028306311333333334,0.06666666666666667,1.1333333333333333,0.4423076923076923,0.6666666666666666,58.79889654692286,1.0026857687,9,-0.12960555089630255,92,0.48466952,2.0,0.0,36.0,26.0,13.0,1.0,19.0,37.0,3.0,1.0,0.7222222222222222,0.5714285714285714,0.032311301333333334,0.13333333333333333,1.2666666666666666,0.3611111111111111,0.3333333333333333,54.15654328586716,2.31023671,11,-0.10542038369975071,-0.06007485000000001,4.642353261055703,0.36763104564102544,1,1,0,0,3920405,Congo DR,Group Stage
0.42459467,1.0,0.0,52.0,40.0,23.0,1.0,15.0,42.0,3.0,2.0,0.7692307692307693,0.8,0.028306311333333334,0.06666666666666667,1.0,0.4423076923076923,0.6666666666666666,61.47442035644667,1.0026857687,9,-0.12960555089630255,93,0.04703854,1.0,0.0,31.0,21.0,11.0,0.0,19.0,33.0,2.0,1.0,0.6774193548387096,0.5,0.0031359026666666666,0.06666666666666667,1.2666666666666666,0.3548387096774194,0.5,51.90803451393733,2.31023671,11,-0.1502232510832633,0.37755613,9.56638584250934,0.3593151763076923,1,1,0,0,3920405,Congo DR,Group Stage
0.42459467,1.0,0.0,52.0,39.0,22.0,1.0,14.0,37.0,3.0,2.0,0.75,0.7777777777777778,0.028306311333333334,0.06666666666666667,0.9333333333333333,0.4230769230769231,0.6666666666666666,63.45308702311334,1.0026857687,9,-0.14883632012707182,94,0.04703854,1.0,0.0,32.0,22.0,11.0,0.0,18.0,30.0,2.0,1.0,0.6875,0.5,0.0031359026666666666,0.06666666666666667,1.2,0.34375,0.5,49.919322392725206,2.31023671,11,-0.14014260592197292,0.37755613,13.533764630388134,0.3400844070769231,1,1,0,0,3920405,Congo DR,Group Stage
0.42459467,1.0,0.0,58.0,42.0,26.0,1.0,16.0,34.0,3.0,2.0,0.7241379310344828,0.7777777777777778,0.028306311333333334,0.06666666666666667,1.0666666666666667,0.4482758620689655,0.6666666666666666,64.30588067390698,1.0026857687,9,-0.17469838909258906,95,0.04703854,1.0,0.0,34.0,22.0,12.0,0.0,17.0,33.0,2.0,1.0,0.6470588235294118,0.42857142857142855,0.0031359026666666666,0.06666666666666667,1.1333333333333333,0.35294117647058826,0.5,49.3211339869281,2.31023671,11,-0.18058378239256112,0.37755613,14.98474668697888,0.4652833460689656,1,1,0,0,3920405,Congo DR,Group Stage
0.476541075,3.0,0.0,55.0,40.0,24.0,2.0,20.0,34.0,3.0,2.0,0.7272727272727273,0.7777777777777778,0.031769405,0.2,1.3333333333333333,0.43636363636363634,0.6666666666666666,67.0295927951191,1.0546321737,11,-0.17156359285434453,96,0.04703854,1.0,0.0,33.0,21.0,12.0,0.0,18.0,42.0,2.0,1.0,0.6363636363636364,0.5,0.0031359026666666666,0.06666666666666667,1.2,0.36363636363636365,0.5,46.271858624609266,2.31023671,11,-0.19127896955833656,0.42950253499999996,20.757734170509835,0.5602973076969696,1,1,0,0,3920405,Congo DR,Group Stage
0.476541075,3.0,0.0,51.0,38.0,22.0,2.0,18.0,33.0,3.0,2.0,0.7450980392156863,0.7777777777777778,0.031769405,0.2,1.2,0.43137254901960786,0.6666666666666666,69.93604301156932,1.0546321737,11,-0.15373828091138553,97,0.04703854,1.0,0.0,29.0,19.0,10.0,0.0,18.0,39.0,2.0,1.0,0.6551724137931034,0.5,0.0031359026666666666,0.06666666666666667,1.2,0.3448275862068966,0.5,44.87130121100837,2.31023671,11,-0.1724701921288695,0.42950253499999996,25.064741800560952,0.48863955368627454,1,1,0,0,3920405,Congo DR,Group Stage
0.476541075,3.0,0.0,52.0,38.0,22.0,2.0,22.0,35.0,3.0,2.0,0.7307692307692307,0.7777777777777778,0.031769405,0.2,1.4666666666666666,0.4230769230769231,0.6666666666666666,67.8553551808815,1.0546321737,11,-0.1680670893578411,98,0.04703854,1.0,0.0,33.0,22.0,11.0,0.0,19.0,47.0,3.0,1.0,0.6666666666666666,0.4444444444444444,0.0031359026666666666,0.06666666666666667,1.2666666666666666,0.3333333333333333,0.3333333333333333,48.416685826392985,2.31023671,11,-0.1609759392553063,0.42950253499999996,19.438669354488518,0.5803439277435898,1,1,0,0,3920405,Congo DR,Group Stage
0.476541075,3.0,0.0,46.0,33.0,18.0,2.0,22.0,33.0,3.0,2.0,0.717391304347826,0.75,0.031769405,0.2,1.4666666666666666,0.391304347826087,0.6666666666666666,64.49749943039417,1.0546321737,11,-0.18144501577924577,99,0.04703854,1.0,0.0,33.0,22.0,11.0,0.0,18.0,47.0,3.0,1.0,0.6666666666666666,0.4444444444444444,0.0031359026666666666,0.06666666666666667,1.2,0.3333333333333333,0.3333333333333333,50.430019159726314,2.31023671,11,-0.1609759392553063,0.42950253499999996,14.067480270667858,0.5819046858260869,1,1,0,0,3920405,Congo DR,Group Stage
0.476541075,3.0,0.0,35.0,23.0,15.0,2.0,20.0,27.0,2.0,1.0,0.6571428571428571,0.7142857142857143,0.031769405,0.2,1.3333333333333333,0.42857142857142855,0.5,61.34953646743121,1.0546321737,11,-0.24169346298421468,100,0.04703854,1.0,0.0,30.0,20.0,10.0,0.0,15.0,45.0,3.0,1.0,0.6666666666666666,0.5,0.0031359026666666666,0.06666666666666667,1.0,0.3333333333333333,0.3333333333333333,53.002583262290415,2.31023671,11,-0.1609759392553063,0.42950253499999996,8.346953205140792,0.6525050999047619,1,1,0,0,3920405,Congo DR,Group Stage
0.0,0.0,0.0,24.0,23.0,2.0,0.0,1.0,16.0,1.0,1.0,0.9583333333333334,1.0,0.0,0.0,0.06666666666666667,0.08333333333333333,1.0,72.71124999999999,0.0,0,0.06131360339891079,0,0.0,0.0,0.0,1.0,0.0,0.0,0.0,7.0,3.0,1.0,0.0,0.0,,0.0,0.0,0.4666666666666667,0.0,0.0,32.96923076923077,0.0,0,-0.7125757692094675,0.0,39.74201923076922,-0.11666666666666667,0,0,0,90,3920419,Zambia,Group Stage
0.0,0.0,0.0,31.0,29.0,5.0,0.0,3.0,19.0,1.0,1.0,0.9354838709677419,0.6666666666666666,0.0,0.0,0.2,0.16129032258064516,1.0,79.21866847826087,0.0,0,0.0384641410333193,1,0.0,0.0,0.0,6.0,4.0,2.0,0.0,9.0,5.0,1.0,0.0,0.6666666666666666,1.0,0.0,0.0,0.6,0.3333333333333333,0.0,28.16794871794872,0.0,0,-0.045909102542800895,0.0,51.05071976031215,-0.03870967741935483,0,0,0,89,3920419,Zambia,Group Stage
0.0,0.0,0.0,31.0,29.0,5.0,0.0,5.0,20.0,1.0,1.0,0.9354838709677419,0.6666666666666666,0.0,0.0,0.3333333333333333,0.16129032258064516,1.0,87.24577898550724,0.0,0,0.0384641410333193,2,0.0,0.0,0.0,6.0,4.0,2.0,0.0,9.0,9.0,1.0,0.0,0.6666666666666666,1.0,0.0,0.0,0.6,0.3333333333333333,0.0,24.18974358974359,0.0,0,-0.045909102542800895,0.0,63.05603539576366,0.027956989247311825,0,0,0,88,3920419,Zambia,Group Stage
0.0,0.0,0.0,46.0,42.0,10.0,0.0,5.0,29.0,1.0,1.0,0.9130434782608695,0.7142857142857143,0.0,0.0,0.3333333333333333,0.21739130434782608,1.0,76.93717514822134,0.0,0,0.01602374832644693,3,0.0,0.0,0.0,8.0,4.0,4.0,0.0,14.0,10.0,1.0,0.0,0.5,1.0,0.0,0.0,0.9333333333333333,0.5,0.0,32.92980769230769,0.0,0,-0.21257576920946752,0.0,44.00736745591365,-0.08260869565217394,0,0,0,87,3920419,Zambia,Group Stage
0.0,0.0,0.0,59.0,54.0,13.0,0.0,6.0,35.0,1.0,1.0,0.9152542372881356,0.6666666666666666,0.0,0.0,0.4,0.22033898305084745,1.0,73.28717601601298,0.0,0,0.018234507353713014,4,0.0,0.0,0.0,9.0,5.0,4.0,0.0,18.0,11.0,1.0,0.0,0.5555555555555556,1.0,0.0,0.0,1.2,0.4444444444444444,0.0,35.927846153846154,0.0,0,-0.15702021365391194,0.0,37.359329862166824,-0.17966101694915249,0,0,0,86,3920419,Zambia,Group Stage
0.10411586,1.0,0.0,63.0,57.0,15.0,1.0,12.0,39.0,1.0,1.0,0.9047619047619048,0.7,0.006941057333333334,0.06666666666666667,0.8,0.23809523809523808,1.0,74.8139510278369,0.10411586,1,0.0077421748274821844,5,0.0,0.0,0.0,15.0,10.0,5.0,0.0,19.0,23.0,3.0,1.0,0.6666666666666666,0.75,0.0,0.0,1.2666666666666666,0.3333333333333333,0.3333333333333333,35.664563152896484,0.0,0,-0.045909102542800895,0.10411586,39.14938787494041,0.018644019428571523,0,0,0,85,3920419,Zambia,Group Stage
0.10411586,1.0,0.0,67.0,60.0,16.0,1.0,12.0,45.0,2.0,2.0,0.8955223880597015,0.7,0.006941057333333334,0.06666666666666667,0.8,0.23880597014925373,1.0,76.26285088100305,0.10411586,1,-0.0014973418747210587,6,0.0,0.0,0.0,16.0,10.0,5.0,0.0,21.0,25.0,3.0,1.0,0.625,0.75,0.0,0.0,1.4,0.3125,0.3333333333333333,38.812482702482704,0.0,0,-0.08757576920946752,0.10411586,37.45036817852034,-0.04731191518407951,0,0,0,84,3920419,Zambia,Group Stage
0.15666635,2.0,0.0,82.0,73.0,17.0,2.0,12.0,53.0,3.0,3.0,0.8902439024390244,0.7272727272727273,0.010444423333333334,0.13333333333333333,0.8,0.2073170731707317,1.0,79.20274452087767,0.15666635,2,-0.006775827495398179,7,0.0,0.0,0.0,16.0,10.0,5.0,0.0,25.0,28.0,3.0,1.0,0.625,0.75,0.0,0.0,1.6666666666666667,0.3125,0.3333333333333333,35.81342236467236,0.0,0,-0.08757576920946752,0.15666635,43.38932215620531,-0.205127413495935,0,0,0,83,3920419,Zambia,Group Stage
0.15666635,2.0,0.0,89.0,79.0,18.0,2.0,15.0,58.0,4.0,3.0,0.8876404494382022,0.7272727272727273,0.010444423333333334,0.13333333333333333,1.0,0.20224719101123595,0.75,79.68620025787418,0.15666635,2,-0.009379280496220388,8,0.0,0.0,0.0,25.0,17.0,7.0,0.0,28.0,36.0,3.0,1.0,0.68,0.7142857142857143,0.0,0.0,1.8666666666666667,0.28,0.3333333333333333,35.41537926668195,0.0,0,-0.032575769209467476,0.15666635,44.270820991192224,-0.21019729565543077,0,0,0,82,3920419,Zambia,Group Stage
0.15666635,2.0,0.0,90.0,79.0,18.0,2.0,19.0,61.0,4.0,3.0,0.8777777777777778,0.7272727272727273,0.010444423333333334,0.13333333333333333,1.2666666666666666,0.2,0.75,74.95121659572312,0.15666635,2,-0.019241952156644815,9,0.10121839,1.0,0.0,36.0,28.0,10.0,1.0,28.0,44.0,3.0,1.0,0.7777777777777778,0.75,0.006747892666666667,0.06666666666666667,1.8666666666666667,0.2777777777777778,0.3333333333333333,38.757687493859905,0.10121839,1,0.06520200856831027,0.055447960000000004,36.19352910186322,-0.09260693866666658,0,0,0,81,3920419,Zambia,Group Stage
0.15666635,2.0,0.0,96.0,83.0,22.0,2.0,23.0,66.0,4.0,3.0,0.8645833333333334,0.6666666666666666,0.010444423333333334,0.13333333333333333,1.5333333333333334,0.22916666666666666,0.75,73.32428781429374,0.15666635,2,-0.03243639660108921,10,0.10121839,1.0,0.0,40.0,32.0,11.0,1.0,31.0,51.0,3.0,1.0,0.8,0.8,0.006747892666666667,0.06666666666666667,2.066666666666667,0.275,0.3333333333333333,39.20517044896355,0.10121839,1,0.08742423079053252,0.055447960000000004,34.11911736533019,-0.030106938666666805,0,0,0,80,3920419,Zambia,Group Stage
0.15666635,2.0,0.0,96.0,83.0,22.0,2.0,23.0,68.0,4.0,3.0,0.8645833333333334,0.6666666666666666,0.010444423333333334,0.13333333333333333,1.5333333333333334,0.22916666666666666,0.75,69.22781938532482,0.15666635,2,-0.03243639660108921,11,0.10121839,1.0,0.0,44.0,33.0,15.0,1.0,31.0,51.0,3.0,1.0,0.75,0.8,0.006747892666666667,0.06666666666666667,2.066666666666667,0.3409090909090909,0.3333333333333333,42.9095014829785,0.10121839,1,0.037424230790532476,0.055447960000000004,26.318317902346323,-0.030106938666666805,0,0,0,79,3920419,Zambia,Group Stage
0.15666635,2.0,0.0,104.0,91.0,24.0,2.0,23.0,71.0,4.0,3.0,0.875,0.6666666666666666,0.010444423333333334,0.13333333333333333,1.5333333333333334,0.23076923076923078,0.75,66.8949102018383,0.15666635,2,-0.022019729934422583,12,0.10121839,1.0,0.0,45.0,33.0,16.0,1.0,32.0,51.0,3.0,1.0,0.7333333333333333,0.8,0.006747892666666667,0.06666666666666667,2.1333333333333333,0.35555555555555557,0.3333333333333333,46.05030906121091,0.10121839,1,0.020757564123865757,0.055447960000000004,20.84460114062739,-0.0618377078974357,0,0,0,78,3920419,Zambia,Group Stage
0.15666635,2.0,0.0,108.0,93.0,26.0,2.0,25.0,72.0,4.0,3.0,0.8611111111111112,0.6666666666666666,0.010444423333333334,0.13333333333333333,1.6666666666666667,0.24074074074074073,0.75,66.76890013247622,0.15666635,2,-0.03590861882331142,13,0.10121839,1.0,0.0,51.0,38.0,17.0,1.0,33.0,55.0,3.0,1.0,0.7450980392156863,0.8,0.006747892666666667,0.06666666666666667,2.2,0.3333333333333333,0.3333333333333333,46.038273998397145,0.10121839,1,0.03252227000621877,0.055447960000000004,20.730626134079074,-0.018532864592592624,0,0,0,77,3920419,Zambia,Group Stage
0.15666635,2.0,0.0,111.0,96.0,27.0,2.0,28.0,74.0,4.0,3.0,0.8648648648648649,0.6923076923076923,0.010444423333333334,0.13333333333333333,1.8666666666666667,0.24324324324324326,0.75,64.69023271623706,0.15666635,2,-0.03215486506955767,14,0.10121839,1.0,0.0,57.0,43.0,20.0,1.0,34.0,60.0,3.0,1.0,0.7543859649122807,0.8333333333333334,0.006747892666666667,0.06666666666666667,2.2666666666666666,0.3508771929824561,0.3333333333333333,46.53030573183734,0.10121839,1,0.04181019570281319,0.055447960000000004,18.159926984399725,0.05063630457657675,0,0,0,76,3920419,Zambia,Group Stage
0.22126467,3.0,0.0,108.0,93.0,29.0,3.0,27.0,60.0,3.0,2.0,0.8611111111111112,0.6666666666666666,0.014750978,0.2,1.8,0.26851851851851855,0.6666666666666666,63.64683721359156,0.22126467,3,-0.03590861882331142,15,0.10121839,1.0,0.0,56.0,43.0,20.0,1.0,28.0,57.0,2.0,1.0,0.7678571428571429,0.8333333333333334,0.006747892666666667,0.06666666666666667,1.8666666666666667,0.35714285714285715,0.5,47.26346812499973,0.10121839,1,0.05528137364767538,0.12004627999999999,16.383369088591827,0.2511913558518519,0,0,0,75,3920419,Zambia,Group Stage
0.22126467,3.0,0.0,102.0,88.0,26.0,3.0,28.0,57.0,3.0,2.0,0.8627450980392157,0.7272727272727273,0.014750978,0.2,1.8666666666666667,0.2549019607843137,0.6666666666666666,62.22343141649011,0.22126467,3,-0.03427463189520685,16,0.10121839,1.0,0.0,61.0,47.0,22.0,1.0,26.0,62.0,2.0,1.0,0.7704918032786885,0.7142857142857143,0.006747892666666667,0.06666666666666667,1.7333333333333334,0.36065573770491804,0.5,47.771245902777515,0.10121839,1,0.05791603406922097,0.12004627999999999,14.452185513712593,0.3375747981176471,0,0,0,74,3920419,Zambia,Group Stage
0.22126467,3.0,0.0,117.0,103.0,30.0,3.0,26.0,67.0,4.0,3.0,0.8803418803418803,0.75,0.014750978,0.2,1.7333333333333334,0.2564102564102564,0.75,59.09065363871233,0.22126467,3,-0.01667784959254226,17,0.10121839,1.0,0.0,61.0,47.0,22.0,1.0,31.0,59.0,2.0,1.0,0.7704918032786885,0.7142857142857143,0.006747892666666667,0.06666666666666667,2.066666666666667,0.36065573770491804,0.5,48.84235701388862,0.10121839,1,0.05791603406922097,0.12004627999999999,10.248296624823709,0.10574976041025641,0,0,0,73,3920419,Zambia,Group Stage
0.22126467,3.0,0.0,104.0,92.0,27.0,3.0,26.0,63.0,5.0,4.0,0.8846153846153846,0.75,0.014750978,0.2,1.7333333333333334,0.25961538461538464,0.8,62.25716879022749,0.22126467,3,-0.012404345319038002,18,0.10121839,1.0,0.0,59.0,47.0,20.0,1.0,29.0,58.0,2.0,1.0,0.7966101694915254,0.7142857142857143,0.006747892666666667,0.06666666666666667,1.9333333333333333,0.3389830508474576,0.5,46.13235701388862,0.10121839,1,0.08403440028205789,0.12004627999999999,16.124811776338866,0.17562155528205137,0,0,0,72,3920419,Zambia,Group Stage
0.22126467,3.0,0.0,93.0,81.0,24.0,3.0,25.0,57.0,5.0,4.0,0.8709677419354839,0.8333333333333334,0.014750978,0.2,1.6666666666666667,0.25806451612903225,0.8,65.80691237997107,0.22126467,3,-0.026051987998938708,19,0.10121839,1.0,0.0,58.0,46.0,20.0,1.0,25.0,58.0,2.0,1.0,0.7931034482758621,0.7142857142857143,0.006747892666666667,0.06666666666666667,1.6666666666666667,0.3448275862068966,0.5,43.54435701388863,0.10121839,1,0.08052767906639458,0.12004627999999999,22.262555366082438,0.2740706867956989,0,0,0,71,3920419,Zambia,Group Stage
0.11714880999999999,2.0,0.0,89.0,78.0,22.0,2.0,21.0,55.0,5.0,4.0,0.8764044943820225,0.8,0.007809920666666666,0.13333333333333333,1.4,0.24719101123595505,0.8,65.05372397417398,0.22126467,3,-0.02061523555240008,20,0.10121839,1.0,0.0,53.0,42.0,20.0,1.0,25.0,51.0,0.0,0.0,0.7924528301886793,0.75,0.006747892666666667,0.06666666666666667,1.6666666666666667,0.37735849056603776,,44.58855454475282,0.10121839,1,0.07987706097921177,0.015930419999999987,20.46516942942116,0.11598173390262168,0,0,0,70,3920419,Zambia,Group Stage
0.11714880999999999,2.0,0.0,86.0,76.0,21.0,2.0,22.0,52.0,4.0,3.0,0.8837209302325582,0.8,0.007809920666666666,0.13333333333333333,1.4666666666666666,0.2441860465116279,0.75,60.60914064084064,0.22126467,3,-0.013298799701864428,21,0.10121839,1.0,0.0,53.0,42.0,21.0,1.0,25.0,51.0,0.0,0.0,0.7924528301886793,0.75,0.006747892666666667,0.06666666666666667,1.6666666666666667,0.39622641509433965,,47.27633232253059,0.10121839,1,0.07987706097921177,0.015930419999999987,13.33280831831005,0.1463101025116279,0,0,0,69,3920419,Zambia,Group Stage
0.06459831999999999,1.0,0.0,80.0,71.0,24.0,1.0,22.0,48.0,4.0,3.0,0.8875,0.75,0.004306554666666666,0.06666666666666667,1.4666666666666666,0.3,0.75,56.436531117031116,0.22126467,3,-0.009519729934422627,22,0.10121839,1.0,0.0,53.0,42.0,21.0,1.0,22.0,48.0,0.0,0.0,0.7924528301886793,0.75,0.006747892666666667,0.06666666666666667,1.4666666666666666,0.39622641509433965,,49.139443433641716,0.10121839,1,0.07987706097921177,-0.03662007000000002,7.2970876833894,0.2951173240000001,0,0,0,68,3920419,Zambia,Group Stage
0.06459831999999999,1.0,0.0,78.0,69.0,25.0,1.0,19.0,49.0,4.0,4.0,0.8846153846153846,0.75,0.004306554666666666,0.06666666666666667,1.2666666666666666,0.32051282051282054,1.0,57.9824150576519,0.22126467,3,-0.012404345319038002,23,0.10121839,1.0,0.0,45.0,35.0,20.0,1.0,21.0,42.0,0.0,0.0,0.7777777777777778,0.7777777777777778,0.006747892666666667,0.06666666666666667,1.4,0.4444444444444444,,47.41959669034669,0.10121839,1,0.06520200856831027,-0.03662007000000002,10.562818367305212,0.2489634778461539,0,0,0,67,3920419,Zambia,Group Stage
0.12075298999999998,2.0,0.0,81.0,73.0,27.0,2.0,16.0,48.0,4.0,4.0,0.9012345679012346,0.75,0.008050199333333332,0.13333333333333333,1.0666666666666667,0.3333333333333333,1.0,60.2844352596721,0.27741934,4,0.004214837966811991,24,0.0,0.0,0.0,38.0,28.0,19.0,0.0,23.0,37.0,0.0,0.0,0.7368421052631579,0.7777777777777778,0.0,0.0,1.5333333333333334,0.5,,45.858699254449256,0.10121839,1,0.02426633605369033,0.12075298999999998,14.425736005222845,0.11610039866666655,0,0,0,66,3920419,Zambia,Group Stage
0.12075298999999998,2.0,0.0,81.0,75.0,25.0,2.0,12.0,44.0,4.0,4.0,0.9259259259259259,1.0,0.008050199333333332,0.13333333333333333,0.8,0.30864197530864196,1.0,59.466733505286136,0.27741934,4,0.028906195991503347,25,0.060287796,1.0,0.0,38.0,27.0,19.0,0.0,20.0,31.0,0.0,0.0,0.7105263157894737,0.7142857142857143,0.0040191864,0.06666666666666667,1.3333333333333333,0.5,,47.05003258778259,0.161506186,2,-0.002049453419993852,0.06046519399999998,12.416700917503547,0.05003733450864212,0,0,0,65,3920419,Zambia,Group Stage
0.12075298999999998,2.0,0.0,89.0,82.0,29.0,2.0,13.0,43.0,4.0,4.0,0.9213483146067416,1.0,0.008050199333333332,0.13333333333333333,0.8666666666666667,0.3258426966292135,1.0,61.68784461639725,0.27741934,4,0.02432858467231902,26,0.060287796,1.0,0.0,38.0,29.0,18.0,0.0,21.0,32.0,0.0,0.0,0.7631578947368421,0.7142857142857143,0.0040191864,0.06666666666666667,1.4,0.47368421052631576,,44.77592003367003,0.161506186,2,0.05058212552737462,0.06046519399999998,16.911924582727217,0.0672380558292136,0,0,0,64,3920419,Zambia,Group Stage
0.12075298999999998,2.0,0.0,81.0,74.0,27.0,2.0,15.0,42.0,5.0,4.0,0.9135802469135802,1.0,0.008050199333333332,0.13333333333333333,1.0,0.3333333333333333,0.8,64.96384461639724,0.27741934,4,0.016560516979157613,27,0.060287796,1.0,0.0,42.0,33.0,19.0,0.0,20.0,38.0,0.0,0.0,0.7857142857142857,0.6666666666666666,0.0040191864,0.06666666666666667,1.3333333333333333,0.4523809523809524,,41.284681938431945,0.161506186,2,0.07313851650481817,0.06046519399999998,23.679162677965294,0.17472869253333345,0,0,0,63,3920419,Zambia,Group Stage
0.165153477,3.0,0.0,84.0,79.0,26.0,3.0,14.0,49.0,6.0,5.0,0.9404761904761905,1.0,0.011010231799999999,0.2,0.9333333333333333,0.30952380952380953,0.8333333333333334,64.94798381053644,0.321819827,5,0.04345646054176788,28,0.060287796,1.0,0.0,41.0,33.0,20.0,0.0,21.0,37.0,0.0,0.0,0.8048780487804879,0.7,0.0040191864,0.06666666666666667,1.4,0.4878048780487805,,40.69412935376171,0.161506186,2,0.09230227957102033,0.10486568099999999,24.253854456774732,0.09017256699047627,0,0,0,62,3920419,Zambia,Group Stage
0.165153477,3.0,0.0,83.0,78.0,26.0,3.0,16.0,52.0,6.0,5.0,0.9397590361445783,1.0,0.011010231799999999,0.2,1.0666666666666667,0.3132530120481928,0.8333333333333334,65.00441082578699,0.321819827,5,0.04273930621015576,29,0.0666130754,2.0,0.0,45.0,38.0,20.0,1.0,21.0,42.0,2.0,0.0,0.8444444444444444,0.7272727272727273,0.004440871693333333,0.13333333333333333,1.4,0.4444444444444444,0.0,42.42531178619414,0.1678314654,3,0.13186867523497692,0.0985404016,22.579099039592847,0.15972506559485944,0,0,0,61,3920419,Zambia,Group Stage
0.100555157,2.0,0.0,71.0,66.0,27.0,2.0,16.0,51.0,6.0,5.0,0.9295774647887324,1.0,0.006703677133333334,0.13333333333333333,1.0666666666666667,0.38028169014084506,0.8333333333333334,64.5526973540735,0.321819827,5,0.032557734854309794,30,0.0666130754,2.0,0.0,45.0,38.0,20.0,1.0,20.0,43.0,2.0,0.0,0.8444444444444444,0.7272727272727273,0.004440871693333333,0.13333333333333333,1.3333333333333333,0.4444444444444444,0.0,40.24086734174969,0.1678314654,3,0.13186867523497692,0.03394208160000001,24.31183001232381,0.25147396768751173,0,0,0,60,3920419,Zambia,Group Stage
0.100555157,2.0,0.0,70.0,65.0,27.0,2.0,13.0,51.0,6.0,5.0,0.9285714285714286,1.0,0.006703677133333334,0.13333333333333333,0.8666666666666667,0.38571428571428573,0.8333333333333334,63.613338379714534,0.321819827,5,0.03155169863700602,31,0.0666130754,2.0,0.0,35.0,30.0,16.0,1.0,20.0,36.0,2.0,0.0,0.8571428571428571,0.875,0.004440871693333333,0.13333333333333333,1.3333333333333333,0.45714285714285713,0.0,38.921978452860806,0.1678314654,3,0.14456708793338957,0.03394208160000001,24.69135992685373,0.15690656326095243,0,0,0,59,3920419,Zambia,Group Stage
0.100555157,2.0,0.0,55.0,50.0,23.0,2.0,13.0,40.0,5.0,4.0,0.9090909090909091,1.0,0.006703677133333334,0.13333333333333333,0.8666666666666667,0.41818181818181815,0.8,63.211757183133344,0.321819827,5,0.012071179156486478,32,0.0666130754,2.0,0.0,35.0,30.0,16.0,1.0,15.0,35.0,2.0,0.0,0.8571428571428571,0.875,0.004440871693333333,0.13333333333333333,1.0,0.45714285714285713,0.0,37.51531178619414,0.1678314654,3,0.14456708793338957,0.03394208160000001,25.696445396939204,0.3560407623951515,0,0,0,58,3920419,Zambia,Group Stage
0.100555157,2.0,0.0,54.0,49.0,21.0,2.0,13.0,39.0,4.0,3.0,0.9074074074074074,1.0,0.006703677133333334,0.13333333333333333,0.8666666666666667,0.3888888888888889,0.75,63.37496064633681,0.321819827,5,0.010387677472984858,33,0.0666130754,2.0,0.0,35.0,30.0,16.0,1.0,14.0,36.0,2.0,0.0,0.8571428571428571,0.875,0.004440871693333333,0.13333333333333333,0.9333333333333333,0.45714285714285713,0.0,38.08864511952747,0.1678314654,3,0.14456708793338957,0.03394208160000001,25.28631552680934,0.36008116643555554,0,0,0,57,3920419,Zambia,Group Stage
0.164566962,3.0,0.0,54.0,50.0,22.0,3.0,13.0,40.0,4.0,3.0,0.9259259259259259,1.0,0.010971130800000001,0.2,0.8666666666666667,0.4074074074074074,0.75,62.470516201892366,0.38583163200000004,6,0.028906195991503347,34,0.0666130754,2.0,0.0,38.0,32.0,18.0,1.0,14.0,36.0,2.0,0.0,0.8421052631578947,0.875,0.004440871693333333,0.13333333333333333,0.9333333333333333,0.47368421052631576,0.0,38.970549881432234,0.1678314654,3,0.12952949394842717,0.09795388660000001,23.499966320460132,0.38713459228740743,0,0,0,56,3920419,Zambia,Group Stage
0.164566962,3.0,0.0,61.0,57.0,24.0,3.0,12.0,43.0,5.0,4.0,0.9344262295081968,1.0,0.010971130800000001,0.2,0.8,0.39344262295081966,0.8,60.98607175744792,0.38583163200000004,6,0.03740649957377418,35,0.1088122024,3.0,0.0,40.0,34.0,18.0,2.0,15.0,34.0,2.0,0.0,0.85,0.875,0.007254146826666667,0.2,1.0,0.45,0.0,39.2885591406915,0.2100305924,4,0.13742423079053245,0.05575475960000001,21.69751261675642,0.3008765908974864,0,0,0,55,3920419,Zambia,Group Stage
0.164566962,3.0,0.0,78.0,74.0,30.0,4.0,11.0,47.0,5.0,4.0,0.9487179487179487,1.0,0.010971130800000001,0.2,0.7333333333333333,0.38461538461538464,0.8,64.27752237473187,0.38583163200000004,6,0.051698218783526095,36,0.1088122024,3.0,0.0,39.0,34.0,17.0,2.0,18.0,32.0,2.0,0.0,0.8717948717948718,0.875,0.007254146826666667,0.2,1.2,0.4358974358974359,0.0,34.50478136291372,0.2100305924,4,0.15921910258540428,0.05575475960000001,29.772741011818155,0.15871601922871803,0,0,0,54,3920419,Zambia,Group Stage
0.621191592,5.0,1.0,69.0,66.0,26.0,4.0,11.0,46.0,4.0,3.0,0.9565217391304348,1.0,0.0414127728,0.3333333333333333,0.7333333333333333,0.37681159420289856,0.75,69.29799856520806,0.842456262,8,0.05950200919601223,37,0.1088122024,3.0,0.0,39.0,34.0,17.0,2.0,19.0,32.0,2.0,0.0,0.8717948717948718,0.875,0.007254146826666667,0.2,1.2666666666666666,0.4358974358974359,0.0,32.0986702518026,0.2100305924,4,0.15921910258540428,0.5123793896,37.19932831340546,0.17846217948289855,1,0,1,53,3920419,Zambia,Group Stage
0.621191592,5.0,1.0,66.0,64.0,24.0,4.0,12.0,40.0,3.0,2.0,0.9696969696969697,1.0,0.0414127728,0.3333333333333333,0.8,0.36363636363636365,0.6666666666666666,65.87685821433087,0.842456262,8,0.07267723976254714,38,0.1088122024,3.0,0.0,46.0,41.0,17.0,2.0,17.0,32.0,2.0,0.0,0.8913043478260869,0.8888888888888888,0.007254146826666667,0.2,1.1333333333333333,0.3695652173913043,0.0,34.1276601507925,0.2100305924,4,0.1787285786166194,0.5123793896,31.749198063538365,0.26528694891636373,1,0,1,52,3920419,Zambia,Group Stage
0.618531178,5.0,1.0,74.0,72.0,25.0,4.0,11.0,46.0,6.0,3.0,0.972972972972973,1.0,0.04123541186666667,0.3333333333333333,0.7333333333333333,0.33783783783783783,0.5,65.7604757853903,0.895950518,9,0.07595324303855044,39,0.1088122024,3.0,0.0,42.0,37.0,15.0,2.0,17.0,33.0,2.0,0.0,0.8809523809523809,0.875,0.007254146826666667,0.2,1.1333333333333333,0.35714285714285715,0.0,32.76849348412584,0.2100305924,4,0.1683766117429134,0.5097189756,32.99198230126446,0.20580036791783785,1,0,1,51,3920419,Zambia,Group Stage
0.626571262,6.0,1.0,78.0,75.0,24.0,5.0,12.0,45.0,6.0,3.0,0.9615384615384616,1.0,0.04177141746666667,0.4,0.8,0.3076923076923077,0.5,67.39887868920155,0.903990602,10,0.06451873160403898,40,0.048524406400000004,2.0,0.0,41.0,36.0,16.0,2.0,18.0,34.0,3.0,0.0,0.8780487804878049,0.875,0.003234960426666667,0.13333333333333333,1.2,0.3902439024390244,0.0,31.496826817459173,0.2100305924,4,0.16547301127833736,0.5780468556,35.90205187174238,0.1847652217723078,1,0,1,50,3920419,Zambia,Group Stage
0.626571262,6.0,1.0,81.0,78.0,24.0,5.0,13.0,51.0,6.0,3.0,0.9629629629629629,1.0,0.04177141746666667,0.4,0.8666666666666667,0.2962962962962963,0.5,68.96753365996179,0.903990602,10,0.06594323302854033,41,0.048524406400000004,2.0,0.0,39.0,34.0,14.0,2.0,20.0,38.0,3.0,0.0,0.8717948717948718,0.7777777777777778,0.003234960426666667,0.13333333333333333,1.3333333333333333,0.358974358974359,0.0,29.39789907853143,0.2100305924,4,0.15921910258540428,0.5780468556,39.56963458143036,0.14003587704296305,1,0,1,49,3920419,Zambia,Group Stage
0.626571262,6.0,1.0,97.0,94.0,27.0,5.0,11.0,56.0,5.0,3.0,0.9690721649484536,1.0,0.04177141746666667,0.4,0.7333333333333333,0.27835051546391754,0.6,67.65553365996179,0.903990602,10,0.07205243501403102,42,0.048524406400000004,2.0,0.0,37.0,32.0,14.0,2.0,22.0,33.0,3.0,0.0,0.8648648648648649,0.75,0.003234960426666667,0.13333333333333333,1.4666666666666666,0.3783783783783784,0.0,31.979137173769526,0.2100305924,4,0.1522890956553974,0.5780468556,35.67639648619226,-0.011243237122749106,1,0,1,48,3920419,Zambia,Group Stage
0.582170775,5.0,1.0,95.0,91.0,28.0,4.0,13.0,51.0,4.0,2.0,0.9578947368421052,1.0,0.038811385000000004,0.3333333333333333,0.8666666666666667,0.29473684210526313,0.5,69.41671160482393,0.903990602,10,0.06087500690768266,43,0.048524406400000004,2.0,0.0,34.0,28.0,13.0,2.0,21.0,36.0,3.0,0.0,0.8235294117647058,0.6666666666666666,0.003234960426666667,0.13333333333333333,1.4,0.38235294117647056,0.0,30.259235212985217,0.2100305924,4,0.11095364255523832,0.5336463686,39.15747639183871,0.09922302458526322,1,0,1,47,3920419,Zambia,Group Stage
0.582170775,5.0,1.0,94.0,90.0,27.0,4.0,8.0,47.0,4.0,2.0,0.9574468085106383,1.0,0.038811385000000004,0.3333333333333333,0.5333333333333333,0.2872340425531915,0.5,74.21035866364747,0.903990602,10,0.060427078576215765,44,0.042199127,1.0,0.0,25.0,18.0,10.0,1.0,21.0,26.0,1.0,0.0,0.72,0.5,0.0028132751333333336,0.06666666666666667,1.4,0.4,0.0,25.460136113886115,0.2100305924,4,0.007424230790532449,0.5399716480000001,48.750222549761354,-0.07410307104680847,1,0,1,46,3920419,Zambia,Group Stage
0.582170775,5.0,1.0,92.0,88.0,23.0,4.0,9.0,50.0,4.0,2.0,0.9565217391304348,0.875,0.038811385000000004,0.3333333333333333,0.6,0.25,0.5,74.48551763800646,0.903990602,10,0.05950200919601223,45,0.042199127,1.0,0.0,31.0,22.0,13.0,1.0,23.0,29.0,2.0,1.0,0.7096774193548387,0.5,0.0028132751333333336,0.06666666666666667,1.5333333333333334,0.41935483870967744,0.5,28.979846258813655,0.2100305924,4,-0.002898349854628779,0.5399716480000001,45.505671379192805,-0.14467044693333342,1,0,1,45,3920419,Zambia,Group Stage
1.000991012,7.0,1.0,111.0,106.0,30.0,6.0,9.0,69.0,4.0,2.0,0.954954954954955,0.9285714285714286,0.06673273413333333,0.4666666666666667,0.6,0.2702702702702703,0.5,76.4456689620922,1.322810839,12,0.05793522502053239,46,0.042199127,1.0,0.0,31.0,22.0,13.0,1.0,31.0,29.0,2.0,1.0,0.7096774193548387,0.5,0.0028132751333333336,0.06666666666666667,2.066666666666667,0.41935483870967744,0.5,30.75984625881365,0.2100305924,4,-0.002898349854628779,0.9587918850000001,45.685822703278546,-0.3352241450630632,1,0,1,44,3920419,Zambia,Group Stage
1.000991012,7.0,1.0,113.0,107.0,31.0,6.0,10.0,69.0,4.0,2.0,0.9469026548672567,0.9285714285714286,0.06673273413333333,0.4666666666666667,0.6666666666666666,0.2743362831858407,0.5,75.94669460311782,1.322810839,12,0.04988292493283408,47,0.042199127,1.0,0.0,35.0,25.0,15.0,1.0,31.0,33.0,2.0,1.0,0.7142857142857143,0.5714285714285714,0.0028132751333333336,0.06666666666666667,2.066666666666667,0.42857142857142855,0.5,34.14725366622106,0.2100305924,4,0.0017099450762467772,0.9587918850000001,41.79944093689676,-0.29782479881415946,1,0,1,43,3920419,Zambia,Group Stage
1.000991012,7.0,1.0,112.0,106.0,31.0,6.0,11.0,66.0,4.0,2.0,0.9464285714285714,0.9285714285714286,0.06673273413333333,0.4666666666666667,0.7333333333333333,0.2767857142857143,0.5,71.9517739681972,1.322810839,12,0.049408841494148814,48,0.042199127,1.0,0.0,35.0,25.0,15.0,1.0,30.0,34.0,3.0,1.0,0.7142857142857143,0.5714285714285714,0.0028132751333333336,0.06666666666666667,2.0,0.42857142857142855,0.3333333333333333,37.89525366622106,0.2100305924,4,0.0017099450762467772,0.9587918850000001,34.05652030197614,-0.2287087010476191,1,0,1,42,3920419,Zambia,Group Stage
0.936979207,6.0,1.0,111.0,104.0,31.0,5.0,12.0,65.0,4.0,2.0,0.9369369369369369,0.9285714285714286,0.06246528046666667,0.4,0.8,0.27927927927927926,0.5,69.2706628570861,1.322810839,12,0.03991720700251433,49,0.042199127,1.0,0.0,38.0,28.0,15.0,1.0,30.0,35.0,3.0,1.0,0.7368421052631579,0.5,0.0028132751333333336,0.06666666666666667,2.0,0.39473684210526316,0.3333333333333333,38.484182237649634,0.2100305924,4,0.02426633605369033,0.8947800800000001,30.78648061943646,-0.20141671005405415,1,0,1,41,3920419,Zambia,Group Stage
0.936979207,6.0,1.0,110.0,102.0,30.0,5.0,13.0,67.0,4.0,2.0,0.9272727272727272,0.8666666666666667,0.06246528046666667,0.4,0.8666666666666667,0.2727272727272727,0.5,68.23524063486387,1.322810839,12,0.030252997338304666,50,0.0766718,1.0,0.0,40.0,28.0,15.0,1.0,32.0,36.0,3.0,1.0,0.7,0.5,0.005111453333333333,0.06666666666666667,2.1333333333333333,0.375,0.3333333333333333,40.03470759996847,0.2867023924,5,-0.012575769209467569,0.8603074070000001,28.2005330348954,-0.24589840633939397,1,0,1,40,3920419,Zambia,Group Stage
1.041774633,7.0,1.0,93.0,85.0,25.0,5.0,15.0,60.0,4.0,2.0,0.9139784946236559,0.8461538461538461,0.0694516422,0.4666666666666667,1.0,0.26881720430107525,0.5,69.22795668424659,1.4276062649999999,13,0.016958764689233297,51,0.0766718,1.0,0.0,53.0,41.0,17.0,1.0,27.0,41.0,3.0,1.0,0.7735849056603774,0.6,0.005111453333333333,0.06666666666666667,1.8,0.32075471698113206,0.3333333333333333,40.90968195894283,0.2867023924,5,0.061009136450909884,0.965102833,28.31827472530376,-0.0025024179655914747,1,0,1,39,3920419,Zambia,Group Stage
0.585150003,5.0,0.0,94.0,85.0,26.0,5.0,15.0,60.0,4.0,2.0,0.9042553191489362,0.8461538461538461,0.0390100002,0.3333333333333333,1.0,0.2765957446808511,0.5,62.68662335091325,1.4276062649999999,13,0.007235589214513616,52,0.0766718,1.0,0.0,61.0,47.0,20.0,1.0,25.0,41.0,3.0,1.0,0.7704918032786885,0.6,0.005111453333333333,0.06666666666666667,1.6666666666666667,0.32786885245901637,0.3333333333333333,45.83225771651858,0.2867023924,5,0.05791603406922097,0.508478203,16.854365634394668,0.011059505080851073,1,0,1,38,3920419,Zambia,Group Stage
0.585150003,5.0,0.0,94.0,84.0,28.0,5.0,16.0,61.0,4.0,2.0,0.8936170212765957,0.8461538461538461,0.0390100002,0.3333333333333333,1.0666666666666667,0.2978723404255319,0.5,61.15733763662753,1.4276062649999999,13,-0.0034027086578268806,53,0.0766718,1.0,0.0,60.0,46.0,21.0,1.0,25.0,44.0,3.0,1.0,0.7666666666666667,0.6363636363636364,0.005111453333333333,0.06666666666666667,1.6666666666666667,0.35,0.3333333333333333,47.66665963039418,0.2867023924,5,0.054090897457199194,0.508478203,13.490678006233352,0.06566943415886517,1,0,1,37,3920419,Zambia,Group Stage
0.531655747,4.0,0.0,90.0,79.0,27.0,4.0,19.0,57.0,1.0,1.0,0.8777777777777778,0.8461538461538461,0.035443716466666664,0.26666666666666666,1.2666666666666666,0.3,1.0,59.94329860962941,1.4276062649999999,13,-0.019241952156644815,54,0.0766718,1.0,0.0,68.0,52.0,23.0,1.0,25.0,47.0,3.0,1.0,0.7647058823529411,0.6153846153846154,0.005111453333333333,0.06666666666666667,1.6666666666666667,0.3382352941176471,0.3333333333333333,49.99725486848943,0.2867023924,5,0.0521301131434736,0.45498394699999994,9.946043741139981,0.1606645262666666,1,0,1,36,3920419,Zambia,Group Stage
0.523615663,3.0,0.0,98.0,87.0,29.0,3.0,18.0,62.0,1.0,1.0,0.8877551020408163,0.8666666666666667,0.034907710866666664,0.2,1.2,0.29591836734693877,1.0,58.71693079353745,1.4276062649999999,13,-0.00926462789360627,55,0.0766718,1.0,0.0,66.0,50.0,22.0,1.0,26.0,46.0,2.0,1.0,0.7575757575757576,0.6153846153846154,0.005111453333333333,0.06666666666666667,1.7333333333333334,0.3333333333333333,0.5,49.60158820182276,0.2867023924,5,0.044999988366290045,0.44694386299999994,9.115342591714693,0.08884421574693868,1,0,1,35,3920419,Zambia,Group Stage
0.523615663,3.0,0.0,92.0,81.0,26.0,3.0,22.0,57.0,1.0,1.0,0.8804347826086957,0.8571428571428571,0.034907710866666664,0.2,1.4666666666666666,0.2826086956521739,1.0,56.66698693388833,1.4276062649999999,13,-0.016584947325726906,56,0.0766718,1.0,0.0,78.0,61.0,27.0,1.0,24.0,58.0,2.0,1.0,0.782051282051282,0.7058823529411765,0.005111453333333333,0.06666666666666667,1.6,0.34615384615384615,0.5,52.39687957711413,0.2867023924,5,0.06947551284181452,0.44694386299999994,4.270107356774204,0.2755345440521739,1,0,1,34,3920419,Zambia,Group Stage
0.523615663,3.0,0.0,94.0,81.0,30.0,3.0,24.0,55.0,1.0,1.0,0.8617021276595744,0.7692307692307693,0.034907710866666664,0.2,1.6,0.3191489361702128,1.0,55.20047121061789,1.4276062649999999,13,-0.03531760227484815,57,0.0766718,1.0,0.0,76.0,60.0,26.0,1.0,24.0,60.0,2.0,1.0,0.7894736842105263,0.7647058823529411,0.005111453333333333,0.06666666666666667,1.6,0.34210526315789475,0.5,53.497546243780796,0.2867023924,5,0.0768979150010588,0.44694386299999994,1.7029249668370952,0.37874145123687963,1,0,1,33,3920419,Zambia,Group Stage
0.523615663,3.0,0.0,90.0,77.0,29.0,3.0,26.0,53.0,1.0,1.0,0.8555555555555555,0.7692307692307693,0.034907710866666664,0.2,1.7333333333333334,0.32222222222222224,1.0,51.390072486534955,1.4276062649999999,13,-0.04146417437886707,58,0.10870548199999999,2.0,0.0,84.0,68.0,28.0,2.0,23.0,68.0,3.0,2.0,0.8095238095238095,0.7894736842105263,0.007247032133333333,0.13333333333333333,1.5333333333333334,0.3333333333333333,0.6666666666666666,57.21042503165959,0.3187360744,6,0.09694804031434201,0.414910181,-5.820352545124635,0.47754357968888883,1,0,1,32,3920419,Zambia,Group Stage
0.523615663,3.0,0.0,90.0,76.0,30.0,3.0,28.0,53.0,1.0,1.0,0.8444444444444444,0.7692307692307693,0.034907710866666664,0.2,1.8666666666666667,0.3333333333333333,1.0,46.14407248653495,1.4276062649999999,13,-0.05257528548997814,59,0.10870548199999999,2.0,0.0,85.0,70.0,29.0,2.0,22.0,74.0,4.0,3.0,0.8235294117647058,0.7894736842105263,0.007247032133333333,0.13333333333333333,1.4666666666666666,0.3411764705882353,0.75,62.44449910573366,0.3187360744,6,0.11095364255523832,0.414910181,-16.30042661919871,0.5886546908,1,0,1,31,3920419,Zambia,Group Stage
0.523615663,3.0,0.0,91.0,78.0,29.0,3.0,29.0,52.0,1.0,1.0,0.8571428571428571,0.8333333333333334,0.034907710866666664,0.2,1.9333333333333333,0.31868131868131866,1.0,44.71814428140676,1.4276062649999999,13,-0.03987687279156549,60,0.1161628314,3.0,0.0,80.0,67.0,26.0,3.0,22.0,72.0,4.0,3.0,0.8375,0.7894736842105263,0.00774418876,0.2,1.4666666666666666,0.325,0.75,63.59145562747279,0.3261934238,7,0.1249242307905325,0.40745283159999995,-18.873311346066032,0.6063416962279852,1,0,1,30,3920419,Zambia,Group Stage
0.104795426,1.0,0.0,84.0,72.0,24.0,1.0,33.0,38.0,1.0,1.0,0.8571428571428571,0.6666666666666666,0.006986361733333333,0.06666666666666667,2.2,0.2857142857142857,1.0,43.39341253774057,1.4276062649999999,13,-0.03987687279156549,61,0.1161628314,3.0,0.0,82.0,69.0,26.0,3.0,17.0,78.0,4.0,3.0,0.8414634146341463,0.8095238095238095,0.00774418876,0.2,1.1333333333333333,0.3170731707317073,0.75,64.22963744565462,0.3261934238,7,0.1288876454246788,-0.011367405400000002,-20.836224907914044,0.8175319649942858,1,0,1,29,3920419,Zambia,Group Stage
0.104795426,1.0,0.0,82.0,71.0,23.0,1.0,33.0,38.0,1.0,1.0,0.8658536585365854,0.6666666666666666,0.006986361733333333,0.06666666666666667,2.2,0.2804878048780488,1.0,44.54007920440724,1.4276062649999999,13,-0.031166071397837225,62,0.1161628314,3.0,0.0,85.0,73.0,26.0,3.0,17.0,77.0,4.0,3.0,0.8588235294117647,0.8,0.00774418876,0.2,1.1333333333333333,0.3058823529411765,0.75,63.79397606999324,0.3261934238,7,0.14624776020229713,-0.011367405400000002,-19.253896865586,0.8123054841580488,1,0,1,28,3920419,Zambia,Group Stage
0.104795426,1.0,0.0,84.0,72.0,23.0,1.0,35.0,40.0,1.0,1.0,0.8571428571428571,0.5714285714285714,0.006986361733333333,0.06666666666666667,2.3333333333333335,0.27380952380952384,1.0,43.293614557942604,1.4276062649999999,13,-0.03987687279156549,63,0.1598679374,4.0,0.0,93.0,80.0,27.0,4.0,17.0,82.0,4.0,4.0,0.8602150537634409,0.8095238095238095,0.010657862493333333,0.26666666666666666,1.1333333333333333,0.2903225806451613,1.0,64.23356227688978,0.3698985298,8,0.14763928455397335,-0.055072511399999996,-20.93994771894718,0.8664665222895238,1,0,1,27,3920419,Zambia,Group Stage
0.104795426,1.0,0.0,85.0,73.0,24.0,1.0,35.0,42.0,1.0,1.0,0.8588235294117647,0.5714285714285714,0.006986361733333333,0.06666666666666667,2.3333333333333335,0.2823529411764706,1.0,41.22156327589132,1.4276062649999999,13,-0.03819620052265793,64,0.1598679374,4.0,0.0,94.0,80.0,27.0,4.0,17.0,85.0,5.0,5.0,0.851063829787234,0.85,0.010657862493333333,0.26666666666666666,1.1333333333333333,0.2872340425531915,1.0,67.67701465784216,0.3698985298,8,0.13848806057776653,-0.055072511399999996,-26.455451381950844,0.8750099396564706,1,0,1,26,3920419,Zambia,Group Stage
0.104795426,1.0,0.0,81.0,68.0,25.0,1.0,37.0,35.0,0.0,0.0,0.8395061728395061,0.6666666666666666,0.006986361733333333,0.06666666666666667,2.466666666666667,0.30864197530864196,,44.14642994255799,1.4276062649999999,13,-0.057513557094916457,65,0.08319613740000001,3.0,0.0,98.0,85.0,30.0,3.0,13.0,89.0,5.0,5.0,0.8673469387755102,0.8695652173913043,0.005546409160000001,0.2,0.8666666666666667,0.30612244897959184,1.0,64.84927775706178,0.3698985298,8,0.15477116956604264,0.02159928859999999,-20.702847814503798,1.1115218804553086,1,0,1,25,3920419,Zambia,Group Stage
0.0,0.0,0.0,96.0,83.0,29.0,0.0,35.0,43.0,0.0,0.0,0.8645833333333334,0.75,0.0,0.0,2.3333333333333335,0.3020833333333333,,41.32601327589132,1.4276062649999999,13,-0.03243639660108921,66,0.08319613740000001,3.0,0.0,86.0,72.0,28.0,3.0,18.0,84.0,5.0,5.0,0.8372093023255814,0.8571428571428571,0.005546409160000001,0.2,1.2,0.32558139534883723,1.0,66.79125577903982,0.3698985298,8,0.12463353311611391,-0.08319613740000001,-25.465242503148495,0.8576571816799999,1,0,1,24,3920419,Zambia,Group Stage
0.0,0.0,0.0,96.0,83.0,29.0,0.0,36.0,40.0,0.0,0.0,0.8645833333333334,0.75,0.0,0.0,2.4,0.3020833333333333,,44.11845772033576,1.4276062649999999,13,-0.03243639660108921,67,0.08319613740000001,3.0,0.0,83.0,71.0,27.0,3.0,18.0,86.0,5.0,5.0,0.8554216867469879,0.8636363636363636,0.005546409160000001,0.2,1.2,0.3253012048192771,1.0,63.6461042638883,0.3698985298,8,0.1428459175375204,-0.08319613740000001,-19.527646543552535,0.8909905150133332,1,0,1,23,3920419,Zambia,Group Stage
0.0,0.0,0.0,101.0,89.0,29.0,0.0,35.0,42.0,0.0,0.0,0.8811881188118812,0.7777777777777778,0.0,0.0,2.3333333333333335,0.2871287128712871,,45.16641010128815,1.4276062649999999,13,-0.01583161112254139,68,0.08319613740000001,3.0,0.0,87.0,75.0,26.0,3.0,19.0,83.0,5.0,5.0,0.8620689655172413,0.8571428571428571,0.005546409160000001,0.2,1.2666666666666666,0.2988505747126437,1.0,62.27763308594343,0.3698985298,8,0.1494931963077738,-0.08319613740000001,-17.111222984655278,0.8093692278846205,1,0,1,22,3920419,Zambia,Group Stage
0.0,0.0,0.0,104.0,91.0,30.0,0.0,33.0,42.0,0.0,0.0,0.875,0.7,0.0,0.0,2.2,0.28846153846153844,,45.3136834090787,1.4276062649999999,13,-0.022019729934422583,69,0.08319613740000001,3.0,0.0,80.0,69.0,24.0,3.0,19.0,77.0,5.0,5.0,0.8625,0.85,0.005546409160000001,0.2,1.2666666666666666,0.3,1.0,61.76231562562597,0.3698985298,8,0.14992423079053252,-0.08319613740000001,-16.448632216547274,0.744035386808205,1,0,1,21,3920419,Zambia,Group Stage
0.0,0.0,0.0,86.0,74.0,27.0,0.0,34.0,37.0,0.0,0.0,0.8604651162790697,0.625,0.0,0.0,2.2666666666666666,0.313953488372093,,47.109016742412024,1.4276062649999999,13,-0.03655461365535284,70,0.08319613740000001,3.0,0.0,85.0,75.0,24.0,3.0,17.0,76.0,5.0,5.0,0.8823529411764706,0.85,0.005546409160000001,0.2,1.1333333333333333,0.2823529411764706,1.0,61.36631562562597,0.3698985298,8,0.16977717196700304,-0.08319613740000001,-14.257298883213949,0.8695273367187597,1,0,1,20,3920419,Zambia,Group Stage
0.0,0.0,0.0,81.0,70.0,26.0,0.0,28.0,35.0,0.0,0.0,0.8641975308641975,0.5714285714285714,0.0,0.0,1.8666666666666667,0.32098765432098764,,48.95141674241202,1.4276062649999999,13,-0.0328221990702251,71,0.08319613740000001,3.0,0.0,80.0,71.0,21.0,3.0,16.0,62.0,5.0,5.0,0.8875,0.875,0.005546409160000001,0.2,1.0666666666666667,0.2625,1.0,60.95704514302216,0.3698985298,8,0.17492423079053243,-0.08319613740000001,-12.005628400610135,0.7098948360009875,1,0,1,19,3920419,Zambia,Group Stage
0.0,0.0,0.0,65.0,54.0,21.0,0.0,26.0,31.0,0.0,0.0,0.8307692307692308,0.6666666666666666,0.0,0.0,1.7333333333333334,0.3230769230769231,,48.12993246568247,1.4276062649999999,13,-0.06625049916519177,72,0.08319613740000001,3.0,0.0,79.0,70.0,20.0,3.0,14.0,61.0,5.0,5.0,0.8860759493670886,0.8666666666666667,0.005546409160000001,0.2,0.9333333333333333,0.25316455696202533,1.0,59.927045143022156,0.3698985298,8,0.17350018015762103,-0.08319613740000001,-11.797112677339683,0.711984104756923,1,0,1,18,3920419,Zambia,Group Stage
0.0,0.0,0.0,67.0,56.0,22.0,0.0,21.0,34.0,0.0,0.0,0.835820895522388,0.5714285714285714,0.0,0.0,1.4,0.3283582089552239,,49.041680717430715,1.4276062649999999,13,-0.06119883441203455,73,0.0511624554,2.0,0.0,74.0,64.0,19.0,2.0,16.0,49.0,4.0,4.0,0.8648648648648649,0.9090909090909091,0.00341083036,0.13333333333333333,1.0666666666666667,0.25675675675675674,1.0,59.089362433574735,0.3698985298,8,0.1522890956553974,-0.0511624554,-10.04768171614402,0.48820321490189056,1,0,1,17,3920419,Zambia,Group Stage
0.0,0.0,0.0,78.0,67.0,25.0,0.0,21.0,40.0,0.0,0.0,0.8589743589743589,0.6666666666666666,0.0,0.0,1.4,0.32051282051282054,,52.104220399970394,1.4276062649999999,13,-0.03804537096006366,74,0.0511624554,2.0,0.0,74.0,63.0,20.0,2.0,18.0,49.0,3.0,3.0,0.8513513513513513,0.8461538461538461,0.00341083036,0.13333333333333333,1.2,0.2702702702702703,1.0,56.37682682103913,0.3698985298,8,0.1387755821418838,-0.0511624554,-4.272606421068737,0.41369115979282045,1,0,1,16,3920419,Zambia,Group Stage
0.0,0.0,0.0,70.0,59.0,25.0,0.0,19.0,37.0,0.0,0.0,0.8428571428571429,0.625,0.0,0.0,1.2666666666666666,0.35714285714285715,,54.941888287638285,1.4276062649999999,13,-0.05416258707727972,75,0.043705106,1.0,0.0,73.0,62.0,20.0,1.0,16.0,47.0,2.0,2.0,0.8493150684931506,0.8461538461538461,0.002913673733333333,0.06666666666666667,1.0666666666666667,0.273972602739726,1.0,53.978365282577585,0.3698985298,8,0.1367392992836831,-0.043705106,0.9635230050607007,0.4513155096761905,1,0,1,15,3920419,Zambia,Group Stage
0.0,0.0,0.0,58.0,47.0,23.0,0.0,15.0,32.0,0.0,0.0,0.8103448275862069,0.625,0.0,0.0,1.0,0.39655172413793105,,55.99336736411737,1.4276062649999999,13,-0.08667490234821573,76,0.043705106,1.0,0.0,71.0,60.0,20.0,1.0,13.0,41.0,2.0,2.0,0.8450704225352113,0.8181818181818182,0.002913673733333333,0.06666666666666667,0.8666666666666667,0.28169014084507044,1.0,53.828388592600895,0.3698985298,8,0.13249465332574373,-0.043705106,2.1649787715164734,0.457391043337931,1,0,1,14,3920419,Zambia,Group Stage
0.0,0.0,0.0,63.0,50.0,27.0,0.0,18.0,33.0,0.0,0.0,0.7936507936507936,0.6666666666666666,0.0,0.0,1.2,0.42857142857142855,,55.79301648692438,1.4276062649999999,13,-0.10336893628362898,77,0.043705106,1.0,0.0,68.0,56.0,20.0,1.0,13.0,45.0,2.0,2.0,0.8235294117647058,0.7857142857142857,0.002913673733333333,0.06666666666666667,0.8666666666666667,0.29411764705882354,1.0,54.073052817265115,0.3698985298,8,0.11095364255523832,-0.043705106,1.7199636696592648,0.5894107477714285,1,0,1,13,3920419,Zambia,Group Stage
0.0,0.0,0.0,61.0,49.0,27.0,0.0,16.0,30.0,0.0,0.0,0.8032786885245902,0.75,0.0,0.0,1.0666666666666667,0.4426229508196721,,56.6261478000557,1.4276062649999999,13,-0.09374104140983242,78,0.006030566,1.0,0.0,63.0,52.0,19.0,1.0,12.0,41.0,1.0,1.0,0.8253968253968254,0.7692307692307693,0.00040203773333333335,0.06666666666666667,0.8,0.30158730158730157,1.0,53.35546661036857,0.3759290958,9,0.11282105618735783,-0.006030566,3.2706811896871244,0.5751522086863387,1,0,1,12,3920419,Zambia,Group Stage
0.0,0.0,0.0,66.0,52.0,29.0,0.0,17.0,34.0,0.0,0.0,0.7878787878787878,0.7,0.0,0.0,1.1333333333333333,0.4393939393939394,,59.01689473428089,1.4276062649999999,13,-0.10914094205563474,79,0.006030566,1.0,0.0,60.0,49.0,19.0,1.0,14.0,42.0,0.0,0.0,0.8166666666666667,0.7333333333333333,0.00040203773333333335,0.06666666666666667,0.9333333333333333,0.31666666666666665,,51.774990419892376,0.3759290958,9,0.10409089745719913,-0.006030566,7.241904314388513,0.5385898639272727,1,0,1,11,3920419,Zambia,Group Stage
0.0,0.0,0.0,67.0,55.0,28.0,0.0,14.0,37.0,0.0,0.0,0.8208955223880597,0.7,0.0,0.0,0.9333333333333333,0.417910447761194,,59.3114185438047,1.4276062649999999,13,-0.07612420754636284,80,0.006030566,1.0,0.0,55.0,45.0,17.0,1.0,15.0,36.0,0.0,0.0,0.8181818181818182,0.6363636363636364,0.00040203773333333335,0.06666666666666667,1.0,0.3090909090909091,,52.000674180576134,0.3759290958,9,0.10560604897235071,-0.006030566,7.310744363228565,0.38377303896119397,1,0,1,10,3920419,Zambia,Group Stage
0.0,0.0,0.0,52.0,39.0,24.0,0.0,14.0,29.0,0.0,0.0,0.75,0.625,0.0,0.0,0.9333333333333333,0.46153846153846156,,58.531835210471364,1.4276062649999999,13,-0.14701972993442258,81,0.006030566,1.0,0.0,63.0,53.0,19.0,1.0,10.0,36.0,0.0,0.0,0.8412698412698413,0.6363636363636364,0.00040203773333333335,0.06666666666666667,0.6666666666666666,0.30158730158730157,,50.43527735517931,0.3759290958,9,0.12869407206037375,-0.006030566,8.096557855292055,0.5940677194051283,1,0,1,9,3920419,Zambia,Group Stage
0.057482533,1.0,0.0,52.0,39.0,24.0,0.0,13.0,33.0,0.0,0.0,0.75,0.625,0.0038321688666666668,0.06666666666666667,0.8666666666666667,0.46153846153846156,,61.28627965491581,1.4850887979999998,14,-0.14701972993442258,82,0.006030566,1.0,0.0,60.0,50.0,18.0,1.0,11.0,35.0,0.0,0.0,0.8333333333333334,0.6,0.00040203773333333335,0.06666666666666667,0.7333333333333333,0.3,,49.52914940905137,0.3759290958,9,0.12075756412386585,0.051451967,11.757130245864438,0.5350653904717948,1,0,1,8,3920419,Zambia,Group Stage
0.057482533,1.0,0.0,45.0,32.0,22.0,0.0,13.0,30.0,0.0,0.0,0.7111111111111111,0.5714285714285714,0.0038321688666666668,0.06666666666666667,0.8666666666666667,0.4888888888888889,,63.97927965491581,1.4850887979999998,14,-0.18590861882331144,83,0.006030566,1.0,0.0,50.0,40.0,18.0,1.0,10.0,36.0,0.0,0.0,0.8,0.5,0.00040203773333333335,0.06666666666666667,0.6666666666666666,0.36,,48.45533988524185,0.3759290958,9,0.08742423079053252,0.051451967,15.523939769673959,0.5957491511555555,1,0,1,7,3920419,Zambia,Group Stage
0.067953517,2.0,0.0,43.0,31.0,23.0,1.0,13.0,32.0,0.0,0.0,0.7209302325581395,0.7142857142857143,0.004530234466666667,0.13333333333333333,0.8666666666666667,0.5348837209302325,,64.46514385244667,1.4955597819999997,15,-0.1760894973762831,84,0.006030566,1.0,0.0,51.0,42.0,19.0,1.0,11.0,38.0,0.0,0.0,0.8235294117647058,0.5555555555555556,0.00040203773333333335,0.06666666666666667,0.7333333333333333,0.37254901960784315,,47.923812107464066,0.3759290958,9,0.11095364255523832,0.061922951000000004,16.541331744982607,0.6098067810635659,1,0,1,6,3920419,Zambia,Group Stage
0.067953517,2.0,0.0,44.0,31.0,23.0,1.0,12.0,34.0,0.0,0.0,0.7045454545454546,0.7142857142857143,0.004530234466666667,0.13333333333333333,0.8,0.5227272727272727,,65.93981051911334,1.4955597819999997,15,-0.192474275388968,85,0.006030566,1.0,0.0,50.0,40.0,20.0,1.0,11.0,40.0,0.0,0.0,0.8,0.5555555555555556,0.00040203773333333335,0.06666666666666667,0.7333333333333333,0.4,,48.661760825412784,0.3759290958,9,0.08742423079053252,0.061922951000000004,17.278049693700552,0.5643169995272728,1,0,1,5,3920419,Zambia,Group Stage
0.067953517,2.0,0.0,45.0,31.0,23.0,1.0,16.0,35.0,0.0,0.0,0.6888888888888889,0.7142857142857143,0.004530234466666667,0.13333333333333333,1.0666666666666667,0.5111111111111111,,62.22721792652075,1.4955597819999997,15,-0.2081308410455337,86,0.034929768,2.0,0.0,56.0,45.0,19.0,2.0,11.0,48.0,1.0,1.0,0.8035714285714286,0.6666666666666666,0.0023286512,0.13333333333333333,0.7333333333333333,0.3392857142857143,1.0,50.922941716448754,0.4048282978,10,0.09099565936196108,0.033023749000000005,11.304276210071997,0.6821809443111109,1,0,1,4,3920419,Zambia,Group Stage
0.067953517,2.0,0.0,43.0,31.0,21.0,1.0,18.0,36.0,0.0,0.0,0.7209302325581395,0.7142857142857143,0.004530234466666667,0.13333333333333333,1.2,0.4883720930232558,,60.56359887890169,1.4955597819999997,15,-0.1760894973762831,87,0.07007729800000001,3.0,0.0,66.0,53.0,24.0,2.0,12.0,51.0,1.0,1.0,0.803030303030303,0.6666666666666666,0.004671819866666667,0.2,0.8,0.36363636363636365,1.0,51.30871949422653,0.4399758278,11,0.09045453382083546,-0.002123781000000005,9.254879384675164,0.6880889222232559,1,0,1,3,3920419,Zambia,Group Stage
0.067953517,2.0,0.0,42.0,30.0,21.0,1.0,18.0,36.0,1.0,0.0,0.7142857142857143,0.8333333333333334,0.004530234466666667,0.13333333333333333,1.2,0.5,0.0,62.15154759685041,1.4955597819999997,15,-0.18273401564870828,88,0.07007729800000001,3.0,0.0,61.0,50.0,22.0,2.0,11.0,52.0,1.0,1.0,0.819672131147541,0.6666666666666666,0.004671819866666667,0.2,0.7333333333333333,0.36065573770491804,1.0,49.45185674912849,0.4399758278,11,0.10709636193807348,-0.002123781000000005,12.699690847721925,0.7330501625333334,1,0,1,2,3920419,Zambia,Group Stage
0.067953517,2.0,0.0,35.0,23.0,19.0,1.0,22.0,34.0,1.0,0.0,0.6571428571428571,0.7142857142857143,0.004530234466666667,0.13333333333333333,1.4666666666666666,0.5428571428571428,0.0,61.21234124764407,1.4955597819999997,15,-0.23987687279156544,89,0.07007729800000001,3.0,0.0,72.0,61.0,23.0,2.0,11.0,59.0,1.0,1.0,0.8472222222222222,0.7333333333333333,0.004671819866666667,0.2,0.7333333333333333,0.3194444444444444,1.0,49.59117298844472,0.4399758278,11,0.13464645301275469,-0.002123781000000005,11.62116825919935,0.9092406387238094,1,0,1,1,3920419,Zambia,Group Stage
0.067953517,2.0,0.0,38.0,24.0,22.0,1.0,22.0,34.0,1.0,0.0,0.631578947368421,0.7142857142857143,0.004530234466666667,0.13333333333333333,1.4666666666666666,0.5789473684210527,0.0,60.28091267621549,1.4955597819999997,15,-0.26544078256600157,90,0.07007729800000001,3.0,0.0,74.0,62.0,24.0,2.0,11.0,60.0,1.0,1.0,0.8378378378378378,0.7333333333333333,0.004671819866666667,0.2,0.7333333333333333,0.32432432432432434,1.0,50.4004678602396,0.4399758278,11,0.1252620686283703,-0.002123781000000005,9.880444815975892,0.9453308642877194,1,0,1,0,3920419,Zambia,Group Stage
0.19747545700000002,3.0,0.0,42.0,28.0,24.0,2.0,23.0,38.0,1.0,0.0,0.6666666666666666,0.7142857142857143,0.013165030466666668,0.2,1.5333333333333334,0.5714285714285714,0.0,59.842658707961526,1.6250817219999998,16,-0.23035306326775595,91,0.07007729800000001,3.0,0.0,84.0,71.0,27.0,2.0,13.0,61.0,1.0,1.0,0.8452380952380952,0.75,0.004671819866666667,0.2,0.8666666666666667,0.32142857142857145,1.0,50.42369130346304,0.4399758278,11,0.1326623260286277,0.127398159,9.418967404498488,0.9217483259619048,1,0,1,0,3920419,Zambia,Group Stage
0.798645573,5.0,0.0,50.0,37.0,23.0,3.0,19.0,40.0,1.0,0.0,0.74,0.75,0.0532430382,0.3333333333333333,1.2666666666666666,0.46,0.0,60.855866728011655,2.2262518379999996,18,-0.1570197299344226,92,0.07007729800000001,3.0,0.0,83.0,68.0,28.0,2.0,14.0,57.0,1.0,1.0,0.8192771084337349,0.7692307692307693,0.004671819866666667,0.2,0.9333333333333333,0.3373493975903614,1.0,49.30870961848136,0.4399758278,11,0.10670133922426739,0.728568275,11.547157109530296,0.7238091033333333,1,0,1,0,3920419,Zambia,Group Stage
0.993885223,6.0,0.0,58.0,45.0,24.0,4.0,21.0,42.0,1.0,0.0,0.7758620689655172,0.75,0.06625901486666667,0.4,1.4,0.41379310344827586,0.0,63.975023816134254,2.4214914879999996,19,-0.12115766096890535,93,0.064046732,2.0,0.0,85.0,69.0,30.0,1.0,15.0,60.0,1.0,1.0,0.8117647058823529,0.7333333333333333,0.004269782133333333,0.13333333333333333,1.0,0.35294117647058826,1.0,48.7510905708623,0.4399758278,11,0.09918893667288542,0.929838491,15.223933245271951,0.7377715689149427,1,0,1,0,3920419,Zambia,Group Stage
0.993885223,6.0,0.0,52.0,41.0,21.0,4.0,20.0,37.0,1.0,0.0,0.7884615384615384,0.8333333333333334,0.06625901486666667,0.4,1.3333333333333333,0.40384615384615385,0.0,60.88632816396034,2.4214914879999996,19,-0.10855819147288415,94,0.064046732,2.0,0.0,83.0,69.0,29.0,1.0,14.0,56.0,1.0,1.0,0.8313253012048193,0.7692307692307693,0.004269782133333333,0.13333333333333333,0.9333333333333333,0.3493975903614458,1.0,50.292519142290885,0.4399758278,11,0.11874953199535176,0.929838491,10.593809021669458,0.7278246193128207,1,0,1,0,3920419,Zambia,Group Stage
0.993885223,6.0,0.0,49.0,38.0,20.0,4.0,19.0,34.0,1.0,0.0,0.7755102040816326,0.8333333333333334,0.06625901486666667,0.4,1.2666666666666666,0.40816326530612246,0.0,56.55013768776987,2.4214914879999996,19,-0.12150952585278996,95,0.064046732,2.0,0.0,80.0,65.0,27.0,1.0,13.0,54.0,1.0,1.0,0.8125,0.7692307692307693,0.004269782133333333,0.13333333333333333,0.8666666666666667,0.3375,1.0,52.97196358673533,0.4399758278,11,0.09992423079053248,0.929838491,3.5781741010345414,0.7321417307727891,1,0,1,0,3920419,Zambia,Group Stage
0.993885223,6.0,0.0,48.0,38.0,19.0,4.0,19.0,34.0,1.0,0.0,0.7916666666666666,0.8333333333333334,0.06625901486666667,0.4,1.2666666666666666,0.3958333333333333,0.0,55.75347102110321,2.4214914879999996,19,-0.10535306326775595,96,0.064046732,2.0,0.0,71.0,57.0,25.0,1.0,13.0,54.0,1.0,1.0,0.8028169014084507,0.7692307692307693,0.004269782133333333,0.13333333333333333,0.8666666666666667,0.352112676056338,1.0,55.2497413645131,0.4399758278,11,0.09024113219898322,0.929838491,0.5037296565901102,0.7198117988000001,1,0,1,0,3920419,Zambia,Group Stage
0.0,0.0,0.0,11.0,10.0,2.0,0.0,1.0,1.0,0.0,0.0,0.9090909090909091,,0.0,0.0,0.06666666666666667,0.18181818181818182,,44.753125000000004,0.0,0,0.057624959971326994,0,0.0,0.0,0.0,3.0,2.0,2.0,0.0,1.0,2.0,0.0,0.0,0.6666666666666666,0.0,0.0,0.0,0.06666666666666667,0.6666666666666666,,31.299999999999997,0.0,0,-0.21575176265312868,0.0,13.453125000000007,0.18181818181818182,0,0,0,90,3922243,South Africa,Round of 16
0.0,0.0,0.0,21.0,19.0,4.0,0.0,2.0,5.0,0.0,0.0,0.9047619047619048,1.0,0.0,0.0,0.13333333333333333,0.19047619047619047,,48.0234375,0.0,0,0.0532959556423227,1,0.0,0.0,0.0,8.0,7.0,4.0,0.0,3.0,4.0,0.0,0.0,0.875,0.0,0.0,0.0,0.2,0.5,,38.54736842105263,0.0,0,-0.0074184293197953055,0.0,9.476069078947368,0.1571428571428571,0,0,0,89,3922243,South Africa,Round of 16
0.0,0.0,0.0,23.0,21.0,5.0,0.0,2.0,5.0,0.0,0.0,0.9130434782608695,1.0,0.0,0.0,0.13333333333333333,0.21739130434782608,,39.98229166666667,0.0,0,0.061577529141287446,2,0.0,0.0,0.0,16.0,14.0,6.0,0.0,3.0,4.0,0.0,0.0,0.875,0.0,0.0,0.0,0.2,0.375,,41.575057208237986,0.0,0,-0.0074184293197953055,0.0,-1.5927655415713176,0.18405797101449275,0,0,0,88,3922243,South Africa,Round of 16
0.0,0.0,0.0,31.0,27.0,8.0,0.0,7.0,12.0,0.0,0.0,0.8709677419354839,0.75,0.0,0.0,0.4666666666666667,0.25806451612903225,,46.57265625,0.0,0,0.01950179281590181,3,0.0,0.0,0.0,25.0,22.0,9.0,0.0,8.0,16.0,0.0,0.0,0.88,0.8,0.0,0.0,0.5333333333333333,0.36,,38.53754290617849,0.0,0,-0.002418429319795301,0.0,8.035113343821514,0.22473118279569892,0,0,0,87,3922243,South Africa,Round of 16
0.0,0.0,0.0,31.0,27.0,8.0,0.0,8.0,12.0,0.0,0.0,0.8709677419354839,0.75,0.0,0.0,0.5333333333333333,0.25806451612903225,,43.858125,0.0,0,0.01950179281590181,4,0.0,0.0,0.0,33.0,30.0,11.0,0.0,8.0,19.0,0.0,0.0,0.9090909090909091,0.8,0.0,0.0,0.5333333333333333,0.3333333333333333,,42.30586765827612,0.0,0,0.026672479771113755,0.0,1.5522573417238803,0.2580645161290322,0,0,0,86,3922243,South Africa,Round of 16
0.0,0.0,0.0,39.0,31.0,11.0,0.0,10.0,21.0,0.0,0.0,0.7948717948717948,0.7142857142857143,0.0,0.0,0.6666666666666666,0.28205128205128205,,40.13653273809524,0.0,0,-0.05659415424778724,5,0.0,0.0,0.0,35.0,32.0,13.0,0.0,12.0,26.0,1.0,1.0,0.9142857142857143,0.8,0.0,0.0,0.8,0.37142857142857144,1.0,50.349681381896765,0.0,0,0.03186728496591895,0.0,-10.213148643801524,0.2153846153846154,0,0,0,85,3922243,South Africa,Round of 16
0.0,0.0,0.0,51.0,43.0,13.0,0.0,12.0,26.0,0.0,0.0,0.8431372549019608,0.75,0.0,0.0,0.8,0.2549019607843137,,41.85834080253723,0.0,0,-0.00832869421762128,6,0.0,0.0,0.0,37.0,33.0,15.0,0.0,14.0,31.0,1.0,1.0,0.8918918918918919,0.6666666666666666,0.0,0.0,0.9333333333333333,0.40540540540540543,1.0,51.85845705749882,0.0,0,0.00947346257209658,0.0,-10.00011625496159,0.18823529411764706,0,0,0,84,3922243,South Africa,Round of 16
0.086311124,1.0,0.0,58.0,50.0,16.0,1.0,12.0,27.0,0.0,0.0,0.8620689655172413,0.75,0.005754074933333334,0.06666666666666667,0.8,0.27586206896551724,,42.09650274767462,0.086311124,1,0.01060301639765926,7,0.0,0.0,0.0,37.0,33.0,15.0,0.0,15.0,31.0,1.0,1.0,0.8918918918918919,0.6666666666666666,0.0,0.0,1.0,0.40540540540540543,1.0,50.035524925311464,0.0,0,0.00947346257209658,0.086311124,-7.9390221776368435,0.18737021883218397,0,0,0,83,3922243,South Africa,Round of 16
0.086311124,1.0,0.0,62.0,51.0,16.0,1.0,12.0,29.0,0.0,0.0,0.8225806451612904,0.6,0.005754074933333334,0.06666666666666667,0.8,0.25806451612903225,,48.95244688682189,0.086311124,1,-0.028885303958291697,8,0.0,0.0,0.0,37.0,33.0,15.0,0.0,16.0,34.0,1.0,1.0,0.8918918918918919,0.6666666666666666,0.0,0.0,1.0666666666666667,0.40540540540540543,1.0,46.04268882249908,0.0,0,0.00947346257209658,0.086311124,2.9097580643228085,0.13623933266236554,0,0,0,82,3922243,South Africa,Round of 16
0.086311124,1.0,0.0,62.0,51.0,16.0,1.0,13.0,29.0,0.0,0.0,0.8225806451612904,0.6,0.005754074933333334,0.06666666666666667,0.8666666666666667,0.25806451612903225,,52.8722021981397,0.086311124,1,-0.028885303958291697,9,0.0,0.0,0.0,41.0,37.0,16.0,0.0,16.0,35.0,1.0,1.0,0.9024390243902439,0.6666666666666666,0.0,0.0,1.0666666666666667,0.3902439024390244,1.0,44.86205630388554,0.0,0,0.02002059507044862,0.086311124,8.010145894254165,0.16957266599569898,0,0,0,81,3922243,South Africa,Round of 16
0.136196064,2.0,0.0,67.0,56.0,18.0,2.0,14.0,34.0,0.0,0.0,0.835820895522388,0.6363636363636364,0.0090797376,0.13333333333333333,0.9333333333333333,0.26865671641791045,,53.80200199830882,0.136196064,2,-0.015645053597194036,10,0.0,0.0,0.0,44.0,39.0,16.0,0.0,19.0,40.0,2.0,2.0,0.8863636363636364,0.5714285714285714,0.0,0.0,1.2666666666666666,0.36363636363636365,1.0,45.449028458077755,0.0,0,0.003945207043841048,0.136196064,8.352973540231062,0.12014952495124387,0,0,0,80,3922243,South Africa,Round of 16
0.136196064,2.0,0.0,68.0,56.0,18.0,2.0,14.0,34.0,0.0,0.0,0.8235294117647058,0.6363636363636364,0.0090797376,0.13333333333333333,0.9333333333333333,0.2647058823529412,,58.864335165116415,0.136196064,2,-0.027936537354876223,11,0.0,0.0,0.0,57.0,52.0,19.0,0.0,19.0,42.0,2.0,2.0,0.9122807017543859,0.5714285714285714,0.0,0.0,1.2666666666666666,0.3333333333333333,1.0,44.672870681165875,0.0,0,0.02986227243459061,0.136196064,14.19146448395054,0.11619869088627455,0,0,0,79,3922243,South Africa,Round of 16
0.136196064,2.0,0.0,81.0,68.0,22.0,2.0,14.0,36.0,0.0,0.0,0.8395061728395061,0.6666666666666666,0.0090797376,0.13333333333333333,0.9333333333333333,0.2716049382716049,,58.20283744971245,0.136196064,2,-0.01195977628007594,12,0.0,0.0,0.0,60.0,54.0,20.0,0.0,20.0,42.0,2.0,2.0,0.9,0.5714285714285714,0.0,0.0,1.3333333333333333,0.3333333333333333,1.0,45.34488762177549,0.0,0,0.017581570680204717,0.136196064,12.857949827936956,0.08976441347160502,0,0,0,78,3922243,South Africa,Round of 16
0.136196064,2.0,0.0,87.0,73.0,24.0,2.0,15.0,38.0,0.0,0.0,0.8390804597701149,0.6923076923076923,0.0090797376,0.13333333333333333,1.0,0.27586206896551724,,59.763349060447275,0.136196064,2,-0.01238548934946715,13,0.0,0.0,0.0,63.0,55.0,22.0,0.0,21.0,47.0,2.0,2.0,0.873015873015873,0.5,0.0,0.0,1.4,0.3492063492063492,1.0,44.05466837606425,0.0,0,-0.009402556303922283,0.136196064,15.708680684383026,0.09402154416551722,0,0,0,77,3922243,South Africa,Round of 16
0.136196064,2.0,0.0,90.0,75.0,25.0,2.0,16.0,38.0,0.0,0.0,0.8333333333333334,0.6923076923076923,0.0090797376,0.13333333333333333,1.0666666666666667,0.2777777777777778,,59.00094397156897,0.136196064,2,-0.018132615786248696,14,0.0,0.0,0.0,72.0,64.0,24.0,0.0,21.0,49.0,2.0,2.0,0.8888888888888888,0.5555555555555556,0.0,0.0,1.4,0.3333333333333333,1.0,43.87128022791638,0.0,0,0.006470459569093534,0.136196064,15.129663743652593,0.1292705863111112,0,0,0,76,3922243,South Africa,Round of 16
0.136196064,2.0,0.0,79.0,65.0,23.0,2.0,18.0,37.0,0.0,0.0,0.8227848101265823,0.6923076923076923,0.0090797376,0.13333333333333333,1.2,0.2911392405063291,,58.12906897156897,0.136196064,2,-0.028681138992999733,15,0.005381815,1.0,0.0,78.0,71.0,25.0,1.0,20.0,51.0,2.0,2.0,0.9102564102564102,0.6666666666666666,0.00035878766666666665,0.06666666666666667,1.3333333333333333,0.32051282051282054,1.0,45.94889927553543,0.005381815,1,0.027837980936614937,0.130814249,12.180169696033538,0.24191447370632901,0,0,0,75,3922243,South Africa,Round of 16
0.136196064,2.0,0.0,69.0,56.0,21.0,2.0,17.0,34.0,0.0,0.0,0.8115942028985508,0.6666666666666666,0.0090797376,0.13333333333333333,1.1333333333333333,0.30434782608695654,,54.89615230490231,0.136196064,2,-0.03987174622103129,16,0.005381815,1.0,0.0,74.0,66.0,23.0,1.0,18.0,49.0,2.0,2.0,0.8918918918918919,0.6666666666666666,0.00035878766666666665,0.06666666666666667,1.2,0.3108108108108108,1.0,50.89591681939508,0.005381815,1,0.00947346257209658,0.130814249,4.0002354855072255,0.2884563926202899,0,0,0,74,3922243,South Africa,Round of 16
0.136196064,2.0,0.0,67.0,54.0,20.0,2.0,17.0,34.0,0.0,0.0,0.8059701492537313,0.6666666666666666,0.0090797376,0.13333333333333333,1.1333333333333333,0.29850746268656714,,53.48948563823564,0.136196064,2,-0.04549579986585073,17,0.005381815,1.0,0.0,66.0,59.0,21.0,1.0,18.0,49.0,2.0,2.0,0.8939393939393939,0.6666666666666666,0.00035878766666666665,0.06666666666666667,1.2,0.3181818181818182,1.0,55.7205545005545,0.005381815,1,0.011520964619598617,0.130814249,-2.231068862318857,0.2826160292199005,0,0,0,73,3922243,South Africa,Round of 16
0.136196064,2.0,0.0,59.0,48.0,17.0,2.0,12.0,27.0,0.0,0.0,0.8135593220338984,0.6666666666666666,0.0090797376,0.13333333333333333,0.8,0.288135593220339,,49.33323563823564,0.136196064,2,-0.03790662708568371,18,0.005381815,1.0,0.0,58.0,51.0,18.0,1.0,13.0,37.0,2.0,2.0,0.8793103448275862,0.4,0.00035878766666666665,0.06666666666666667,0.8666666666666667,0.3103448275862069,1.0,61.75888783388783,0.005381815,1,-0.0031080844922091178,0.130814249,-12.42565219565219,0.27224415975367233,0,0,0,72,3922243,South Africa,Round of 16
0.136196064,2.0,0.0,73.0,60.0,21.0,2.0,11.0,32.0,0.0,0.0,0.821917808219178,0.7,0.0090797376,0.13333333333333333,0.7333333333333333,0.2876712328767123,,51.04223563823564,0.136196064,2,-0.02954814090040403,19,0.005381815,1.0,0.0,50.0,43.0,16.0,1.0,16.0,34.0,2.0,2.0,0.86,0.4,0.00035878766666666665,0.06666666666666667,1.0666666666666667,0.32,1.0,60.46427672277672,0.005381815,1,-0.02241842931979532,0.130814249,-9.422041084541078,0.13844646607671218,0,0,0,71,3922243,South Africa,Round of 16
0.136196064,2.0,0.0,79.0,68.0,20.0,2.0,11.0,33.0,0.0,0.0,0.8607594936708861,0.6363636363636364,0.0090797376,0.13333333333333333,0.7333333333333333,0.25316455696202533,,54.723745510477215,0.136196064,2,0.009293544551304045,20,0.005381815,1.0,0.0,53.0,44.0,16.0,1.0,18.0,32.0,1.0,1.0,0.8301886792452831,0.42857142857142855,0.00035878766666666665,0.06666666666666667,1.2,0.3018867924528302,1.0,57.46982672277672,0.005381815,1,-0.05222975007451225,0.130814249,-2.746081212299508,0.03727312349535861,0,0,0,70,3922243,South Africa,Round of 16
0.136196064,2.0,0.0,72.0,61.0,19.0,2.0,9.0,29.0,0.0,0.0,0.8472222222222222,0.6,0.0090797376,0.13333333333333333,0.6,0.2638888888888889,,55.24529956453127,0.136196064,2,-0.004243726897359856,21,0.005381815,1.0,0.0,51.0,43.0,14.0,1.0,18.0,27.0,1.0,1.0,0.8431372549019608,0.5,0.00035878766666666665,0.06666666666666667,1.2,0.27450980392156865,1.0,53.80019709314709,0.005381815,1,-0.03928117441783452,0.130814249,1.4451024713841818,-0.018669211244444428,0,0,0,69,3922243,South Africa,Round of 16
0.04988494,1.0,0.0,65.0,54.0,16.0,1.0,10.0,28.0,0.0,0.0,0.8307692307692308,0.6,0.003325662666666667,0.06666666666666667,0.6666666666666666,0.24615384615384617,,56.64772380695551,0.136196064,2,-0.02069671835035125,22,0.005381815,1.0,0.0,66.0,58.0,18.0,1.0,17.0,29.0,1.0,1.0,0.8787878787878788,0.5714285714285714,0.00035878766666666665,0.06666666666666667,1.1333333333333333,0.2727272727272727,1.0,54.37534524129524,0.005381815,1,-0.003630550531916521,0.044503125000000004,2.2723785656602686,0.018754262820512735,0,0,0,68,3922243,South Africa,Round of 16
0.04988494,1.0,0.0,61.0,53.0,16.0,1.0,11.0,26.0,0.0,0.0,0.8688524590163934,0.75,0.003325662666666667,0.06666666666666667,0.7333333333333333,0.26229508196721313,,53.13105714028884,0.136196064,2,0.017386509896811342,23,0.005381815,1.0,0.0,79.0,70.0,20.0,1.0,16.0,29.0,1.0,1.0,0.8860759493670886,0.5714285714285714,0.00035878766666666665,0.06666666666666667,1.0666666666666667,0.25316455696202533,1.0,57.415520679891735,0.005381815,1,0.00365752004729325,0.044503125000000004,-4.284463539602896,0.1015621653005464,0,0,0,67,3922243,South Africa,Round of 16
0.04988494,1.0,0.0,73.0,64.0,20.0,1.0,10.0,36.0,0.0,0.0,0.8767123287671232,0.8181818181818182,0.003325662666666667,0.06666666666666667,0.6666666666666666,0.273972602739726,,50.598009521241224,0.136196064,2,0.025246379647541173,24,0.005381815,1.0,0.0,75.0,66.0,19.0,1.0,21.0,28.0,1.0,1.0,0.88,0.5714285714285714,0.00035878766666666665,0.06666666666666667,1.4,0.25333333333333335,1.0,58.930239294610345,0.005381815,1,-0.002418429319795301,0.044503125000000004,-8.332229773369122,-0.08676031392694072,0,0,0,66,3922243,South Africa,Round of 16
0.0,0.0,0.0,71.0,61.0,20.0,0.0,10.0,33.0,0.0,0.0,0.8591549295774648,0.7272727272727273,0.0,0.0,0.6666666666666666,0.28169014084507044,,52.252881316113026,0.136196064,2,0.007688980457882688,25,0.005381815,1.0,0.0,77.0,69.0,20.0,1.0,19.0,28.0,1.0,1.0,0.8961038961038961,0.6666666666666666,0.00035878766666666665,0.06666666666666667,1.2666666666666666,0.2597402597402597,1.0,57.434252452505085,0.005381815,1,0.013685466784100764,-0.005381815,-5.181371136392059,-0.01902743448826294,0,0,0,65,3922243,South Africa,Round of 16
0.0,0.0,0.0,70.0,61.0,20.0,0.0,14.0,33.0,0.0,0.0,0.8714285714285714,0.7272727272727273,0.0,0.0,0.9333333333333333,0.2857142857142857,,48.83454798277969,0.136196064,2,0.019962622308989375,26,0.005381815,1.0,0.0,83.0,75.0,22.0,1.0,19.0,36.0,1.0,1.0,0.9036144578313253,0.8,0.00035878766666666665,0.06666666666666667,1.2666666666666666,0.26506024096385544,1.0,58.371061625314255,0.005381815,1,0.02119602851153002,-0.005381815,-9.536513642534565,0.11833004371428568,0,0,0,64,3922243,South Africa,Round of 16
0.0,0.0,0.0,59.0,51.0,17.0,0.0,15.0,35.0,0.0,0.0,0.864406779661017,0.7272727272727273,0.0,0.0,1.0,0.288135593220339,,49.10281625104796,0.136196064,2,0.012940830541434911,27,0.005381815,1.0,0.0,90.0,82.0,24.0,1.0,20.0,40.0,1.0,1.0,0.9111111111111111,0.8181818181818182,0.00035878766666666665,0.06666666666666667,1.3333333333333333,0.26666666666666666,1.0,58.59731830980624,0.005381815,1,0.02869268179131579,-0.005381815,-9.494502058758279,0.12075135122033898,0,0,0,63,3922243,South Africa,Round of 16
0.0,0.0,0.0,57.0,50.0,15.0,0.0,14.0,36.0,0.0,0.0,0.8771929824561403,0.7,0.0,0.0,0.9333333333333333,0.2631578947368421,,46.17179061002231,0.136196064,2,0.025727033336558236,28,0.005381815,1.0,0.0,88.0,81.0,23.0,1.0,21.0,35.0,1.0,1.0,0.9204545454545454,0.9,0.00035878766666666665,0.06666666666666667,1.4,0.26136363636363635,1.0,61.84919709768503,0.005381815,1,0.03803611613475011,-0.005381815,-15.677406487662715,0.029106986070175478,0,0,0,62,3922243,South Africa,Round of 16
0.0,0.0,0.0,54.0,48.0,14.0,0.0,13.0,36.0,0.0,0.0,0.8888888888888888,0.7,0.0,0.0,0.8666666666666667,0.25925925925925924,,45.35561345384516,0.136196064,2,0.03742293976930677,29,0.005381815,1.0,0.0,79.0,72.0,21.0,1.0,21.0,33.0,1.0,1.0,0.9113924050632911,0.8888888888888888,0.00035878766666666665,0.06666666666666667,1.4,0.26582278481012656,1.0,64.16627402076195,0.005381815,1,0.028973975743495806,-0.005381815,-18.810660566916788,-0.008124982740740694,0,0,0,61,3922243,South Africa,Round of 16
0.0,0.0,0.0,54.0,48.0,14.0,0.0,10.0,36.0,0.0,0.0,0.8888888888888888,0.7,0.0,0.0,0.6666666666666666,0.25925925925925924,,45.64958781281952,0.136196064,2,0.03742293976930677,30,0.0,0.0,0.0,70.0,63.0,18.0,0.0,21.0,29.0,1.0,1.0,0.9,0.875,0.0,0.0,1.4,0.2571428571428571,1.0,65.07265497314289,0.005381815,1,0.017581570680204717,0.0,-19.42306716032337,-0.1074074074074074,0,0,0,60,3922243,South Africa,Round of 16
0.0,0.0,0.0,59.0,52.0,16.0,0.0,10.0,37.0,0.0,0.0,0.8813559322033898,0.6363636363636364,0.0,0.0,0.6666666666666666,0.2711864406779661,,49.881382684614394,0.136196064,2,0.029889983083807747,31,0.0,0.0,0.0,69.0,63.0,18.0,0.0,22.0,29.0,1.0,1.0,0.9130434782608695,0.875,0.0,0.0,1.4666666666666666,0.2608695652173913,1.0,59.039321639809565,0.005381815,1,0.030625048941074207,0.0,-9.15793895519517,-0.12881355932203387,0,0,0,59,3922243,South Africa,Round of 16
0.0,0.0,0.0,61.0,53.0,17.0,0.0,10.0,39.0,0.0,0.0,0.8688524590163934,0.5833333333333334,0.0,0.0,0.6666666666666666,0.2786885245901639,,51.88519220842391,0.136196064,2,0.017386509896811342,32,0.0,0.0,0.0,73.0,66.0,21.0,0.0,23.0,29.0,1.0,1.0,0.9041095890410958,0.875,0.0,0.0,1.5333333333333334,0.2876712328767123,1.0,55.16598830647623,0.005381815,1,0.021691159721300535,0.0,-3.2807960980523205,-0.15464480874316944,0,0,0,58,3922243,South Africa,Round of 16
0.0,0.0,0.0,66.0,58.0,19.0,0.0,12.0,40.0,0.0,0.0,0.8787878787878788,0.5833333333333334,0.0,0.0,0.8,0.2878787878787879,,54.04334035657207,0.136196064,2,0.02732192966829672,33,0.0,0.0,0.0,79.0,72.0,22.0,0.0,23.0,33.0,1.0,1.0,0.9113924050632911,0.7777777777777778,0.0,0.0,1.5333333333333334,0.27848101265822783,1.0,51.56339571388364,0.005381815,1,0.028973975743495806,0.0,2.47994464268843,-0.07878787878787874,0,0,0,57,3922243,South Africa,Round of 16
0.0,0.0,0.0,53.0,46.0,15.0,0.0,15.0,36.0,0.0,0.0,0.8679245283018868,0.5,0.0,0.0,1.0,0.2830188679245283,,55.36100702323873,0.136196064,2,0.016458579182304756,34,0.0,0.0,0.0,87.0,80.0,23.0,0.0,21.0,38.0,1.0,1.0,0.9195402298850575,0.8181818181818182,0.0,0.0,1.4,0.26436781609195403,1.0,52.53657520106313,0.005381815,1,0.03712180056526215,0.0,2.8244318221755975,0.08301886792452828,0,0,0,56,3922243,South Africa,Round of 16
0.0,0.0,0.0,40.0,35.0,14.0,0.0,13.0,31.0,0.0,0.0,0.875,0.5555555555555556,0.0,0.0,0.8666666666666667,0.35,,52.24425905575905,0.136196064,2,0.023534050880417934,35,0.0,0.0,0.0,84.0,78.0,22.0,0.0,17.0,33.0,1.0,1.0,0.9285714285714286,0.8888888888888888,0.0,0.0,1.1333333333333333,0.2619047619047619,1.0,55.29977520106313,0.005381815,1,0.0461529992516333,0.0,-3.0555161453040753,0.21666666666666667,0,0,0,55,3922243,South Africa,Round of 16
0.0,0.0,0.0,47.0,41.0,16.0,0.0,13.0,33.0,0.0,0.0,0.8723404255319149,0.5,0.0,0.0,0.8666666666666667,0.3404255319148936,,52.04842572242572,0.136196064,2,0.020874476412332865,36,0.0,0.0,0.0,86.0,78.0,24.0,0.0,16.0,33.0,1.0,1.0,0.9069767441860465,0.8888888888888888,0.0,0.0,1.0666666666666667,0.27906976744186046,1.0,57.956071497359424,0.005381815,1,0.024558314866251152,0.0,-5.907645774933705,0.2404255319148937,0,0,0,54,3922243,South Africa,Round of 16
0.0,0.0,0.0,56.0,49.0,19.0,0.0,12.0,33.0,0.0,0.0,0.875,0.5,0.0,0.0,0.8,0.3392857142857143,,51.58084996484997,0.136196064,2,0.023534050880417934,37,0.0,0.0,0.0,75.0,66.0,23.0,0.0,17.0,31.0,1.0,1.0,0.88,0.875,0.0,0.0,1.1333333333333333,0.30666666666666664,1.0,57.315923349211275,0.005381815,1,-0.002418429319795301,0.0,-5.735073384361307,0.17261904761904767,0,0,0,53,3922243,South Africa,Round of 16
0.0,0.0,0.0,57.0,50.0,20.0,0.0,14.0,35.0,0.0,0.0,0.8771929824561403,0.5,0.0,0.0,0.9333333333333333,0.3508771929824561,,50.30501663151664,0.136196064,2,0.025727033336558236,38,0.0,0.0,0.0,66.0,57.0,22.0,0.0,17.0,36.0,1.0,1.0,0.8636363636363636,0.8,0.0,0.0,1.1333333333333333,0.3333333333333333,1.0,58.86952568839256,0.005381815,1,-0.01878206568343166,0.0,-8.56450905687592,0.25087719298245614,0,0,0,52,3922243,South Africa,Round of 16
0.0,0.0,0.0,50.0,42.0,18.0,0.0,15.0,27.0,0.0,0.0,0.84,0.25,0.0,0.0,1.0,0.36,,50.222230917230924,0.136196064,2,-0.011465949119582097,39,0.0,0.0,0.0,77.0,68.0,24.0,0.0,13.0,39.0,1.0,1.0,0.8831168831168831,0.8181818181818182,0.0,0.0,0.8666666666666667,0.3116883116883117,1.0,58.28630439987716,0.005381815,1,0.0006984537970877724,0.0,-8.064073482646236,0.42666666666666664,0,0,0,51,3922243,South Africa,Round of 16
0.0,0.0,0.0,62.0,55.0,18.0,0.0,14.0,29.0,0.0,0.0,0.8870967741935484,0.4444444444444444,0.0,0.0,0.9333333333333333,0.2903225806451613,,47.24162268825059,0.136196064,2,0.03563082507396631,40,0.0,0.0,0.0,76.0,67.0,25.0,0.0,14.0,34.0,0.0,0.0,0.881578947368421,0.8181818181818182,0.0,0.0,0.9333333333333333,0.32894736842105265,,60.92148568642686,0.005381815,1,-0.0008394819513742879,0.0,-13.679862998176276,0.29032258064516137,0,0,0,50,3922243,South Africa,Round of 16
0.0,0.0,0.0,67.0,60.0,21.0,0.0,13.0,36.0,0.0,0.0,0.8955223880597015,0.5,0.0,0.0,0.8666666666666667,0.31343283582089554,,47.52086511249301,0.136196064,2,0.04405643894011946,41,0.0,0.0,0.0,58.0,49.0,21.0,0.0,18.0,30.0,1.0,0.0,0.8448275862068966,0.75,0.0,0.0,1.2,0.3620689655172414,0.0,61.50718265612384,0.005381815,1,-0.03759084311289873,0.0,-13.986317543630825,0.1467661691542289,0,0,0,49,3922243,South Africa,Round of 16
0.0,0.0,0.0,77.0,69.0,22.0,0.0,12.0,36.0,1.0,1.0,0.8961038961038961,0.5,0.0,0.0,0.8,0.2857142857142857,1.0,47.57439864602655,0.136196064,2,0.044637946984314,42,0.0,0.0,0.0,51.0,42.0,19.0,0.0,19.0,26.0,1.0,0.0,0.8235294117647058,0.7142857142857143,0.0,0.0,1.2666666666666666,0.37254901960784315,0.0,60.21754213324801,0.005381815,1,-0.05888901755508946,0.0,-12.643143487221458,0.05238095238095242,0,0,0,48,3922243,South Africa,Round of 16
0.0,0.0,0.0,82.0,73.0,29.0,1.0,15.0,40.0,1.0,1.0,0.8902439024390244,0.5833333333333334,0.0,0.0,1.0,0.35365853658536583,1.0,48.73843503974037,0.136196064,2,0.03877795331944234,43,0.0,0.0,0.0,56.0,47.0,22.0,0.0,21.0,31.0,2.0,0.0,0.8392857142857143,0.7142857142857143,0.0,0.0,1.4,0.39285714285714285,0.0,58.69235165705754,0.005381815,1,-0.043132715034081004,0.0,-9.953916617317176,0.15365853658536588,0,0,0,47,3922243,South Africa,Round of 16
0.15823859,1.0,0.0,82.0,73.0,29.0,1.0,15.0,40.0,1.0,1.0,0.8902439024390244,0.5833333333333334,0.010549239333333333,0.06666666666666667,1.0,0.35365853658536583,1.0,53.98612734743268,0.294434654,3,0.03877795331944234,44,0.0,0.0,0.0,61.0,52.0,24.0,0.0,22.0,31.0,2.0,0.0,0.8524590163934426,0.7142857142857143,0.0,0.0,1.4666666666666666,0.39344262295081966,0.0,55.766446895152775,0.005381815,1,-0.029959412926352735,0.15823859,-1.7803195477200973,0.14142368191869925,0,0,0,46,3922243,South Africa,Round of 16
0.23065338000000002,2.0,0.0,85.0,76.0,30.0,2.0,18.0,45.0,1.0,1.0,0.8941176470588236,0.6153846153846154,0.015376892000000001,0.13333333333333333,1.2,0.35294117647058826,1.0,55.58283926296812,0.366849444,4,0.042651697939241506,45,0.0,0.0,0.0,75.0,66.0,27.0,0.0,23.0,37.0,3.0,0.0,0.88,0.75,0.0,0.0,1.5333333333333334,0.36,0.0,53.87918763589352,0.005381815,1,-0.002418429319795301,0.23065338000000002,1.7036516270745992,0.21702829380392152,0,0,0,45,3922243,South Africa,Round of 16
0.23065338000000002,2.0,0.0,108.0,97.0,34.0,2.0,20.0,62.0,3.0,1.0,0.8981481481481481,0.7058823529411765,0.015376892000000001,0.13333333333333333,1.3333333333333333,0.3148148148148148,0.3333333333333333,54.676551637550055,0.366849444,4,0.046682199028566074,46,0.0,0.0,0.0,80.0,69.0,28.0,0.0,32.0,45.0,3.0,0.0,0.8625,0.6666666666666666,0.0,0.0,2.1333333333333333,0.35,0.0,55.64125660141076,0.005381815,1,-0.01991842931979526,0.23065338000000002,-0.9647049638607044,-0.05443140118518519,0,0,0,44,3922243,South Africa,Round of 16
0.33840171,3.0,0.0,118.0,107.0,35.0,3.0,29.0,70.0,3.0,1.0,0.9067796610169492,0.7368421052631579,0.022560114000000003,0.2,1.9333333333333333,0.2966101694915254,0.3333333333333333,57.29047544707387,0.47459777400000003,5,0.05531371189736711,47,0.0,0.0,0.0,83.0,71.0,28.0,0.0,37.0,59.0,5.0,2.0,0.8554216867469879,0.6923076923076923,0.0,0.0,2.466666666666667,0.3373493975903614,0.4,54.309099738665665,0.005381815,1,-0.026996742572807375,0.33840171,2.9813757084082013,0.07506373082485873,0,0,0,43,3922243,South Africa,Round of 16
0.33840171,3.0,0.0,120.0,109.0,35.0,3.0,40.0,79.0,3.0,1.0,0.9083333333333333,0.7619047619047619,0.022560114000000003,0.2,2.6666666666666665,0.2916666666666667,0.3333333333333333,58.41629555289398,0.47459777400000003,5,0.05686738421375126,48,0.0,0.0,0.0,99.0,87.0,28.0,0.0,42.0,81.0,5.0,2.0,0.8787878787878788,0.7777777777777778,0.0,0.0,2.8,0.2828282828282828,0.4,54.69055411987615,0.005381815,1,-0.003630550531916521,0.33840171,3.7257414330178307,0.27012022800000013,0,0,0,42,3922243,South Africa,Round of 16
0.33840171,3.0,0.0,119.0,109.0,35.0,3.0,41.0,89.0,6.0,3.0,0.9159663865546218,0.8,0.022560114000000003,0.2,2.7333333333333334,0.29411764705882354,0.5,56.54085695640275,0.47459777400000003,5,0.06450043743503975,49,0.006272342,1.0,0.0,96.0,84.0,28.0,1.0,44.0,90.0,5.0,2.0,0.875,0.7777777777777778,0.00041815613333333335,0.06666666666666667,2.933333333333333,0.2916666666666667,0.4,55.2937786731007,0.011654157,2,-0.0074184293197953055,0.33212936800000004,1.2470782833020522,0.23840156279215696,0,0,0,41,3922243,South Africa,Round of 16
0.33840171,3.0,0.0,118.0,108.0,34.0,3.0,41.0,84.0,6.0,3.0,0.9152542372881356,0.7894736842105263,0.022560114000000003,0.2,2.7333333333333334,0.288135593220339,0.5,57.892085026578194,0.47459777400000003,5,0.06378828816855353,50,0.006272342,1.0,0.0,94.0,83.0,27.0,1.0,42.0,90.0,5.0,2.0,0.8829787234042553,0.7777777777777778,0.00041815613333333335,0.06666666666666667,2.8,0.2872340425531915,0.4,53.594182713504736,0.011654157,2,0.0005602940844600113,0.33212936800000004,4.2979023130734575,0.2990861756203391,0,0,0,40,3922243,South Africa,Round of 16
0.33840171,3.0,0.0,106.0,97.0,31.0,3.0,41.0,81.0,6.0,3.0,0.9150943396226415,0.8333333333333334,0.022560114000000003,0.2,2.7333333333333334,0.29245283018867924,0.5,57.438313096753625,0.47459777400000003,5,0.06362839050305946,51,0.006272342,1.0,0.0,97.0,88.0,26.0,1.0,41.0,90.0,5.0,2.0,0.9072164948453608,0.7777777777777778,0.00041815613333333335,0.06666666666666667,2.7333333333333334,0.26804123711340205,0.4,53.282672741994766,0.011654157,2,0.024798065525565516,0.33212936800000004,4.155640354758859,0.3367367459220125,0,0,0,39,3922243,South Africa,Round of 16
0.33840171,3.0,0.0,99.0,90.0,29.0,3.0,45.0,82.0,6.0,3.0,0.9090909090909091,0.8333333333333334,0.022560114000000003,0.2,3.0,0.29292929292929293,0.5,56.2749797634203,0.47459777400000003,5,0.057624959971326994,52,0.006272342,1.0,0.0,111.0,103.0,26.0,1.0,41.0,99.0,5.0,2.0,0.9279279279279279,0.8095238095238095,0.00041815613333333335,0.06666666666666667,2.7333333333333334,0.23423423423423423,0.4,55.30748755680958,0.011654157,2,0.04550949860813258,0.33212936800000004,0.9674922066107143,0.4705465419959596,0,0,0,38,3922243,South Africa,Round of 16
0.33840171,3.0,0.0,105.0,95.0,32.0,3.0,43.0,80.0,6.0,3.0,0.9047619047619048,0.8333333333333334,0.022560114000000003,0.2,2.8666666666666667,0.3047619047619048,0.5,55.976891528126174,0.47459777400000003,5,0.0532959556423227,53,0.006272342,1.0,0.0,116.0,107.0,28.0,1.0,41.0,93.0,5.0,2.0,0.9224137931034483,0.8421052631578947,0.00041815613333333335,0.06666666666666667,2.7333333333333334,0.2413793103448276,0.4,54.72111718643921,0.011654157,2,0.03999536378365298,0.33212936800000004,1.2557743416869656,0.4157124871619049,0,0,0,37,3922243,South Africa,Round of 16
0.33840171,3.0,0.0,104.0,95.0,31.0,3.0,44.0,81.0,6.0,3.0,0.9134615384615384,0.8888888888888888,0.022560114000000003,0.2,2.933333333333333,0.2980769230769231,0.5,56.432947083681725,0.47459777400000003,5,0.06199558934195637,54,0.006272342,1.0,0.0,108.0,99.0,28.0,1.0,41.0,94.0,5.0,2.0,0.9166666666666666,0.8421052631578947,0.00041815613333333335,0.06666666666666667,2.7333333333333334,0.25925925925925924,0.4,53.6326501632663,0.011654157,2,0.034248237346871324,0.33212936800000004,2.800296920415427,0.44236083881025645,0,0,0,36,3922243,South Africa,Round of 16
0.33840171,3.0,0.0,94.0,84.0,31.0,3.0,46.0,77.0,6.0,3.0,0.8936170212765957,0.875,0.022560114000000003,0.2,3.066666666666667,0.32978723404255317,0.5,55.04743351779026,0.47459777400000003,5,0.042151072157013636,55,0.006272342,1.0,0.0,119.0,109.0,30.0,1.0,39.0,99.0,5.0,2.0,0.9159663865546218,0.8571428571428571,0.00041815613333333335,0.06666666666666667,2.6,0.25210084033613445,0.4,53.70586425540723,0.011654157,2,0.03354795723482651,0.33212936800000004,1.3415692623830324,0.60740448310922,0,0,0,35,3922243,South Africa,Round of 16
0.33840171,3.0,0.0,89.0,79.0,28.0,3.0,46.0,70.0,6.0,3.0,0.8876404494382022,0.8666666666666667,0.022560114000000003,0.2,3.066666666666667,0.3146067415730337,0.5,51.90319109354784,0.47459777400000003,5,0.03617450031862013,56,0.17394542200000002,2.0,1.0,120.0,110.0,30.0,1.0,35.0,99.0,4.0,2.0,0.9166666666666666,0.8636363636363636,0.011596361466666668,0.13333333333333333,2.3333333333333335,0.25,0.5,55.915830585373556,0.179327237,3,0.034248237346871324,0.164456288,-4.012639491825716,0.703200913306367,0,1,-1,34,3922243,South Africa,Round of 16
0.33840171,3.0,0.0,84.0,75.0,28.0,3.0,46.0,74.0,6.0,3.0,0.8928571428571429,0.8571428571428571,0.022560114000000003,0.2,3.066666666666667,0.3333333333333333,0.5,53.28948920984595,0.47459777400000003,5,0.04139119373756084,57,0.173945422,2.0,1.0,117.0,108.0,29.0,1.0,35.0,99.0,4.0,2.0,0.9230769230769231,0.8636363636363636,0.011596361466666667,0.13333333333333333,2.3333333333333335,0.24786324786324787,0.5,56.00360836315133,0.179327237,3,0.04065849375712782,0.16445628800000003,-2.714119153305383,0.7219275050666667,0,1,-1,33,3922243,South Africa,Round of 16
0.438125472,5.0,0.0,77.0,69.0,22.0,3.0,44.0,70.0,7.0,4.0,0.8961038961038961,0.8333333333333334,0.0292083648,0.3333333333333333,2.933333333333333,0.2857142857142857,0.5714285714285714,55.03743083811016,0.574321536,7,0.044637946984314,58,0.173945422,2.0,1.0,114.0,105.0,27.0,1.0,32.0,97.0,3.0,2.0,0.9210526315789473,0.8260869565217391,0.011596361466666667,0.13333333333333333,2.1333333333333333,0.23684210526315788,0.6666666666666666,54.0422347367777,0.179327237,3,0.03863420225915204,0.26418005,0.9951961013324606,0.7209382923809522,0,1,-1,32,3922243,South Africa,Round of 16
0.279886882,4.0,0.0,81.0,72.0,23.0,3.0,44.0,72.0,7.0,4.0,0.8888888888888888,0.7692307692307693,0.018659125466666666,0.26666666666666666,2.933333333333333,0.2839506172839506,0.5714285714285714,53.512815453494774,0.574321536,7,0.03742293976930677,59,0.173945422,2.0,1.0,112.0,101.0,27.0,1.0,31.0,100.0,3.0,2.0,0.9017857142857143,0.7916666666666666,0.011596361466666667,0.13333333333333333,2.066666666666667,0.24107142857142858,0.6666666666666666,54.36330616534914,0.179327237,3,0.019367284965918996,0.10594146000000002,-0.8504907118543628,0.7314094786172838,0,1,-1,31,3922243,South Africa,Round of 16
0.207472092,3.0,0.0,86.0,76.0,24.0,2.0,43.0,70.0,7.0,4.0,0.8837209302325582,0.75,0.0138314728,0.2,2.8666666666666667,0.27906976744186046,0.5714285714285714,55.18462917898497,0.574321536,7,0.03225498111297609,60,0.173945422,2.0,1.0,101.0,89.0,25.0,1.0,31.0,98.0,2.0,2.0,0.8811881188118812,0.75,0.011596361466666667,0.13333333333333333,2.066666666666667,0.24752475247524752,1.0,52.979343202386175,0.179327237,3,-0.001230310507914112,0.03352667000000001,2.2052859765987947,0.6835399901085271,0,1,-1,30,3922243,South Africa,Round of 16
0.207472092,3.0,0.0,70.0,61.0,24.0,2.0,43.0,57.0,5.0,4.0,0.8714285714285714,0.7777777777777778,0.0138314728,0.2,2.8666666666666667,0.34285714285714286,0.8,56.86403421330991,0.574321536,7,0.019962622308989375,61,0.173945422,2.0,1.0,101.0,90.0,26.0,1.0,24.0,97.0,2.0,2.0,0.8910891089108911,0.8,0.011596361466666667,0.13333333333333333,1.6,0.25742574257425743,1.0,52.563637873232565,0.179327237,3,0.008670679591095798,0.03352667000000001,4.3003963400773415,0.9806606988571429,0,1,-1,29,3922243,South Africa,Round of 16
0.09972376200000001,2.0,0.0,72.0,60.0,24.0,1.0,36.0,53.0,5.0,4.0,0.8333333333333334,0.7777777777777778,0.006648250800000001,0.13333333333333333,2.4,0.3333333333333333,0.8,57.949035922711616,0.574321536,7,-0.018132615786248696,62,0.173945422,2.0,1.0,98.0,88.0,24.0,1.0,21.0,88.0,0.0,0.0,0.8979591836734694,0.7727272727272727,0.011596361466666667,0.13333333333333333,1.4,0.24489795918367346,,51.95912806931099,0.179327237,3,0.01554075435367408,-0.07422165999999998,5.989907853400624,0.8234371120000001,0,1,-1,28,3922243,South Africa,Round of 16
0.09972376200000001,2.0,0.0,65.0,53.0,22.0,1.0,23.0,43.0,5.0,4.0,0.8153846153846154,0.7142857142857143,0.006648250800000001,0.13333333333333333,1.5333333333333334,0.3384615384615385,0.8,60.287802711478406,0.574321536,7,-0.03608133373496669,63,0.173945422,2.0,1.0,75.0,66.0,23.0,1.0,16.0,62.0,0.0,0.0,0.88,0.75,0.011596361466666667,0.13333333333333333,1.0666666666666667,0.30666666666666664,,49.370266280693116,0.179327237,3,-0.002418429319795301,-0.07422165999999998,10.91753643078529,0.5618986504615385,0,1,-1,27,3922243,South Africa,Round of 16
0.09972376200000001,2.0,0.0,65.0,53.0,22.0,1.0,19.0,32.0,2.0,2.0,0.8153846153846154,0.7142857142857143,0.006648250800000001,0.13333333333333333,1.2666666666666666,0.3384615384615385,1.0,62.82597635070468,0.574321536,7,-0.03608133373496669,64,0.16767307999999997,1.0,1.0,70.0,61.0,22.0,0.0,13.0,48.0,0.0,0.0,0.8714285714285714,0.7142857142857143,0.011178205333333332,0.06666666666666667,0.8666666666666667,0.3142857142857143,,47.45319557362241,0.179327237,3,-0.010989857891223864,-0.06794931799999997,15.37278077708227,0.5294016293948718,0,1,-1,26,3922243,South Africa,Round of 16
0.09972376200000001,2.0,0.0,75.0,63.0,24.0,1.0,20.0,32.0,2.0,2.0,0.84,0.7142857142857143,0.006648250800000001,0.13333333333333333,1.3333333333333333,0.32,1.0,63.100462566243536,0.574321536,7,-0.011465949119582097,65,0.16767307999999997,1.0,1.0,74.0,64.0,23.0,0.0,13.0,50.0,0.0,0.0,0.8648648648648649,0.6666666666666666,0.011178205333333332,0.06666666666666667,0.8666666666666667,0.3108108108108108,,47.63279153321836,0.179327237,3,-0.017553564454930393,-0.06794931799999997,15.467671033025177,0.5442734242666666,0,1,-1,25,3922243,South Africa,Round of 16
0.09972376200000001,2.0,0.0,80.0,66.0,27.0,1.0,21.0,35.0,2.0,2.0,0.825,0.625,0.006648250800000001,0.13333333333333333,1.4,0.3375,1.0,64.41923449606809,0.574321536,7,-0.02646594911958211,66,0.16767307999999997,1.0,1.0,79.0,67.0,26.0,0.0,15.0,55.0,1.0,1.0,0.8481012658227848,0.625,0.011178205333333332,0.06666666666666667,1.0,0.3291139240506329,1.0,48.17218821496798,0.179327237,3,-0.03431716349701053,-0.06794931799999997,16.247046281100104,0.5284400909333333,0,1,-1,24,3922243,South Africa,Round of 16
0.09972376200000001,2.0,0.0,87.0,74.0,29.0,1.0,17.0,35.0,2.0,2.0,0.8505747126436781,0.625,0.006648250800000001,0.13333333333333333,1.1333333333333333,0.3333333333333333,1.0,65.31542136475495,0.574321536,7,-0.0008912364759039448,67,0.16767307999999997,1.0,1.0,67.0,54.0,24.0,0.0,14.0,46.0,1.0,1.0,0.8059701492537313,0.5384615384615384,0.011178205333333332,0.06666666666666667,0.9333333333333333,0.3582089552238806,1.0,47.60526813699528,0.179327237,3,-0.07644828006606397,-0.06794931799999997,17.710153227759676,0.4242734242666666,0,1,-1,23,3922243,South Africa,Round of 16
0.09972376200000001,2.0,0.0,82.0,69.0,26.0,1.0,16.0,37.0,2.0,2.0,0.8414634146341463,0.5555555555555556,0.006648250800000001,0.13333333333333333,1.0666666666666667,0.3170731707317073,1.0,70.50734293338242,0.574321536,7,-0.010002534485435755,68,0.16767307999999997,1.0,1.0,58.0,47.0,21.0,0.0,16.0,44.0,1.0,1.0,0.8103448275862069,0.5384615384615384,0.011178205333333332,0.06666666666666667,1.0666666666666667,0.3620689655172414,1.0,44.0611940629212,0.179327237,3,-0.07207360173358845,-0.06794931799999997,26.446148870461215,0.3080132616650406,0,1,-1,22,3922243,South Africa,Round of 16
0.09972376200000001,2.0,0.0,83.0,69.0,26.0,1.0,16.0,38.0,2.0,2.0,0.8313253012048193,0.5555555555555556,0.006648250800000001,0.13333333333333333,1.0666666666666667,0.3132530120481928,1.0,70.5271207111602,0.574321536,7,-0.020140647914762777,69,0.16767307999999997,1.0,1.0,56.0,44.0,20.0,0.0,17.0,42.0,1.0,1.0,0.7857142857142857,0.5,0.011178205333333332,0.06666666666666667,1.1333333333333333,0.35714285714285715,1.0,44.88740618413332,0.179327237,3,-0.09670414360550961,-0.06794931799999997,25.639714527026875,0.2708597696481927,0,1,-1,21,3922243,South Africa,Round of 16
0.09972376200000001,2.0,0.0,93.0,77.0,28.0,1.0,15.0,44.0,2.0,2.0,0.8279569892473119,0.5833333333333334,0.006648250800000001,0.13333333333333333,1.0,0.3010752688172043,1.0,74.87170404449351,0.574321536,7,-0.023508959872270196,70,0.16767307999999997,1.0,1.0,43.0,31.0,18.0,0.0,21.0,38.0,1.0,1.0,0.7209302325581395,0.4,0.011178205333333332,0.06666666666666667,1.4,0.4186046511627907,1.0,42.16041431421463,0.179327237,3,-0.16148819676165582,-0.06794931799999997,32.711289730278885,0.09201535975053765,0,1,-1,20,3922243,South Africa,Round of 16
0.09972376200000001,2.0,0.0,95.0,77.0,29.0,1.0,12.0,46.0,2.0,2.0,0.8105263157894737,0.5833333333333334,0.006648250800000001,0.13333333333333333,0.8,0.30526315789473685,1.0,76.70837071116019,0.574321536,7,-0.040939633330108416,71,0.0,0.0,0.0,43.0,29.0,19.0,0.0,21.0,34.0,1.0,1.0,0.6744186046511628,0.2222222222222222,0.0,0.0,1.4,0.4418604651162791,1.0,40.030043943844255,0.179327237,3,-0.20799982466863254,0.09972376200000001,36.67832676731593,0.018559659494736924,0,1,-1,19,3922243,South Africa,Round of 16
0.22740983200000003,3.0,0.0,93.0,75.0,28.0,2.0,12.0,41.0,2.0,2.0,0.8064516129032258,0.5833333333333334,0.01516065546666667,0.2,0.8,0.3010752688172043,1.0,76.8051131354026,0.702007606,8,-0.04501433621635631,72,0.0,0.0,0.0,43.0,29.0,19.0,0.0,19.0,34.0,1.0,1.0,0.6744186046511628,0.2222222222222222,0.0,0.0,1.2666666666666666,0.4418604651162791,1.0,38.72004394384426,0.179327237,3,-0.20799982466863254,0.22740983200000003,38.08506919155835,0.09806324641720443,0,1,-1,18,3922243,South Africa,Round of 16
0.12768607,1.0,0.0,99.0,80.0,28.0,1.0,11.0,40.0,1.0,1.0,0.8080808080808081,0.5384615384615384,0.008512404666666668,0.06666666666666667,0.7333333333333333,0.2828282828282828,1.0,77.29310812287129,0.702007606,8,-0.043385141038774,73,0.0,0.0,0.0,40.0,27.0,17.0,0.0,19.0,34.0,1.0,1.0,0.675,0.25,0.0,0.0,1.2666666666666666,0.425,1.0,37.723941379741696,0.179327237,3,-0.20741842931979526,0.12768607,39.56916674312959,0.033186425494949434,0,1,-1,17,3922243,South Africa,Round of 16
0.19724997,2.0,0.0,108.0,90.0,27.0,2.0,11.0,47.0,1.0,1.0,0.8333333333333334,0.6666666666666666,0.013149998,0.13333333333333333,0.7333333333333333,0.25,1.0,76.79037308013625,0.771571506,9,-0.018132615786248696,74,0.0,0.0,0.0,37.0,26.0,15.0,0.0,23.0,32.0,1.0,1.0,0.7027027027027027,0.2857142857142857,0.0,0.0,1.5333333333333334,0.40540540540540543,1.0,36.905885824186136,0.179327237,3,-0.17971572661709256,0.19724997,39.88448725595011,-0.12370000400000014,0,1,-1,16,3922243,South Africa,Round of 16
0.19724997,2.0,0.0,100.0,83.0,25.0,2.0,9.0,44.0,1.0,1.0,0.83,0.6666666666666666,0.013149998,0.13333333333333333,0.6,0.25,1.0,76.74218931945249,0.771571506,9,-0.021465949119582106,75,0.0,0.0,0.0,34.0,24.0,14.0,0.0,22.0,28.0,1.0,1.0,0.7058823529411765,0.3333333333333333,0.0,0.0,1.4666666666666666,0.4117647058823529,1.0,36.75421915751947,0.179327237,3,-0.1765360763786188,0.19724997,39.98797016193302,-0.15703333733333336,0,1,-1,15,3922243,South Africa,Round of 16
0.19724997,2.0,0.0,88.0,73.0,19.0,2.0,7.0,38.0,1.0,1.0,0.8295454545454546,0.6153846153846154,0.013149998,0.13333333333333333,0.4666666666666667,0.2159090909090909,1.0,77.17659327806696,0.771571506,9,-0.02192049457412748,76,0.0,0.0,0.0,29.0,20.0,12.0,0.0,19.0,21.0,1.0,1.0,0.6896551724137931,0.0,0.0,0.0,1.2666666666666666,0.41379310344827586,1.0,35.088966632266946,0.179327237,3,-0.19276325690600216,0.19724997,42.087626645800015,-0.1577909130909091,0,1,-1,14,3922243,South Africa,Round of 16
0.19724997,2.0,0.0,74.0,63.0,17.0,2.0,5.0,32.0,1.0,1.0,0.8513513513513513,0.6,0.013149998,0.13333333333333333,0.3333333333333333,0.22972972972972974,1.0,76.91317447464816,0.771571506,9,-0.00011459776823075085,77,0.0,0.0,0.0,25.0,17.0,11.0,0.0,16.0,16.0,1.0,1.0,0.68,0.0,0.0,0.0,1.0666666666666667,0.44,1.0,34.546744410044724,0.179327237,3,-0.20241842931979526,0.19724997,42.366430064603435,-0.11063694093693688,0,1,-1,13,3922243,South Africa,Round of 16
0.19724997,2.0,0.0,78.0,65.0,20.0,2.0,7.0,37.0,1.0,1.0,0.8333333333333334,0.5454545454545454,0.013149998,0.13333333333333333,0.4666666666666667,0.2564102564102564,1.0,76.35793943191311,0.771571506,9,-0.018132615786248696,78,0.0,0.0,0.0,31.0,20.0,13.0,0.0,16.0,22.0,1.0,1.0,0.6451612903225806,0.2,0.0,0.0,1.0666666666666667,0.41935483870967744,1.0,36.273569806870114,0.179327237,3,-0.23725713899721468,0.19724997,40.084369625042996,-0.017289747589743665,0,1,-1,12,3922243,South Africa,Round of 16
0.19724997,2.0,0.0,83.0,67.0,24.0,2.0,11.0,42.0,1.0,1.0,0.8072289156626506,0.5454545454545454,0.013149998,0.13333333333333333,0.7333333333333333,0.2891566265060241,1.0,74.32537982777457,0.771571506,9,-0.04423703345693142,79,0.0,0.0,0.0,41.0,29.0,17.0,0.0,17.0,32.0,3.0,1.0,0.7073170731707317,0.5,0.0,0.0,1.1333333333333333,0.4146341463414634,0.3333333333333333,37.91533451275247,0.179327237,3,-0.17510135614906364,0.19724997,36.410045315022096,0.11545662250602406,0,1,-1,11,3922243,South Africa,Round of 16
0.58549052,3.0,0.0,76.0,60.0,23.0,3.0,10.0,43.0,1.0,1.0,0.7894736842105263,0.5833333333333334,0.039032701333333336,0.2,0.6666666666666666,0.3026315789473684,1.0,76.90855443094917,1.159812056,10,-0.06199226490905574,80,0.0,0.0,0.0,37.0,26.0,16.0,0.0,18.0,30.0,3.0,1.0,0.7027027027027027,0.5714285714285714,0.0,0.0,1.2,0.43243243243243246,0.3333333333333333,34.62533451275247,0.179327237,3,-0.17971572661709256,0.58549052,42.2832199181967,0.11403031494736837,0,1,-1,10,3922243,South Africa,Round of 16
0.58549052,3.0,0.0,71.0,57.0,20.0,3.0,9.0,40.0,1.0,1.0,0.8028169014084507,0.6363636363636364,0.039032701333333336,0.2,0.6,0.28169014084507044,1.0,78.44744331983807,1.159812056,10,-0.04864904771113132,81,0.0,0.0,0.0,27.0,18.0,12.0,0.0,16.0,25.0,2.0,0.0,0.6666666666666666,0.6666666666666666,0.0,0.0,1.0666666666666667,0.4444444444444444,0.0,32.34670706177208,0.179327237,3,-0.21575176265312868,0.58549052,46.10073625806599,0.12642221017840372,0,1,-1,9,3922243,South Africa,Round of 16
0.58549052,3.0,0.0,62.0,48.0,17.0,3.0,9.0,39.0,1.0,1.0,0.7741935483870968,0.6363636363636364,0.039032701333333336,0.2,0.6,0.27419354838709675,1.0,81.07105443094919,1.159812056,10,-0.07727240073248531,82,0.0,0.0,0.0,21.0,13.0,11.0,0.0,16.0,25.0,2.0,0.0,0.6190476190476191,0.6666666666666666,0.0,0.0,1.0666666666666667,0.5238095238095238,0.0,29.465478991596637,0.179327237,3,-0.26337081027217624,0.58549052,51.60557543935255,0.11892561772043009,0,1,-1,8,3922243,South Africa,Round of 16
0.58549052,3.0,0.0,60.0,47.0,16.0,3.0,9.0,37.0,1.0,1.0,0.7833333333333333,0.7,0.039032701333333336,0.2,0.6,0.26666666666666666,1.0,80.25860998650472,1.159812056,10,-0.06813261578624874,83,0.0,0.0,0.0,21.0,13.0,11.0,0.0,14.0,25.0,2.0,0.0,0.6190476190476191,0.6666666666666666,0.0,0.0,0.9333333333333333,0.5238095238095238,0.0,29.05881232492997,0.179327237,3,-0.26337081027217624,0.58549052,51.19979766157475,0.1780654026666667,0,1,-1,7,3922243,South Africa,Round of 16
1.36899052,4.0,0.0,55.0,44.0,15.0,3.0,7.0,33.0,1.0,1.0,0.8,0.6666666666666666,0.09126603466666668,0.26666666666666666,0.4666666666666667,0.2727272727272727,1.0,83.72860998650472,1.943312056,11,-0.05146594911958202,84,0.0,0.0,0.0,20.0,13.0,10.0,0.0,12.0,23.0,2.0,0.0,0.65,0.6666666666666666,0.0,0.0,0.8,0.5,0.0,26.173812324929973,0.179327237,3,-0.23241842931979528,1.36899052,57.55479766157475,0.2885926753939393,0,1,-1,6,3922243,South Africa,Round of 16
1.36899052,4.0,0.0,44.0,35.0,12.0,3.0,9.0,32.0,1.0,1.0,0.7954545454545454,0.5714285714285714,0.09126603466666668,0.26666666666666666,0.6,0.2727272727272727,1.0,80.50545209176789,1.943312056,11,-0.05601140366503665,85,0.0,0.0,0.0,22.0,14.0,10.0,0.0,9.0,26.0,2.0,0.0,0.6363636363636364,0.6666666666666666,0.0,0.0,0.6,0.45454545454545453,0.0,29.033367880485525,0.179327237,3,-0.24605479295615895,1.36899052,51.472084211282365,0.455259342060606,0,1,-1,5,3922243,South Africa,Round of 16
1.36899052,4.0,0.0,47.0,39.0,13.0,3.0,9.0,32.0,1.0,1.0,0.8297872340425532,0.5714285714285714,0.09126603466666668,0.26666666666666666,0.6,0.2765957446808511,1.0,81.64592828224407,1.943312056,11,-0.0216787150770289,86,0.0,0.0,0.0,20.0,14.0,8.0,0.0,11.0,24.0,2.0,0.0,0.7,0.8,0.0,0.0,0.7333333333333333,0.4,0.0,27.908923436041086,0.179327237,3,-0.18241842931979535,1.36899052,53.737004846202986,0.39246114734751775,0,1,-1,4,3922243,South Africa,Round of 16
1.24130445,3.0,0.0,43.0,34.0,12.0,2.0,9.0,29.0,0.0,0.0,0.7906976744186046,0.5714285714285714,0.08275363,0.2,0.6,0.27906976744186046,,84.31342828224408,1.943312056,11,-0.060768274700977454,87,0.0,0.0,0.0,20.0,14.0,8.0,0.0,10.0,25.0,2.0,0.0,0.7,0.8,0.0,0.0,0.6666666666666666,0.4,0.0,26.993923436041083,0.179327237,3,-0.18241842931979535,1.24130445,57.31950484620299,0.41124369410852707,0,1,-1,3,3922243,South Africa,Round of 16
1.276329775,4.0,0.0,44.0,34.0,14.0,3.0,9.0,31.0,0.0,0.0,0.7727272727272727,0.7142857142857143,0.08508865166666667,0.26666666666666666,0.6,0.3181818181818182,,82.99274178338824,1.978337381,12,-0.07873867639230936,88,0.0,0.0,0.0,22.0,15.0,9.0,0.0,13.0,24.0,2.0,0.0,0.6818181818181818,0.8,0.0,0.0,0.8666666666666667,0.4090909090909091,0.0,29.55836788048553,0.179327237,3,-0.20060024750161354,1.276329775,53.434373902902706,0.3550257881818182,0,1,-1,2,3922243,South Africa,Round of 16
1.206765875,3.0,0.0,42.0,30.0,19.0,2.0,9.0,29.0,0.0,0.0,0.7142857142857143,0.4,0.08045105833333334,0.2,0.6,0.4523809523809524,,82.72420985779748,1.978337381,12,-0.13718023483386776,89,0.0,0.0,0.0,24.0,16.0,10.0,0.0,12.0,25.0,2.0,0.0,0.6666666666666666,0.8,0.0,0.0,0.8,0.4166666666666667,0.0,29.90331737543502,0.179327237,3,-0.21575176265312868,1.206765875,52.82089248236245,0.513283069047619,0,1,-1,1,3922243,South Africa,Round of 16
1.206765875,3.0,0.0,45.0,32.0,20.0,2.0,9.0,32.0,0.0,0.0,0.7111111111111111,0.4,0.08045105833333334,0.2,0.6,0.4444444444444444,,84.09739361848125,1.978337381,12,-0.14035483800847093,90,0.0,0.0,0.0,24.0,16.0,10.0,0.0,13.0,25.0,2.0,0.0,0.6666666666666666,0.8,0.0,0.0,0.8666666666666667,0.4166666666666667,0.0,29.03720626432391,0.179327237,3,-0.21575176265312868,1.206765875,55.060187354157335,0.47201322777777777,0,1,-1,0,3922243,South Africa,Round of 16
1.206765875,3.0,0.0,45.0,32.0,20.0,2.0,10.0,32.0,0.0,0.0,0.7111111111111111,0.4,0.08045105833333334,0.2,0.6666666666666666,0.4444444444444444,,79.97141071249834,1.978337381,12,-0.14035483800847093,91,0.0,0.0,0.0,25.0,17.0,11.0,0.0,13.0,27.0,2.0,0.0,0.68,0.8,0.0,0.0,0.8666666666666667,0.44,0.0,31.929428486546133,0.179327237,3,-0.20241842931979526,1.206765875,48.04198222595221,0.505346561111111,0,1,-1,0,3922243,South Africa,Round of 16
1.206765875,3.0,0.0,45.0,32.0,20.0,2.0,10.0,32.0,0.0,0.0,0.7111111111111111,0.4,0.08045105833333334,0.2,0.6666666666666666,0.4444444444444444,,75.84542780651545,1.978337381,12,-0.14035483800847093,92,0.0,0.0,0.0,25.0,17.0,11.0,0.0,13.0,27.0,2.0,0.0,0.68,0.8,0.0,0.0,0.8666666666666667,0.44,0.0,34.82165070876836,0.179327237,3,-0.20241842931979526,1.206765875,41.023777097747086,0.505346561111111,0,1,-1,0,3922243,South Africa,Round of 16
1.206765875,3.0,0.0,41.0,30.0,17.0,2.0,8.0,27.0,0.0,0.0,0.7317073170731707,0.5,0.08045105833333334,0.2,0.5333333333333333,0.4146341463414634,,72.01126113984877,1.978337381,12,-0.11975863204641135,93,0.0,0.0,0.0,19.0,14.0,9.0,0.0,13.0,21.0,2.0,0.0,0.7368421052631579,1.0,0.0,0.0,0.8666666666666667,0.47368421052631576,0.0,35.44482531194296,0.179327237,3,-0.14557632405663745,1.206765875,36.56643582790581,0.40886959634146347,0,1,-1,0,3922243,South Africa,Round of 16
1.206765875,3.0,0.0,36.0,28.0,13.0,2.0,4.0,22.0,0.0,0.0,0.7777777777777778,0.5,0.08045105833333334,0.2,0.26666666666666666,0.3611111111111111,,68.20775236791894,1.978337381,12,-0.07368817134180428,94,0.011296895,1.0,1.0,9.0,5.0,5.0,0.0,12.0,11.0,0.0,0.0,0.5555555555555556,,0.0007531263333333333,0.06666666666666667,0.8,0.5555555555555556,,38.159727272727274,0.190624132,4,-0.3268628737642397,1.19546898,30.04802509519167,0.2538403084444444,0,2,-2,0,3922243,South Africa,Round of 16
0.818525325,2.0,0.0,36.0,27.0,14.0,1.0,4.0,21.0,0.0,0.0,0.75,0.3333333333333333,0.054568355,0.13333333333333333,0.26666666666666666,0.3888888888888889,,66.92886347903006,1.978337381,12,-0.10146594911958207,95,0.011296895,1.0,1.0,9.0,5.0,5.0,0.0,11.0,12.0,0.0,0.0,0.5555555555555556,,0.0007531263333333333,0.06666666666666667,0.7333333333333333,0.5555555555555556,,37.803060606060605,0.190624132,4,-0.3268628737642397,0.80722843,29.12580287296945,0.2631860128888888,0,2,-2,0,3922243,South Africa,Round of 16
0.818525325,2.0,0.0,41.0,29.0,16.0,1.0,5.0,22.0,0.0,0.0,0.7073170731707317,0.3333333333333333,0.054568355,0.13333333333333333,0.3333333333333333,0.3902439024390244,,66.6008079234745,1.978337381,12,-0.1441488759488504,96,0.011296895,1.0,1.0,9.0,5.0,5.0,0.0,12.0,14.0,0.0,0.0,0.5555555555555556,,0.0007531263333333333,0.06666666666666667,0.8,0.5555555555555556,,37.62139393939394,0.190624132,4,-0.3268628737642397,0.80722843,28.979413984080566,0.26454102643902433,0,2,-2,0,3922243,South Africa,Round of 16
0.818525325,2.0,0.0,43.0,30.0,17.0,1.0,6.0,23.0,0.0,0.0,0.6976744186046512,0.3333333333333333,0.054568355,0.13333333333333333,0.4,0.3953488372093023,,63.38414125680784,1.978337381,12,-0.15379153051493089,97,0.011296895,1.0,1.0,11.0,6.0,6.0,0.0,13.0,16.0,0.0,0.0,0.5454545454545454,,0.0007531263333333333,0.06666666666666667,0.8666666666666667,0.5454545454545454,,40.02972727272728,0.190624132,4,-0.3369638838652499,0.80722843,23.35441398408056,0.2696459612093023,0,2,-2,0,3922243,South Africa,Round of 16
0.818525325,2.0,0.0,50.0,35.0,19.0,1.0,8.0,25.0,0.0,0.0,0.7,0.4,0.054568355,0.13333333333333333,0.5333333333333333,0.38,,62.180807923474504,1.978337381,12,-0.1514659491195821,98,0.011296895,1.0,1.0,19.0,12.0,11.0,0.0,13.0,20.0,0.0,0.0,0.631578947368421,,0.0007531263333333333,0.06666666666666667,0.8666666666666667,0.5789473684210527,,41.46087669801463,0.190624132,4,-0.2508394819513743,0.80722843,20.719931225459874,0.3209637906666667,0,2,-2,0,3922243,South Africa,Round of 16
0.035025325,1.0,0.0,53.0,37.0,21.0,1.0,10.0,27.0,0.0,0.0,0.6981132075471698,0.4,0.002335021666666667,0.06666666666666667,0.6666666666666666,0.39622641509433965,,58.717171559838135,1.978337381,12,-0.1533527415724123,99,0.011296895,1.0,1.0,24.0,16.0,14.0,0.0,13.0,26.0,0.0,0.0,0.6666666666666666,1.0,0.0007531263333333333,0.06666666666666667,0.8666666666666667,0.5833333333333334,,45.21732114245908,0.190624132,4,-0.21575176265312868,0.023728430000000002,13.499850417379058,0.2993902057610063,0,2,-2,0,3922243,South Africa,Round of 16
0.147117585,2.0,0.0,55.0,40.0,22.0,2.0,8.0,23.0,0.0,0.0,0.7272727272727273,0.5,0.009807839,0.13333333333333333,0.5333333333333333,0.4,,61.90032945457498,2.090429641,13,-0.12419322184685477,100,0.011296895,1.0,1.0,24.0,17.0,14.0,0.0,12.0,25.0,0.0,0.0,0.7083333333333334,0.6666666666666666,0.0007531263333333333,0.06666666666666667,0.8,0.5833333333333334,,41.74685649599442,0.190624132,4,-0.17408509598646194,0.13582069,20.153472958580558,0.284776092,0,2,-2,0,3922243,South Africa,Round of 16
0.147117585,2.0,0.0,53.0,39.0,22.0,2.0,8.0,23.0,0.0,0.0,0.7358490566037735,0.5,0.009807839,0.13333333333333333,0.5333333333333333,0.41509433962264153,,61.119853264098786,2.090429641,13,-0.11561689251580853,101,0.061331187,2.0,1.0,25.0,18.0,15.0,1.0,11.0,25.0,0.0,0.0,0.72,0.6666666666666666,0.0040887458,0.13333333333333333,0.7333333333333333,0.6,,42.598285067423,0.240658424,5,-0.16241842931979533,0.08578639799999999,18.521568196675787,0.32653252602264154,0,2,-2,0,3922243,South Africa,Round of 16
0.147117585,2.0,0.0,52.0,39.0,22.0,2.0,8.0,23.0,0.0,0.0,0.75,0.5,0.009807839,0.13333333333333333,0.5333333333333333,0.4230769230769231,,56.84651993076545,2.090429641,13,-0.10146594911958207,102,0.061331187,2.0,1.0,26.0,18.0,16.0,1.0,11.0,24.0,0.0,0.0,0.6923076923076923,0.6666666666666666,0.0040887458,0.13333333333333333,0.7333333333333333,0.6153846153846154,,43.07161840075633,0.240658424,5,-0.19011073701210301,0.08578639799999999,13.774901530009124,0.33451510947692314,0,2,-2,0,3922243,South Africa,Round of 16
0.11209226,1.0,0.0,43.0,32.0,19.0,1.0,8.0,19.0,0.0,0.0,0.7441860465116279,0.3333333333333333,0.007472817333333334,0.06666666666666667,0.5333333333333333,0.4418604651162791,,55.91159239453358,2.090429641,13,-0.10727990260795417,103,0.061331187,2.0,1.0,24.0,17.0,15.0,1.0,7.0,22.0,0.0,0.0,0.7083333333333334,0.6666666666666666,0.0040887458,0.13333333333333333,0.4666666666666667,0.625,,40.75250728964522,0.240658424,5,-0.17408509598646194,0.050761073,15.159085104888355,0.48196194151627897,0,2,-2,0,3922243,South Africa,Round of 16
